# Blender 4.0.2
# www.blender.org
mtllib yellow.mtl
o yellow1
v 0.000000 0.184204 -0.000373
v 0.000000 0.184204 0.370373
v 0.035936 0.180664 -0.000373
v 0.035936 0.180664 0.370373
v 0.070492 0.170182 -0.000373
v 0.070492 0.170182 0.370373
v 0.102338 0.153160 -0.000373
v 0.102338 0.153160 0.370373
v 0.130252 0.130252 -0.000373
v 0.130252 0.130252 0.370373
v 0.153160 0.102338 -0.000373
v 0.153160 0.102338 0.370373
v 0.170182 0.070492 -0.000373
v 0.170182 0.070492 0.370373
v 0.180664 0.035936 -0.000373
v 0.180664 0.035936 0.370373
v 0.184204 0.000000 -0.000373
v 0.184204 -0.000000 0.370373
v 0.180664 -0.035936 -0.000373
v 0.180664 -0.035936 0.370373
v 0.170182 -0.070492 -0.000373
v 0.170182 -0.070492 0.370373
v 0.153160 -0.102338 -0.000373
v 0.153160 -0.102338 0.370373
v 0.130252 -0.130252 -0.000373
v 0.130252 -0.130252 0.370373
v 0.102338 -0.153160 -0.000373
v 0.102338 -0.153160 0.370373
v 0.070492 -0.170182 -0.000373
v 0.070492 -0.170182 0.370373
v 0.035936 -0.180664 -0.000373
v 0.035936 -0.180664 0.370373
v 0.000000 -0.184204 -0.000373
v 0.000000 -0.184204 0.370373
v -0.035936 -0.180664 -0.000373
v -0.035936 -0.180664 0.370373
v -0.070492 -0.170182 -0.000373
v -0.070492 -0.170182 0.370373
v -0.102338 -0.153160 -0.000373
v -0.102338 -0.153160 0.370373
v -0.130252 -0.130252 -0.000373
v -0.130252 -0.130252 0.370373
v -0.153160 -0.102338 -0.000373
v -0.153160 -0.102338 0.370373
v -0.170182 -0.070492 -0.000373
v -0.170182 -0.070492 0.370373
v -0.180664 -0.035936 -0.000373
v -0.180664 -0.035936 0.370373
v -0.184204 0.000000 -0.000373
v -0.184204 -0.000000 0.370373
v -0.180664 0.035936 -0.000373
v -0.180664 0.035936 0.370373
v -0.170182 0.070492 -0.000373
v -0.170182 0.070492 0.370373
v -0.153160 0.102338 -0.000373
v -0.153160 0.102338 0.370373
v -0.130252 0.130252 -0.000373
v -0.130252 0.130252 0.370373
v -0.102338 0.153160 -0.000373
v -0.102338 0.153160 0.370373
v -0.070492 0.170182 -0.000373
v -0.070492 0.170182 0.370373
v -0.035936 0.180664 -0.000373
v -0.035933 0.180646 0.370373
v 0.000000 0.184185 -0.000373
v 0.035933 0.180646 -0.000373
v 0.035933 0.180646 0.370373
v 0.000000 0.184185 0.370373
v 0.070485 0.170165 -0.000373
v 0.070485 0.170165 0.370373
v 0.102328 0.153144 -0.000373
v 0.102328 0.153144 0.370373
v 0.130239 0.130239 -0.000373
v 0.130239 0.130239 0.370373
v 0.153144 0.102328 -0.000373
v 0.153144 0.102328 0.370373
v 0.170165 0.070485 -0.000373
v 0.170165 0.070485 0.370373
v 0.180646 0.035933 -0.000373
v 0.180646 0.035933 0.370373
v 0.184185 0.000000 -0.000373
v 0.184185 -0.000000 0.370373
v 0.180646 -0.035933 -0.000373
v 0.180646 -0.035933 0.370373
v 0.170165 -0.070485 -0.000373
v 0.170165 -0.070485 0.370373
v 0.153144 -0.102328 -0.000373
v 0.153144 -0.102328 0.370373
v 0.130239 -0.130239 -0.000373
v 0.130239 -0.130239 0.370373
v 0.102328 -0.153144 -0.000373
v 0.102328 -0.153144 0.370373
v 0.070485 -0.170165 -0.000373
v 0.070485 -0.170165 0.370373
v 0.035933 -0.180646 -0.000373
v 0.035933 -0.180646 0.370373
v 0.000000 -0.184185 -0.000373
v 0.000000 -0.184185 0.370373
v -0.035933 -0.180646 -0.000373
v -0.035933 -0.180646 0.370373
v -0.070485 -0.170165 -0.000373
v -0.070485 -0.170165 0.370373
v -0.102328 -0.153144 -0.000373
v -0.102328 -0.153144 0.370373
v -0.130239 -0.130239 -0.000373
v -0.130239 -0.130239 0.370373
v -0.153144 -0.102328 -0.000373
v -0.153144 -0.102328 0.370373
v -0.170165 -0.070485 -0.000373
v -0.170165 -0.070485 0.370373
v -0.180646 -0.035933 -0.000373
v -0.180646 -0.035933 0.370373
v -0.184185 0.000000 -0.000373
v -0.184185 -0.000000 0.370373
v -0.180646 0.035933 -0.000373
v -0.180646 0.035933 0.370373
v -0.170165 0.070485 -0.000373
v -0.170165 0.070485 0.370373
v -0.153144 0.102328 -0.000373
v -0.153144 0.102328 0.370373
v -0.130239 0.130239 -0.000373
v -0.130239 0.130239 0.370373
v -0.102328 0.153144 -0.000373
v -0.102328 0.153144 0.370373
v -0.070485 0.170165 -0.000373
v -0.070485 0.170165 0.370373
v -0.035933 0.180646 -0.000373
v -0.035936 0.180664 0.370373
v 0.004520 0.184130 -0.000373
v 0.009037 0.183963 -0.000373
v 0.013549 0.183686 -0.000372
v 0.018053 0.183298 -0.000373
v 0.022546 0.182799 -0.000373
v 0.027026 0.182191 -0.000373
v 0.031489 0.181473 -0.000373
v 0.031489 0.181473 0.370373
v 0.027026 0.182191 0.370373
v 0.022546 0.182799 0.370373
v 0.018053 0.183298 0.370373
v 0.013549 0.183686 0.370373
v 0.009037 0.183963 0.370373
v 0.004520 0.184130 0.370373
v 0.000000 0.184185 0.045971
v 0.000000 0.184185 0.092314
v 0.000000 0.184185 0.138657
v 0.000000 0.184185 0.185000
v 0.000000 0.184185 0.231343
v 0.000000 0.184185 0.277686
v 0.000000 0.184185 0.324029
v 0.035933 0.180646 0.324029
v 0.035933 0.180646 0.277686
v 0.035933 0.180646 0.231343
v 0.035933 0.180646 0.185000
v 0.035933 0.180646 0.138657
v 0.035933 0.180646 0.092314
v 0.035933 0.180646 0.045971
v 0.040355 0.179710 -0.000373
v 0.044753 0.178665 -0.000373
v 0.049124 0.177513 -0.000373
v 0.053466 0.176254 -0.000373
v 0.057775 0.174888 -0.000373
v 0.062050 0.173418 -0.000373
v 0.066287 0.171843 -0.000373
v 0.066287 0.171843 0.370373
v 0.062050 0.173418 0.370373
v 0.057775 0.174888 0.370373
v 0.053466 0.176254 0.370373
v 0.049124 0.177513 0.370373
v 0.044753 0.178665 0.370373
v 0.040355 0.179710 0.370373
v 0.070485 0.170165 0.324029
v 0.070485 0.170165 0.277686
v 0.070485 0.170165 0.231343
v 0.070485 0.170165 0.185000
v 0.070485 0.170165 0.138657
v 0.070485 0.170165 0.092314
v 0.070485 0.170165 0.045971
v 0.074639 0.168384 -0.000373
v 0.078749 0.166501 -0.000373
v 0.082811 0.164518 -0.000373
v 0.086824 0.162436 -0.000373
v 0.090784 0.160257 -0.000373
v 0.094690 0.157981 -0.000373
v 0.098539 0.155609 -0.000373
v 0.098539 0.155609 0.370373
v 0.094690 0.157981 0.370373
v 0.090784 0.160257 0.370373
v 0.086824 0.162436 0.370373
v 0.082811 0.164518 0.370373
v 0.078749 0.166501 0.370373
v 0.074639 0.168384 0.370373
v 0.102328 0.153144 0.324029
v 0.102328 0.153144 0.277686
v 0.102328 0.153144 0.231343
v 0.102328 0.153144 0.185000
v 0.102328 0.153144 0.138657
v 0.102328 0.153144 0.092314
v 0.102328 0.153144 0.045971
v 0.106055 0.150587 -0.000373
v 0.109719 0.147939 -0.000373
v 0.113316 0.145201 -0.000373
v 0.116845 0.142377 -0.000373
v 0.120304 0.139466 -0.000373
v 0.123691 0.136472 -0.000373
v 0.127003 0.133396 -0.000373
v 0.127003 0.133395 0.370373
v 0.123691 0.136472 0.370373
v 0.120304 0.139466 0.370373
v 0.116845 0.142377 0.370373
v 0.113316 0.145201 0.370373
v 0.109719 0.147939 0.370373
v 0.106055 0.150587 0.370373
v 0.130239 0.130239 0.324029
v 0.130239 0.130239 0.277686
v 0.130239 0.130239 0.231343
v 0.130239 0.130239 0.185000
v 0.130239 0.130239 0.138657
v 0.130239 0.130239 0.092314
v 0.130239 0.130239 0.045971
v 0.133396 0.127003 -0.000373
v 0.136472 0.123691 -0.000373
v 0.139466 0.120304 -0.000373
v 0.142377 0.116845 -0.000373
v 0.145201 0.113316 -0.000373
v 0.147939 0.109719 -0.000373
v 0.150587 0.106055 -0.000373
v 0.150587 0.106055 0.370373
v 0.147939 0.109719 0.370373
v 0.145201 0.113316 0.370373
v 0.142377 0.116845 0.370373
v 0.139466 0.120304 0.370373
v 0.136472 0.123691 0.370373
v 0.133396 0.127003 0.370373
v 0.153144 0.102328 0.324029
v 0.153144 0.102328 0.277686
v 0.153144 0.102328 0.231343
v 0.153144 0.102328 0.185000
v 0.153144 0.102328 0.138657
v 0.153144 0.102328 0.092314
v 0.153144 0.102328 0.045971
v 0.155609 0.098539 -0.000373
v 0.157981 0.094690 -0.000373
v 0.160257 0.090784 -0.000373
v 0.162436 0.086824 -0.000373
v 0.164518 0.082811 -0.000373
v 0.166501 0.078749 -0.000373
v 0.168384 0.074639 -0.000373
v 0.168384 0.074639 0.370373
v 0.166501 0.078749 0.370373
v 0.164518 0.082811 0.370373
v 0.162436 0.086824 0.370373
v 0.160257 0.090784 0.370373
v 0.157981 0.094690 0.370373
v 0.155609 0.098539 0.370373
v 0.170165 0.070485 0.324029
v 0.170165 0.070485 0.277686
v 0.170165 0.070485 0.231343
v 0.170165 0.070485 0.185000
v 0.170165 0.070485 0.138657
v 0.170165 0.070485 0.092314
v 0.170165 0.070485 0.045971
v 0.171843 0.066287 -0.000373
v 0.173418 0.062050 -0.000373
v 0.174888 0.057775 -0.000373
v 0.176254 0.053466 -0.000373
v 0.177513 0.049124 -0.000373
v 0.178665 0.044753 -0.000373
v 0.179710 0.040355 -0.000373
v 0.179710 0.040355 0.370373
v 0.178665 0.044753 0.370373
v 0.177513 0.049124 0.370373
v 0.176254 0.053466 0.370373
v 0.174888 0.057775 0.370373
v 0.173418 0.062050 0.370373
v 0.171843 0.066287 0.370373
v 0.180646 0.035933 0.324029
v 0.180646 0.035933 0.277686
v 0.180646 0.035933 0.231343
v 0.180646 0.035933 0.185000
v 0.180646 0.035933 0.138657
v 0.180646 0.035933 0.092314
v 0.180646 0.035933 0.045971
v 0.181473 0.031489 -0.000373
v 0.182191 0.027026 -0.000373
v 0.182799 0.022546 -0.000373
v 0.183298 0.018053 -0.000373
v 0.183686 0.013549 -0.000373
v 0.183963 0.009037 -0.000373
v 0.184130 0.004520 -0.000373
v 0.184130 0.004520 0.370373
v 0.183963 0.009037 0.370373
v 0.183686 0.013549 0.370373
v 0.183298 0.018053 0.370373
v 0.182799 0.022546 0.370373
v 0.182191 0.027026 0.370373
v 0.181473 0.031489 0.370373
v 0.184185 -0.000000 0.324029
v 0.184185 -0.000000 0.277686
v 0.184185 -0.000000 0.231343
v 0.184185 0.000000 0.185000
v 0.184185 0.000000 0.138657
v 0.184185 0.000000 0.092314
v 0.184185 0.000000 0.045971
v 0.184130 -0.004520 -0.000373
v 0.183963 -0.009037 -0.000373
v 0.183686 -0.013549 -0.000373
v 0.183298 -0.018053 -0.000373
v 0.182799 -0.022546 -0.000373
v 0.182191 -0.027026 -0.000373
v 0.181473 -0.031489 -0.000373
v 0.181473 -0.031489 0.370373
v 0.182191 -0.027026 0.370373
v 0.182799 -0.022546 0.370373
v 0.183298 -0.018053 0.370373
v 0.183686 -0.013549 0.370373
v 0.183963 -0.009037 0.370373
v 0.184130 -0.004520 0.370373
v 0.180646 -0.035933 0.324029
v 0.180646 -0.035933 0.277686
v 0.180646 -0.035933 0.231343
v 0.180646 -0.035933 0.185000
v 0.180646 -0.035933 0.138657
v 0.180646 -0.035933 0.092314
v 0.180646 -0.035933 0.045971
v 0.179710 -0.040355 -0.000373
v 0.178665 -0.044753 -0.000373
v 0.177513 -0.049124 -0.000373
v 0.176254 -0.053466 -0.000373
v 0.174888 -0.057775 -0.000373
v 0.173418 -0.062050 -0.000373
v 0.171843 -0.066287 -0.000373
v 0.171843 -0.066287 0.370373
v 0.173418 -0.062050 0.370373
v 0.174888 -0.057775 0.370373
v 0.176254 -0.053466 0.370373
v 0.177513 -0.049124 0.370373
v 0.178665 -0.044753 0.370373
v 0.179710 -0.040355 0.370373
v 0.170165 -0.070485 0.324029
v 0.170165 -0.070485 0.277686
v 0.170165 -0.070485 0.231343
v 0.170165 -0.070485 0.185000
v 0.170165 -0.070485 0.138657
v 0.170165 -0.070485 0.092314
v 0.170165 -0.070485 0.045971
v 0.168384 -0.074639 -0.000373
v 0.166501 -0.078749 -0.000373
v 0.164518 -0.082811 -0.000373
v 0.162436 -0.086824 -0.000373
v 0.160257 -0.090784 -0.000373
v 0.157981 -0.094690 -0.000373
v 0.155609 -0.098539 -0.000373
v 0.155609 -0.098539 0.370373
v 0.157981 -0.094690 0.370373
v 0.160257 -0.090784 0.370373
v 0.162436 -0.086824 0.370373
v 0.164518 -0.082811 0.370373
v 0.166501 -0.078749 0.370373
v 0.168384 -0.074639 0.370373
v 0.153144 -0.102328 0.324029
v 0.153144 -0.102328 0.277686
v 0.153144 -0.102328 0.231343
v 0.153144 -0.102328 0.185000
v 0.153144 -0.102328 0.138657
v 0.153144 -0.102328 0.092314
v 0.153144 -0.102328 0.045971
v 0.150587 -0.106055 -0.000373
v 0.147939 -0.109719 -0.000373
v 0.145201 -0.113316 -0.000373
v 0.142377 -0.116845 -0.000373
v 0.139466 -0.120304 -0.000373
v 0.136472 -0.123691 -0.000373
v 0.133396 -0.127003 -0.000373
v 0.133396 -0.127003 0.370373
v 0.136472 -0.123691 0.370373
v 0.139466 -0.120304 0.370373
v 0.142377 -0.116845 0.370373
v 0.145201 -0.113316 0.370373
v 0.147939 -0.109719 0.370373
v 0.150587 -0.106055 0.370373
v 0.130239 -0.130239 0.324029
v 0.130239 -0.130239 0.277686
v 0.130239 -0.130239 0.231343
v 0.130239 -0.130239 0.185000
v 0.130239 -0.130239 0.138657
v 0.130239 -0.130239 0.092314
v 0.130239 -0.130239 0.045971
v 0.127003 -0.133395 -0.000373
v 0.123691 -0.136472 -0.000373
v 0.120304 -0.139466 -0.000373
v 0.116845 -0.142377 -0.000373
v 0.113316 -0.145201 -0.000373
v 0.109719 -0.147939 -0.000373
v 0.106055 -0.150587 -0.000373
v 0.106055 -0.150587 0.370373
v 0.109719 -0.147939 0.370373
v 0.113316 -0.145201 0.370373
v 0.116845 -0.142377 0.370373
v 0.120304 -0.139466 0.370373
v 0.123691 -0.136472 0.370373
v 0.127003 -0.133396 0.370373
v 0.102328 -0.153144 0.324029
v 0.102328 -0.153144 0.277686
v 0.102328 -0.153144 0.231343
v 0.102328 -0.153144 0.185000
v 0.102328 -0.153144 0.138657
v 0.102328 -0.153144 0.092314
v 0.102328 -0.153144 0.045971
v 0.098539 -0.155609 -0.000373
v 0.094690 -0.157981 -0.000373
v 0.090784 -0.160257 -0.000373
v 0.086824 -0.162436 -0.000373
v 0.082811 -0.164518 -0.000373
v 0.078749 -0.166501 -0.000373
v 0.074639 -0.168384 -0.000373
v 0.074639 -0.168384 0.370373
v 0.078749 -0.166501 0.370373
v 0.082811 -0.164518 0.370373
v 0.086824 -0.162436 0.370373
v 0.090784 -0.160257 0.370373
v 0.094690 -0.157981 0.370373
v 0.098539 -0.155609 0.370373
v 0.070485 -0.170165 0.324029
v 0.070485 -0.170165 0.277686
v 0.070485 -0.170165 0.231343
v 0.070485 -0.170165 0.185000
v 0.070485 -0.170165 0.138657
v 0.070485 -0.170165 0.092314
v 0.070485 -0.170165 0.045971
v 0.066287 -0.171843 -0.000373
v 0.062050 -0.173418 -0.000373
v 0.057775 -0.174888 -0.000373
v 0.053466 -0.176254 -0.000373
v 0.049124 -0.177513 -0.000373
v 0.044753 -0.178665 -0.000373
v 0.040355 -0.179710 -0.000373
v 0.040355 -0.179710 0.370373
v 0.044753 -0.178665 0.370373
v 0.049124 -0.177513 0.370373
v 0.053466 -0.176254 0.370373
v 0.057775 -0.174888 0.370373
v 0.062050 -0.173418 0.370373
v 0.066287 -0.171843 0.370373
v 0.035933 -0.180646 0.324029
v 0.035933 -0.180646 0.277686
v 0.035933 -0.180646 0.231343
v 0.035933 -0.180646 0.185000
v 0.035933 -0.180646 0.138657
v 0.035933 -0.180646 0.092314
v 0.035933 -0.180646 0.045971
v 0.031489 -0.181473 -0.000373
v 0.027026 -0.182191 -0.000373
v 0.022546 -0.182799 -0.000373
v 0.018053 -0.183298 -0.000373
v 0.013549 -0.183686 -0.000373
v 0.009037 -0.183963 -0.000373
v 0.004520 -0.184130 -0.000373
v 0.004520 -0.184130 0.370373
v 0.009037 -0.183963 0.370373
v 0.013549 -0.183686 0.370373
v 0.018053 -0.183298 0.370373
v 0.022546 -0.182799 0.370373
v 0.027026 -0.182191 0.370373
v 0.031489 -0.181473 0.370373
v 0.000000 -0.184185 0.324029
v 0.000000 -0.184185 0.277686
v 0.000000 -0.184185 0.231343
v 0.000000 -0.184185 0.185000
v 0.000000 -0.184185 0.138657
v 0.000000 -0.184185 0.092314
v 0.000000 -0.184185 0.045971
v -0.004520 -0.184130 -0.000373
v -0.009037 -0.183963 -0.000373
v -0.013549 -0.183686 -0.000373
v -0.018053 -0.183298 -0.000373
v -0.022546 -0.182799 -0.000373
v -0.027026 -0.182191 -0.000373
v -0.031489 -0.181473 -0.000373
v -0.031489 -0.181473 0.370373
v -0.027026 -0.182191 0.370373
v -0.022546 -0.182799 0.370373
v -0.018053 -0.183298 0.370373
v -0.013549 -0.183686 0.370373
v -0.009037 -0.183963 0.370373
v -0.004520 -0.184130 0.370373
v -0.035933 -0.180646 0.324029
v -0.035933 -0.180646 0.277686
v -0.035933 -0.180646 0.231343
v -0.035933 -0.180646 0.185000
v -0.035933 -0.180646 0.138657
v -0.035933 -0.180646 0.092314
v -0.035933 -0.180646 0.045971
v -0.040355 -0.179710 -0.000373
v -0.044753 -0.178665 -0.000373
v -0.049124 -0.177513 -0.000373
v -0.053466 -0.176254 -0.000373
v -0.057775 -0.174888 -0.000373
v -0.062050 -0.173418 -0.000373
v -0.066287 -0.171843 -0.000373
v -0.066287 -0.171843 0.370373
v -0.062050 -0.173418 0.370373
v -0.057775 -0.174888 0.370373
v -0.053466 -0.176254 0.370373
v -0.049124 -0.177513 0.370373
v -0.044753 -0.178665 0.370373
v -0.040355 -0.179710 0.370373
v -0.070485 -0.170165 0.324029
v -0.070485 -0.170165 0.277686
v -0.070485 -0.170165 0.231343
v -0.070485 -0.170165 0.185000
v -0.070485 -0.170165 0.138657
v -0.070485 -0.170165 0.092314
v -0.070485 -0.170165 0.045971
v -0.074639 -0.168384 -0.000373
v -0.078749 -0.166501 -0.000373
v -0.082811 -0.164518 -0.000373
v -0.086824 -0.162436 -0.000373
v -0.090784 -0.160257 -0.000373
v -0.094690 -0.157981 -0.000373
v -0.098539 -0.155609 -0.000373
v -0.098539 -0.155609 0.370373
v -0.094690 -0.157981 0.370373
v -0.090784 -0.160257 0.370373
v -0.086824 -0.162436 0.370373
v -0.082811 -0.164518 0.370373
v -0.078749 -0.166501 0.370373
v -0.074639 -0.168384 0.370373
v -0.102328 -0.153144 0.324029
v -0.102328 -0.153144 0.277686
v -0.102328 -0.153144 0.231343
v -0.102328 -0.153144 0.185000
v -0.102328 -0.153144 0.138657
v -0.102328 -0.153144 0.092314
v -0.102328 -0.153144 0.045971
v -0.106055 -0.150587 -0.000373
v -0.109719 -0.147939 -0.000373
v -0.113316 -0.145201 -0.000373
v -0.116845 -0.142377 -0.000373
v -0.120304 -0.139466 -0.000373
v -0.123691 -0.136472 -0.000373
v -0.127003 -0.133395 -0.000373
v -0.127003 -0.133396 0.370373
v -0.123691 -0.136472 0.370373
v -0.120304 -0.139466 0.370373
v -0.116845 -0.142377 0.370373
v -0.113316 -0.145201 0.370373
v -0.109719 -0.147939 0.370373
v -0.106055 -0.150587 0.370373
v -0.130239 -0.130239 0.324029
v -0.130239 -0.130239 0.277686
v -0.130239 -0.130239 0.231343
v -0.130239 -0.130239 0.185000
v -0.130239 -0.130239 0.138657
v -0.130239 -0.130239 0.092314
v -0.130239 -0.130239 0.045971
v -0.133396 -0.127003 -0.000373
v -0.136472 -0.123691 -0.000373
v -0.139466 -0.120304 -0.000373
v -0.142377 -0.116845 -0.000373
v -0.145201 -0.113316 -0.000373
v -0.147939 -0.109719 -0.000373
v -0.150587 -0.106055 -0.000373
v -0.150587 -0.106055 0.370373
v -0.147939 -0.109719 0.370373
v -0.145201 -0.113316 0.370373
v -0.142377 -0.116845 0.370373
v -0.139466 -0.120304 0.370373
v -0.136472 -0.123691 0.370373
v -0.133396 -0.127003 0.370373
v -0.153144 -0.102328 0.324029
v -0.153144 -0.102328 0.277686
v -0.153144 -0.102328 0.231343
v -0.153144 -0.102328 0.185000
v -0.153144 -0.102328 0.138657
v -0.153144 -0.102328 0.092314
v -0.153144 -0.102328 0.045971
v -0.155609 -0.098539 -0.000373
v -0.157981 -0.094690 -0.000373
v -0.160257 -0.090784 -0.000373
v -0.162436 -0.086824 -0.000373
v -0.164518 -0.082811 -0.000373
v -0.166501 -0.078749 -0.000373
v -0.168384 -0.074639 -0.000373
v -0.168384 -0.074639 0.370373
v -0.166501 -0.078749 0.370373
v -0.164518 -0.082811 0.370373
v -0.162436 -0.086824 0.370373
v -0.160257 -0.090784 0.370373
v -0.157981 -0.094690 0.370373
v -0.155609 -0.098539 0.370373
v -0.170165 -0.070485 0.324029
v -0.170165 -0.070485 0.277686
v -0.170165 -0.070485 0.231343
v -0.170165 -0.070485 0.185000
v -0.170165 -0.070485 0.138657
v -0.170165 -0.070485 0.092314
v -0.170165 -0.070485 0.045971
v -0.171843 -0.066287 -0.000373
v -0.173418 -0.062050 -0.000373
v -0.174888 -0.057775 -0.000373
v -0.176254 -0.053466 -0.000373
v -0.177513 -0.049124 -0.000373
v -0.178665 -0.044753 -0.000373
v -0.179710 -0.040355 -0.000373
v -0.179710 -0.040355 0.370373
v -0.178665 -0.044753 0.370373
v -0.177513 -0.049124 0.370373
v -0.176254 -0.053466 0.370373
v -0.174888 -0.057775 0.370373
v -0.173418 -0.062050 0.370373
v -0.171843 -0.066287 0.370373
v -0.180646 -0.035933 0.324029
v -0.180646 -0.035933 0.277686
v -0.180646 -0.035933 0.231343
v -0.180646 -0.035933 0.185000
v -0.180646 -0.035933 0.138657
v -0.180646 -0.035933 0.092314
v -0.180646 -0.035933 0.045971
v -0.181473 -0.031489 -0.000373
v -0.182191 -0.027026 -0.000373
v -0.182799 -0.022546 -0.000373
v -0.183298 -0.018053 -0.000373
v -0.183686 -0.013549 -0.000373
v -0.183963 -0.009037 -0.000373
v -0.184130 -0.004520 -0.000373
v -0.184130 -0.004520 0.370373
v -0.183963 -0.009037 0.370373
v -0.183686 -0.013549 0.370373
v -0.183298 -0.018053 0.370373
v -0.182799 -0.022546 0.370373
v -0.182191 -0.027026 0.370373
v -0.181473 -0.031489 0.370373
v -0.184185 -0.000000 0.324029
v -0.184185 -0.000000 0.277686
v -0.184185 -0.000000 0.231343
v -0.184185 0.000000 0.185000
v -0.184185 0.000000 0.138657
v -0.184185 0.000000 0.092314
v -0.184185 0.000000 0.045971
v -0.184130 0.004520 -0.000373
v -0.183963 0.009037 -0.000373
v -0.183686 0.013549 -0.000373
v -0.183298 0.018053 -0.000373
v -0.182799 0.022546 -0.000373
v -0.182191 0.027026 -0.000373
v -0.181473 0.031489 -0.000373
v -0.181473 0.031489 0.370373
v -0.182191 0.027026 0.370373
v -0.182799 0.022546 0.370373
v -0.183298 0.018053 0.370373
v -0.183686 0.013549 0.370373
v -0.183963 0.009037 0.370373
v -0.184130 0.004520 0.370373
v -0.180646 0.035933 0.324029
v -0.180646 0.035933 0.277686
v -0.180646 0.035933 0.231343
v -0.180646 0.035933 0.185000
v -0.180646 0.035933 0.138657
v -0.180646 0.035933 0.092314
v -0.180646 0.035933 0.045971
v -0.179710 0.040355 -0.000373
v -0.178665 0.044753 -0.000373
v -0.177513 0.049124 -0.000373
v -0.176254 0.053466 -0.000373
v -0.174888 0.057775 -0.000373
v -0.173418 0.062050 -0.000373
v -0.171843 0.066287 -0.000373
v -0.171843 0.066287 0.370373
v -0.173418 0.062050 0.370373
v -0.174888 0.057775 0.370373
v -0.176254 0.053466 0.370373
v -0.177513 0.049124 0.370373
v -0.178665 0.044753 0.370373
v -0.179710 0.040355 0.370373
v -0.170165 0.070485 0.324029
v -0.170165 0.070485 0.277686
v -0.170165 0.070485 0.231343
v -0.170165 0.070485 0.185000
v -0.170165 0.070485 0.138657
v -0.170165 0.070485 0.092314
v -0.170165 0.070485 0.045971
v -0.168384 0.074639 -0.000373
v -0.166501 0.078749 -0.000373
v -0.164518 0.082811 -0.000373
v -0.162436 0.086824 -0.000373
v -0.160257 0.090784 -0.000373
v -0.157981 0.094690 -0.000373
v -0.155609 0.098539 -0.000373
v -0.155609 0.098539 0.370373
v -0.157981 0.094690 0.370373
v -0.160257 0.090784 0.370373
v -0.162436 0.086824 0.370373
v -0.164518 0.082811 0.370373
v -0.166501 0.078749 0.370373
v -0.168384 0.074639 0.370373
v -0.153144 0.102328 0.324029
v -0.153144 0.102328 0.277686
v -0.153144 0.102328 0.231343
v -0.153144 0.102328 0.185000
v -0.153144 0.102328 0.138657
v -0.153144 0.102328 0.092314
v -0.153144 0.102328 0.045971
v -0.150587 0.106055 -0.000373
v -0.147939 0.109719 -0.000373
v -0.145201 0.113316 -0.000373
v -0.142377 0.116845 -0.000373
v -0.139466 0.120304 -0.000373
v -0.136472 0.123691 -0.000373
v -0.133396 0.127003 -0.000373
v -0.133396 0.127003 0.370373
v -0.136472 0.123691 0.370373
v -0.139466 0.120304 0.370373
v -0.142377 0.116845 0.370373
v -0.145201 0.113316 0.370373
v -0.147939 0.109719 0.370373
v -0.150587 0.106055 0.370373
v -0.130239 0.130239 0.324029
v -0.130239 0.130239 0.277686
v -0.130239 0.130239 0.231343
v -0.130239 0.130239 0.185000
v -0.130239 0.130239 0.138657
v -0.130239 0.130239 0.092314
v -0.130239 0.130239 0.045971
v -0.127003 0.133396 -0.000373
v -0.123691 0.136472 -0.000373
v -0.120304 0.139466 -0.000373
v -0.116845 0.142377 -0.000373
v -0.113316 0.145201 -0.000373
v -0.109719 0.147939 -0.000373
v -0.106055 0.150587 -0.000373
v -0.106055 0.150587 0.370373
v -0.109719 0.147939 0.370373
v -0.113316 0.145201 0.370373
v -0.116845 0.142377 0.370373
v -0.120304 0.139466 0.370373
v -0.123691 0.136472 0.370373
v -0.127003 0.133395 0.370373
v -0.102328 0.153144 0.324029
v -0.102328 0.153144 0.277686
v -0.102328 0.153144 0.231343
v -0.102328 0.153144 0.185000
v -0.102328 0.153144 0.138657
v -0.102328 0.153144 0.092314
v -0.102328 0.153144 0.045971
v -0.098539 0.155609 -0.000373
v -0.094690 0.157981 -0.000373
v -0.090784 0.160257 -0.000373
v -0.086824 0.162436 -0.000373
v -0.082811 0.164518 -0.000373
v -0.078749 0.166501 -0.000373
v -0.074639 0.168384 -0.000373
v -0.074639 0.168384 0.370373
v -0.078749 0.166501 0.370373
v -0.082811 0.164518 0.370373
v -0.086824 0.162436 0.370373
v -0.090784 0.160257 0.370373
v -0.094690 0.157981 0.370373
v -0.098539 0.155609 0.370373
v -0.070485 0.170165 0.324029
v -0.070485 0.170165 0.277686
v -0.070485 0.170165 0.231343
v -0.070485 0.170165 0.185000
v -0.070485 0.170165 0.138657
v -0.070485 0.170165 0.092314
v -0.070485 0.170165 0.045971
v -0.066287 0.171843 -0.000373
v -0.062050 0.173418 -0.000373
v -0.057775 0.174888 -0.000373
v -0.053466 0.176254 -0.000373
v -0.049124 0.177513 -0.000373
v -0.044753 0.178665 -0.000373
v -0.040355 0.179710 -0.000373
v -0.040355 0.179710 0.370373
v -0.044753 0.178665 0.370373
v -0.049124 0.177513 0.370373
v -0.053466 0.176254 0.370373
v -0.057775 0.174888 0.370373
v -0.062050 0.173418 0.370373
v -0.066287 0.171843 0.370373
v -0.035933 0.180646 0.324029
v -0.035933 0.180646 0.277686
v -0.035933 0.180646 0.231343
v -0.035933 0.180646 0.185000
v -0.035933 0.180646 0.138657
v -0.035933 0.180646 0.092314
v -0.035933 0.180646 0.045971
v -0.031489 0.181473 -0.000373
v -0.027026 0.182191 -0.000373
v -0.022546 0.182799 -0.000373
v -0.018053 0.183298 -0.000373
v -0.013549 0.183686 -0.000373
v -0.009037 0.183963 -0.000373
v -0.004520 0.184130 -0.000372
v -0.004520 0.184130 0.370373
v -0.009037 0.183963 0.370373
v -0.013549 0.183686 0.370373
v -0.018053 0.183298 0.370373
v -0.022546 0.182799 0.370373
v -0.027026 0.182191 0.370373
v -0.031489 0.181473 0.370373
v 0.004520 0.184130 -0.000373
v 0.009037 0.183963 -0.000373
v 0.013549 0.183686 -0.000373
v 0.018053 0.183298 -0.000373
v 0.022546 0.182799 -0.000373
v 0.027026 0.182191 -0.000373
v 0.031489 0.181473 -0.000373
v -0.031489 0.181473 -0.000373
v -0.027026 0.182191 -0.000373
v -0.022546 0.182799 -0.000373
v -0.018053 0.183298 -0.000373
v -0.013549 0.183686 -0.000373
v -0.009037 0.183963 -0.000373
v -0.004520 0.184130 -0.000373
v 0.040355 0.179710 -0.000373
v 0.044753 0.178665 -0.000373
v 0.049124 0.177513 -0.000373
v 0.053466 0.176254 -0.000373
v 0.057775 0.174888 -0.000373
v 0.062050 0.173418 -0.000373
v 0.066287 0.171843 -0.000373
v 0.031489 0.181473 0.370373
v 0.027026 0.182191 0.370373
v 0.022546 0.182799 0.370373
v 0.018053 0.183298 0.370373
v 0.013549 0.183686 0.370373
v 0.009037 0.183963 0.370373
v 0.004520 0.184130 0.370373
v 0.066287 0.171843 0.370373
v 0.062050 0.173418 0.370373
v 0.057775 0.174888 0.370373
v 0.053466 0.176254 0.370373
v 0.049124 0.177513 0.370373
v 0.044753 0.178665 0.370373
v 0.040355 0.179710 0.370373
v -0.004520 0.184130 0.370373
v -0.009037 0.183963 0.370373
v -0.013549 0.183686 0.370373
v -0.018053 0.183298 0.370373
v -0.022546 0.182799 0.370373
v -0.027026 0.182191 0.370373
v -0.031489 0.181473 0.370373
v 0.074639 0.168384 -0.000373
v 0.078749 0.166501 -0.000373
v 0.082811 0.164518 -0.000373
v 0.086824 0.162436 -0.000373
v 0.090784 0.160257 -0.000373
v 0.094690 0.157981 -0.000373
v 0.098539 0.155609 -0.000373
v 0.098539 0.155609 0.370373
v 0.094690 0.157981 0.370373
v 0.090784 0.160257 0.370373
v 0.086824 0.162436 0.370373
v 0.082811 0.164518 0.370373
v 0.078749 0.166501 0.370373
v 0.074639 0.168384 0.370373
v 0.106055 0.150587 -0.000373
v 0.109719 0.147939 -0.000373
v 0.113316 0.145201 -0.000373
v 0.116845 0.142377 -0.000373
v 0.120304 0.139466 -0.000373
v 0.123691 0.136472 -0.000373
v 0.127003 0.133396 -0.000373
v 0.127003 0.133395 0.370373
v 0.123691 0.136472 0.370373
v 0.120304 0.139466 0.370373
v 0.116845 0.142377 0.370373
v 0.113316 0.145201 0.370373
v 0.109719 0.147939 0.370373
v 0.106055 0.150587 0.370373
v 0.133396 0.127003 -0.000373
v 0.136472 0.123691 -0.000373
v 0.139466 0.120304 -0.000373
v 0.142377 0.116845 -0.000373
v 0.145201 0.113316 -0.000373
v 0.147939 0.109719 -0.000373
v 0.150587 0.106055 -0.000373
v 0.150587 0.106055 0.370373
v 0.147939 0.109719 0.370373
v 0.145201 0.113316 0.370373
v 0.142377 0.116845 0.370373
v 0.139466 0.120304 0.370373
v 0.136472 0.123691 0.370373
v 0.133396 0.127003 0.370373
v 0.155609 0.098539 -0.000373
v 0.157981 0.094690 -0.000373
v 0.160257 0.090784 -0.000373
v 0.162436 0.086824 -0.000373
v 0.164518 0.082811 -0.000373
v 0.166501 0.078749 -0.000373
v 0.168384 0.074639 -0.000373
v 0.168384 0.074639 0.370373
v 0.166501 0.078749 0.370373
v 0.164518 0.082811 0.370373
v 0.162436 0.086824 0.370373
v 0.160257 0.090784 0.370373
v 0.157981 0.094690 0.370373
v 0.155609 0.098539 0.370373
v 0.171843 0.066287 -0.000373
v 0.173418 0.062050 -0.000373
v 0.174888 0.057775 -0.000373
v 0.176254 0.053466 -0.000373
v 0.177513 0.049124 -0.000373
v 0.178665 0.044753 -0.000373
v 0.179710 0.040355 -0.000373
v 0.179710 0.040355 0.370373
v 0.178665 0.044753 0.370373
v 0.177513 0.049124 0.370373
v 0.176254 0.053466 0.370373
v 0.174888 0.057775 0.370373
v 0.173418 0.062050 0.370373
v 0.171843 0.066287 0.370373
v 0.181473 0.031489 -0.000373
v 0.182191 0.027026 -0.000373
v 0.182799 0.022546 -0.000373
v 0.183298 0.018053 -0.000373
v 0.183686 0.013549 -0.000373
v 0.183963 0.009037 -0.000373
v 0.184130 0.004520 -0.000373
v 0.184130 0.004520 0.370373
v 0.183963 0.009037 0.370373
v 0.183686 0.013549 0.370373
v 0.183298 0.018053 0.370373
v 0.182799 0.022546 0.370373
v 0.182191 0.027026 0.370373
v 0.181473 0.031489 0.370373
v 0.184130 -0.004520 -0.000373
v 0.183963 -0.009037 -0.000373
v 0.183686 -0.013549 -0.000373
v 0.183298 -0.018053 -0.000373
v 0.182799 -0.022546 -0.000373
v 0.182191 -0.027026 -0.000373
v 0.181473 -0.031489 -0.000373
v 0.181473 -0.031489 0.370373
v 0.182191 -0.027026 0.370373
v 0.182799 -0.022546 0.370373
v 0.183298 -0.018053 0.370373
v 0.183686 -0.013549 0.370373
v 0.183963 -0.009037 0.370373
v 0.184130 -0.004520 0.370373
v 0.179710 -0.040355 -0.000373
v 0.178665 -0.044753 -0.000373
v 0.177513 -0.049124 -0.000373
v 0.176254 -0.053466 -0.000373
v 0.174888 -0.057775 -0.000373
v 0.173418 -0.062050 -0.000373
v 0.171843 -0.066287 -0.000373
v 0.171843 -0.066287 0.370373
v 0.173418 -0.062050 0.370373
v 0.174888 -0.057775 0.370373
v 0.176254 -0.053466 0.370373
v 0.177513 -0.049124 0.370373
v 0.178665 -0.044753 0.370373
v 0.179710 -0.040355 0.370373
v 0.168384 -0.074639 -0.000373
v 0.166501 -0.078749 -0.000373
v 0.164518 -0.082811 -0.000373
v 0.162436 -0.086824 -0.000373
v 0.160257 -0.090784 -0.000373
v 0.157981 -0.094690 -0.000373
v 0.155609 -0.098539 -0.000373
v 0.155609 -0.098539 0.370373
v 0.157981 -0.094690 0.370373
v 0.160257 -0.090784 0.370373
v 0.162436 -0.086824 0.370373
v 0.164518 -0.082811 0.370373
v 0.166501 -0.078749 0.370373
v 0.168384 -0.074639 0.370373
v 0.150587 -0.106055 -0.000373
v 0.147939 -0.109719 -0.000373
v 0.145201 -0.113316 -0.000373
v 0.142377 -0.116845 -0.000373
v 0.139466 -0.120304 -0.000373
v 0.136472 -0.123691 -0.000373
v 0.133396 -0.127003 -0.000373
v 0.133396 -0.127003 0.370373
v 0.136472 -0.123691 0.370373
v 0.139466 -0.120304 0.370373
v 0.142377 -0.116845 0.370373
v 0.145201 -0.113316 0.370373
v 0.147939 -0.109719 0.370373
v 0.150587 -0.106055 0.370373
v 0.127003 -0.133395 -0.000373
v 0.123691 -0.136472 -0.000373
v 0.120304 -0.139466 -0.000373
v 0.116845 -0.142377 -0.000373
v 0.113316 -0.145201 -0.000373
v 0.109719 -0.147939 -0.000373
v 0.106055 -0.150587 -0.000373
v 0.106055 -0.150587 0.370373
v 0.109719 -0.147939 0.370373
v 0.113316 -0.145201 0.370373
v 0.116845 -0.142377 0.370373
v 0.120304 -0.139466 0.370373
v 0.123691 -0.136472 0.370373
v 0.127003 -0.133396 0.370373
v 0.098539 -0.155609 -0.000373
v 0.094690 -0.157981 -0.000373
v 0.090784 -0.160257 -0.000373
v 0.086824 -0.162436 -0.000373
v 0.082811 -0.164518 -0.000373
v 0.078749 -0.166501 -0.000373
v 0.074639 -0.168384 -0.000373
v 0.074639 -0.168384 0.370373
v 0.078749 -0.166501 0.370373
v 0.082811 -0.164518 0.370373
v 0.086824 -0.162436 0.370373
v 0.090784 -0.160257 0.370373
v 0.094690 -0.157981 0.370373
v 0.098539 -0.155609 0.370373
v 0.066287 -0.171843 -0.000373
v 0.062050 -0.173418 -0.000373
v 0.057775 -0.174888 -0.000373
v 0.053466 -0.176254 -0.000373
v 0.049124 -0.177513 -0.000373
v 0.044753 -0.178665 -0.000373
v 0.040355 -0.179710 -0.000373
v 0.040355 -0.179710 0.370373
v 0.044753 -0.178665 0.370373
v 0.049124 -0.177513 0.370373
v 0.053466 -0.176254 0.370373
v 0.057775 -0.174888 0.370373
v 0.062050 -0.173418 0.370373
v 0.066287 -0.171843 0.370373
v 0.031489 -0.181473 -0.000373
v 0.027026 -0.182191 -0.000373
v 0.022546 -0.182799 -0.000373
v 0.018053 -0.183298 -0.000373
v 0.013549 -0.183686 -0.000373
v 0.009037 -0.183963 -0.000373
v 0.004520 -0.184130 -0.000373
v 0.004520 -0.184130 0.370373
v 0.009037 -0.183963 0.370373
v 0.013549 -0.183686 0.370373
v 0.018053 -0.183298 0.370373
v 0.022546 -0.182799 0.370373
v 0.027026 -0.182191 0.370373
v 0.031489 -0.181473 0.370373
v -0.004520 -0.184130 -0.000373
v -0.009037 -0.183963 -0.000373
v -0.013549 -0.183686 -0.000373
v -0.018053 -0.183298 -0.000373
v -0.022546 -0.182799 -0.000373
v -0.027026 -0.182191 -0.000373
v -0.031489 -0.181473 -0.000373
v -0.031489 -0.181473 0.370373
v -0.027026 -0.182191 0.370373
v -0.022546 -0.182799 0.370373
v -0.018053 -0.183298 0.370373
v -0.013549 -0.183686 0.370373
v -0.009037 -0.183963 0.370373
v -0.004520 -0.184130 0.370373
v -0.040355 -0.179710 -0.000373
v -0.044753 -0.178665 -0.000373
v -0.049124 -0.177513 -0.000373
v -0.053466 -0.176254 -0.000373
v -0.057775 -0.174888 -0.000373
v -0.062050 -0.173418 -0.000373
v -0.066287 -0.171843 -0.000373
v -0.066287 -0.171843 0.370373
v -0.062050 -0.173418 0.370373
v -0.057775 -0.174888 0.370373
v -0.053466 -0.176254 0.370373
v -0.049124 -0.177513 0.370373
v -0.044753 -0.178665 0.370373
v -0.040355 -0.179710 0.370373
v -0.074639 -0.168384 -0.000373
v -0.078749 -0.166501 -0.000373
v -0.082811 -0.164518 -0.000373
v -0.086824 -0.162436 -0.000373
v -0.090784 -0.160257 -0.000373
v -0.094690 -0.157981 -0.000373
v -0.098539 -0.155609 -0.000373
v -0.098539 -0.155609 0.370373
v -0.094690 -0.157981 0.370373
v -0.090784 -0.160257 0.370373
v -0.086824 -0.162436 0.370373
v -0.082811 -0.164518 0.370373
v -0.078749 -0.166501 0.370373
v -0.074639 -0.168384 0.370373
v -0.106055 -0.150587 -0.000373
v -0.109719 -0.147939 -0.000373
v -0.113316 -0.145201 -0.000373
v -0.116845 -0.142377 -0.000373
v -0.120304 -0.139466 -0.000373
v -0.123691 -0.136472 -0.000373
v -0.127003 -0.133395 -0.000373
v -0.127003 -0.133396 0.370373
v -0.123691 -0.136472 0.370373
v -0.120304 -0.139466 0.370373
v -0.116845 -0.142377 0.370373
v -0.113316 -0.145201 0.370373
v -0.109719 -0.147939 0.370373
v -0.106055 -0.150587 0.370373
v -0.133396 -0.127003 -0.000373
v -0.136472 -0.123691 -0.000373
v -0.139466 -0.120304 -0.000373
v -0.142377 -0.116845 -0.000373
v -0.145201 -0.113316 -0.000373
v -0.147939 -0.109719 -0.000373
v -0.150587 -0.106055 -0.000373
v -0.150587 -0.106055 0.370373
v -0.147939 -0.109719 0.370373
v -0.145201 -0.113316 0.370373
v -0.142377 -0.116845 0.370373
v -0.139466 -0.120304 0.370373
v -0.136472 -0.123691 0.370373
v -0.133396 -0.127003 0.370373
v -0.155609 -0.098539 -0.000373
v -0.157981 -0.094690 -0.000373
v -0.160257 -0.090784 -0.000373
v -0.162436 -0.086824 -0.000373
v -0.164518 -0.082811 -0.000373
v -0.166501 -0.078749 -0.000373
v -0.168384 -0.074639 -0.000373
v -0.168384 -0.074639 0.370373
v -0.166501 -0.078749 0.370373
v -0.164518 -0.082811 0.370373
v -0.162436 -0.086824 0.370373
v -0.160257 -0.090784 0.370373
v -0.157981 -0.094690 0.370373
v -0.155609 -0.098539 0.370373
v -0.171843 -0.066287 -0.000373
v -0.173418 -0.062050 -0.000373
v -0.174888 -0.057775 -0.000373
v -0.176254 -0.053466 -0.000373
v -0.177513 -0.049124 -0.000373
v -0.178665 -0.044753 -0.000373
v -0.179710 -0.040355 -0.000373
v -0.179710 -0.040355 0.370373
v -0.178665 -0.044753 0.370373
v -0.177513 -0.049124 0.370373
v -0.176254 -0.053466 0.370373
v -0.174888 -0.057775 0.370373
v -0.173418 -0.062050 0.370373
v -0.171843 -0.066287 0.370373
v -0.181473 -0.031489 -0.000373
v -0.182191 -0.027026 -0.000373
v -0.182799 -0.022546 -0.000373
v -0.183298 -0.018053 -0.000373
v -0.183686 -0.013549 -0.000373
v -0.183963 -0.009037 -0.000373
v -0.184130 -0.004520 -0.000373
v -0.184130 -0.004520 0.370373
v -0.183963 -0.009037 0.370373
v -0.183686 -0.013549 0.370373
v -0.183298 -0.018053 0.370373
v -0.182799 -0.022546 0.370373
v -0.182191 -0.027026 0.370373
v -0.181473 -0.031489 0.370373
v -0.184130 0.004520 -0.000373
v -0.183963 0.009037 -0.000373
v -0.183686 0.013549 -0.000373
v -0.183298 0.018053 -0.000373
v -0.182799 0.022546 -0.000373
v -0.182191 0.027026 -0.000373
v -0.181473 0.031489 -0.000373
v -0.181473 0.031489 0.370373
v -0.182191 0.027026 0.370373
v -0.182799 0.022546 0.370373
v -0.183298 0.018053 0.370373
v -0.183686 0.013549 0.370373
v -0.183963 0.009037 0.370373
v -0.184130 0.004520 0.370373
v -0.179710 0.040355 -0.000373
v -0.178665 0.044753 -0.000373
v -0.177513 0.049124 -0.000373
v -0.176254 0.053466 -0.000373
v -0.174888 0.057775 -0.000373
v -0.173418 0.062050 -0.000373
v -0.171843 0.066287 -0.000373
v -0.171843 0.066287 0.370373
v -0.173418 0.062050 0.370373
v -0.174888 0.057775 0.370373
v -0.176254 0.053466 0.370373
v -0.177513 0.049124 0.370373
v -0.178665 0.044753 0.370373
v -0.179710 0.040355 0.370373
v -0.168384 0.074639 -0.000373
v -0.166501 0.078749 -0.000373
v -0.164518 0.082811 -0.000373
v -0.162436 0.086824 -0.000373
v -0.160257 0.090784 -0.000373
v -0.157981 0.094690 -0.000373
v -0.155609 0.098539 -0.000373
v -0.155609 0.098539 0.370373
v -0.157981 0.094690 0.370373
v -0.160257 0.090784 0.370373
v -0.162436 0.086824 0.370373
v -0.164518 0.082811 0.370373
v -0.166501 0.078749 0.370373
v -0.168384 0.074639 0.370373
v -0.150587 0.106055 -0.000373
v -0.147939 0.109719 -0.000373
v -0.145201 0.113316 -0.000373
v -0.142377 0.116845 -0.000373
v -0.139466 0.120304 -0.000373
v -0.136472 0.123691 -0.000373
v -0.133396 0.127003 -0.000373
v -0.133396 0.127003 0.370373
v -0.136472 0.123691 0.370373
v -0.139466 0.120304 0.370373
v -0.142377 0.116845 0.370373
v -0.145201 0.113316 0.370373
v -0.147939 0.109719 0.370373
v -0.150587 0.106055 0.370373
v -0.127003 0.133396 -0.000373
v -0.123691 0.136472 -0.000373
v -0.120304 0.139466 -0.000373
v -0.116845 0.142377 -0.000373
v -0.113316 0.145201 -0.000373
v -0.109719 0.147939 -0.000373
v -0.106055 0.150587 -0.000373
v -0.106055 0.150587 0.370373
v -0.109719 0.147939 0.370373
v -0.113316 0.145201 0.370373
v -0.116845 0.142377 0.370373
v -0.120304 0.139466 0.370373
v -0.123691 0.136472 0.370373
v -0.127003 0.133395 0.370373
v -0.098539 0.155609 -0.000373
v -0.094690 0.157981 -0.000373
v -0.090784 0.160257 -0.000373
v -0.086824 0.162436 -0.000373
v -0.082811 0.164518 -0.000373
v -0.078749 0.166501 -0.000373
v -0.074639 0.168384 -0.000373
v -0.074639 0.168384 0.370373
v -0.078749 0.166501 0.370373
v -0.082811 0.164518 0.370373
v -0.086824 0.162436 0.370373
v -0.090784 0.160257 0.370373
v -0.094690 0.157981 0.370373
v -0.098539 0.155609 0.370373
v -0.066287 0.171843 -0.000373
v -0.062050 0.173418 -0.000373
v -0.057775 0.174888 -0.000373
v -0.053466 0.176254 -0.000373
v -0.049124 0.177513 -0.000373
v -0.044753 0.178665 -0.000373
v -0.040355 0.179710 -0.000373
v -0.040355 0.179710 0.370373
v -0.044753 0.178665 0.370373
v -0.049124 0.177513 0.370373
v -0.053466 0.176254 0.370373
v -0.057775 0.174888 0.370373
v -0.062050 0.173418 0.370373
v -0.066287 0.171843 0.370373
v 0.004520 0.184130 0.045971
v 0.004520 0.184130 0.092314
v 0.004520 0.184130 0.138657
v 0.004520 0.184130 0.185000
v 0.004520 0.184130 0.231343
v 0.004520 0.184130 0.277686
v 0.004520 0.184130 0.324029
v 0.009037 0.183963 0.045971
v 0.009037 0.183963 0.092314
v 0.009037 0.183963 0.138657
v 0.009037 0.183963 0.185000
v 0.009037 0.183963 0.231343
v 0.009037 0.183963 0.277686
v 0.009037 0.183963 0.324029
v 0.013549 0.183686 0.045971
v 0.013549 0.183686 0.092314
v 0.013549 0.183686 0.138657
v 0.013549 0.183686 0.185000
v 0.013549 0.183686 0.231343
v 0.013549 0.183686 0.277686
v 0.013549 0.183686 0.324029
v 0.018053 0.183298 0.045971
v 0.018053 0.183298 0.092314
v 0.018053 0.183298 0.138657
v 0.018053 0.183298 0.185000
v 0.018053 0.183298 0.231343
v 0.018053 0.183298 0.277686
v 0.018053 0.183298 0.324029
v 0.022546 0.182799 0.045971
v 0.022546 0.182799 0.092314
v 0.022546 0.182799 0.138657
v 0.022546 0.182799 0.185000
v 0.022546 0.182799 0.231343
v 0.022546 0.182799 0.277686
v 0.022546 0.182799 0.324029
v 0.027026 0.182191 0.045971
v 0.027026 0.182191 0.092314
v 0.027026 0.182191 0.138657
v 0.027026 0.182191 0.185000
v 0.027026 0.182191 0.231343
v 0.027026 0.182191 0.277686
v 0.027026 0.182191 0.324029
v 0.031489 0.181473 0.045971
v 0.031489 0.181473 0.092314
v 0.031489 0.181473 0.138657
v 0.031489 0.181473 0.185000
v 0.031489 0.181473 0.231343
v 0.031489 0.181473 0.277686
v 0.031489 0.181473 0.324029
v 0.040355 0.179710 0.045971
v 0.040355 0.179710 0.092314
v 0.040355 0.179710 0.138657
v 0.040355 0.179710 0.185000
v 0.040355 0.179710 0.231343
v 0.040355 0.179710 0.277686
v 0.040355 0.179710 0.324029
v 0.044753 0.178665 0.045971
v 0.044753 0.178665 0.092314
v 0.044753 0.178665 0.138657
v 0.044753 0.178665 0.185000
v 0.044753 0.178665 0.231343
v 0.044753 0.178665 0.277686
v 0.044753 0.178665 0.324029
v 0.049124 0.177513 0.045971
v 0.049124 0.177513 0.092314
v 0.049124 0.177513 0.138657
v 0.049124 0.177513 0.185000
v 0.049124 0.177513 0.231343
v 0.049124 0.177513 0.277686
v 0.049124 0.177513 0.324029
v 0.053466 0.176254 0.045971
v 0.053466 0.176254 0.092314
v 0.053466 0.176254 0.138657
v 0.053466 0.176254 0.185000
v 0.053466 0.176254 0.231343
v 0.053466 0.176254 0.277686
v 0.053466 0.176254 0.324029
v 0.057775 0.174888 0.045971
v 0.057775 0.174888 0.092314
v 0.057775 0.174888 0.138657
v 0.057775 0.174888 0.185000
v 0.057775 0.174888 0.231343
v 0.057775 0.174888 0.277686
v 0.057775 0.174888 0.324029
v 0.062050 0.173418 0.045971
v 0.062050 0.173418 0.092314
v 0.062050 0.173418 0.138657
v 0.062050 0.173418 0.185000
v 0.062050 0.173418 0.231343
v 0.062050 0.173418 0.277686
v 0.062050 0.173418 0.324029
v 0.066287 0.171843 0.045971
v 0.066287 0.171843 0.092314
v 0.066287 0.171843 0.138657
v 0.066287 0.171843 0.185000
v 0.066287 0.171843 0.231343
v 0.066287 0.171843 0.277686
v 0.066287 0.171843 0.324029
v 0.074639 0.168384 0.045971
v 0.074639 0.168384 0.092314
v 0.074639 0.168384 0.138657
v 0.074639 0.168384 0.185000
v 0.074639 0.168384 0.231343
v 0.074639 0.168384 0.277686
v 0.074639 0.168384 0.324029
v 0.078749 0.166501 0.045971
v 0.078749 0.166501 0.092314
v 0.078749 0.166501 0.138657
v 0.078749 0.166501 0.185000
v 0.078749 0.166501 0.231343
v 0.078749 0.166501 0.277686
v 0.078749 0.166501 0.324029
v 0.082811 0.164518 0.045971
v 0.082811 0.164518 0.092314
v 0.082811 0.164518 0.138657
v 0.082811 0.164518 0.185000
v 0.082811 0.164518 0.231343
v 0.082811 0.164518 0.277686
v 0.082811 0.164518 0.324029
v 0.086824 0.162436 0.045971
v 0.086824 0.162436 0.092314
v 0.086824 0.162436 0.138657
v 0.086824 0.162436 0.185000
v 0.086824 0.162436 0.231343
v 0.086824 0.162436 0.277686
v 0.086824 0.162436 0.324029
v 0.090784 0.160257 0.045971
v 0.090784 0.160257 0.092314
v 0.090784 0.160257 0.138657
v 0.090784 0.160257 0.185000
v 0.090784 0.160257 0.231343
v 0.090784 0.160257 0.277686
v 0.090784 0.160257 0.324029
v 0.094690 0.157981 0.045971
v 0.094690 0.157981 0.092314
v 0.094690 0.157981 0.138657
v 0.094690 0.157981 0.185000
v 0.094690 0.157981 0.231343
v 0.094690 0.157981 0.277686
v 0.094690 0.157981 0.324029
v 0.098539 0.155609 0.045971
v 0.098539 0.155609 0.092314
v 0.098539 0.155609 0.138657
v 0.098539 0.155609 0.185000
v 0.098539 0.155609 0.231343
v 0.098539 0.155609 0.277686
v 0.098539 0.155609 0.324029
v 0.106055 0.150587 0.045971
v 0.106055 0.150587 0.092314
v 0.106055 0.150587 0.138657
v 0.106055 0.150587 0.185000
v 0.106055 0.150587 0.231343
v 0.106055 0.150587 0.277686
v 0.106055 0.150587 0.324029
v 0.109719 0.147939 0.045971
v 0.109719 0.147939 0.092314
v 0.109719 0.147939 0.138657
v 0.109719 0.147939 0.185000
v 0.109719 0.147939 0.231343
v 0.109719 0.147939 0.277686
v 0.109719 0.147939 0.324029
v 0.113316 0.145201 0.045971
v 0.113316 0.145201 0.092314
v 0.113316 0.145201 0.138657
v 0.113316 0.145201 0.185000
v 0.113316 0.145201 0.231343
v 0.113316 0.145201 0.277686
v 0.113316 0.145201 0.324029
v 0.116845 0.142377 0.045971
v 0.116845 0.142377 0.092314
v 0.116845 0.142377 0.138657
v 0.116845 0.142377 0.185000
v 0.116845 0.142377 0.231343
v 0.116845 0.142377 0.277686
v 0.116845 0.142377 0.324029
v 0.120304 0.139466 0.045971
v 0.120304 0.139466 0.092314
v 0.120304 0.139466 0.138657
v 0.120304 0.139466 0.185000
v 0.120304 0.139466 0.231343
v 0.120304 0.139466 0.277686
v 0.120304 0.139466 0.324029
v 0.123691 0.136472 0.045971
v 0.123691 0.136472 0.092314
v 0.123691 0.136472 0.138657
v 0.123691 0.136472 0.185000
v 0.123691 0.136472 0.231343
v 0.123691 0.136472 0.277686
v 0.123691 0.136472 0.324029
v 0.127003 0.133396 0.045971
v 0.127003 0.133396 0.092314
v 0.127003 0.133396 0.138657
v 0.127003 0.133396 0.185000
v 0.127003 0.133396 0.231343
v 0.127003 0.133396 0.277686
v 0.127003 0.133396 0.324029
v 0.133395 0.127003 0.045971
v 0.133396 0.127003 0.092314
v 0.133395 0.127003 0.138657
v 0.133396 0.127003 0.185000
v 0.133395 0.127003 0.231343
v 0.133395 0.127003 0.277686
v 0.133396 0.127003 0.324029
v 0.136472 0.123691 0.045971
v 0.136472 0.123691 0.092314
v 0.136472 0.123691 0.138657
v 0.136472 0.123691 0.185000
v 0.136472 0.123691 0.231343
v 0.136472 0.123691 0.277686
v 0.136472 0.123691 0.324029
v 0.139466 0.120304 0.045971
v 0.139466 0.120304 0.092314
v 0.139466 0.120304 0.138657
v 0.139466 0.120304 0.185000
v 0.139466 0.120304 0.231343
v 0.139466 0.120304 0.277686
v 0.139466 0.120304 0.324029
v 0.142377 0.116845 0.045971
v 0.142377 0.116845 0.092314
v 0.142377 0.116845 0.138657
v 0.142377 0.116845 0.185000
v 0.142377 0.116845 0.231343
v 0.142377 0.116845 0.277686
v 0.142377 0.116845 0.324029
v 0.145201 0.113316 0.045971
v 0.145201 0.113316 0.092314
v 0.145201 0.113316 0.138657
v 0.145201 0.113316 0.185000
v 0.145201 0.113316 0.231343
v 0.145201 0.113316 0.277686
v 0.145201 0.113316 0.324029
v 0.147939 0.109719 0.045971
v 0.147939 0.109719 0.092314
v 0.147939 0.109719 0.138657
v 0.147939 0.109719 0.185000
v 0.147939 0.109719 0.231343
v 0.147939 0.109719 0.277686
v 0.147939 0.109719 0.324029
v 0.150587 0.106055 0.045971
v 0.150587 0.106055 0.092314
v 0.150587 0.106055 0.138657
v 0.150587 0.106055 0.185000
v 0.150587 0.106055 0.231343
v 0.150587 0.106055 0.277686
v 0.150587 0.106055 0.324029
v 0.155609 0.098539 0.045971
v 0.155609 0.098539 0.092314
v 0.155609 0.098539 0.138657
v 0.155609 0.098539 0.185000
v 0.155609 0.098539 0.231343
v 0.155609 0.098539 0.277686
v 0.155609 0.098539 0.324029
v 0.157981 0.094690 0.045971
v 0.157981 0.094690 0.092314
v 0.157981 0.094690 0.138657
v 0.157981 0.094690 0.185000
v 0.157981 0.094690 0.231343
v 0.157981 0.094690 0.277686
v 0.157981 0.094690 0.324029
v 0.160257 0.090784 0.045971
v 0.160257 0.090784 0.092314
v 0.160257 0.090784 0.138657
v 0.160257 0.090784 0.185000
v 0.160257 0.090784 0.231343
v 0.160257 0.090784 0.277686
v 0.160257 0.090784 0.324029
v 0.162436 0.086824 0.045971
v 0.162436 0.086824 0.092314
v 0.162436 0.086824 0.138657
v 0.162436 0.086824 0.185000
v 0.162436 0.086824 0.231343
v 0.162436 0.086824 0.277686
v 0.162436 0.086824 0.324029
v 0.164518 0.082811 0.045971
v 0.164518 0.082811 0.092314
v 0.164518 0.082811 0.138657
v 0.164518 0.082811 0.185000
v 0.164518 0.082811 0.231343
v 0.164518 0.082811 0.277686
v 0.164518 0.082811 0.324029
v 0.166501 0.078749 0.045971
v 0.166501 0.078749 0.092314
v 0.166501 0.078749 0.138657
v 0.166501 0.078749 0.185000
v 0.166501 0.078749 0.231343
v 0.166501 0.078749 0.277686
v 0.166501 0.078749 0.324029
v 0.168384 0.074639 0.045971
v 0.168384 0.074639 0.092314
v 0.168384 0.074639 0.138657
v 0.168384 0.074639 0.185000
v 0.168384 0.074639 0.231343
v 0.168384 0.074639 0.277686
v 0.168384 0.074639 0.324029
v 0.171843 0.066287 0.045971
v 0.171843 0.066287 0.092314
v 0.171843 0.066287 0.138657
v 0.171843 0.066287 0.185000
v 0.171843 0.066287 0.231343
v 0.171843 0.066287 0.277686
v 0.171843 0.066287 0.324029
v 0.173418 0.062050 0.045971
v 0.173418 0.062050 0.092314
v 0.173418 0.062050 0.138657
v 0.173418 0.062050 0.185000
v 0.173418 0.062050 0.231343
v 0.173418 0.062050 0.277686
v 0.173418 0.062050 0.324029
v 0.174888 0.057775 0.045971
v 0.174888 0.057775 0.092314
v 0.174888 0.057775 0.138657
v 0.174888 0.057775 0.185000
v 0.174888 0.057775 0.231343
v 0.174888 0.057775 0.277686
v 0.174888 0.057775 0.324029
v 0.176254 0.053466 0.045971
v 0.176254 0.053466 0.092314
v 0.176254 0.053466 0.138657
v 0.176254 0.053466 0.185000
v 0.176254 0.053466 0.231343
v 0.176254 0.053466 0.277686
v 0.176254 0.053466 0.324029
v 0.177513 0.049124 0.045971
v 0.177513 0.049124 0.092314
v 0.177513 0.049124 0.138657
v 0.177513 0.049124 0.185000
v 0.177513 0.049124 0.231343
v 0.177513 0.049124 0.277686
v 0.177513 0.049124 0.324029
v 0.178665 0.044753 0.045971
v 0.178665 0.044753 0.092314
v 0.178665 0.044753 0.138657
v 0.178665 0.044753 0.185000
v 0.178665 0.044753 0.231343
v 0.178665 0.044753 0.277686
v 0.178665 0.044753 0.324029
v 0.179710 0.040355 0.045971
v 0.179710 0.040355 0.092314
v 0.179710 0.040355 0.138657
v 0.179710 0.040355 0.185000
v 0.179710 0.040355 0.231343
v 0.179710 0.040355 0.277686
v 0.179710 0.040355 0.324029
v 0.181473 0.031489 0.045971
v 0.181473 0.031489 0.092314
v 0.181473 0.031489 0.138657
v 0.181473 0.031489 0.185000
v 0.181473 0.031489 0.231343
v 0.181473 0.031489 0.277686
v 0.181473 0.031489 0.324029
v 0.182191 0.027026 0.045971
v 0.182191 0.027026 0.092314
v 0.182191 0.027026 0.138657
v 0.182191 0.027026 0.185000
v 0.182191 0.027026 0.231343
v 0.182191 0.027026 0.277686
v 0.182191 0.027026 0.324029
v 0.182799 0.022546 0.045971
v 0.182799 0.022546 0.092314
v 0.182799 0.022546 0.138657
v 0.182799 0.022546 0.185000
v 0.182799 0.022546 0.231343
v 0.182799 0.022546 0.277686
v 0.182799 0.022546 0.324029
v 0.183298 0.018053 0.045971
v 0.183298 0.018053 0.092314
v 0.183298 0.018053 0.138657
v 0.183298 0.018053 0.185000
v 0.183298 0.018053 0.231343
v 0.183298 0.018053 0.277686
v 0.183298 0.018053 0.324029
v 0.183686 0.013549 0.045971
v 0.183686 0.013549 0.092314
v 0.183686 0.013549 0.138657
v 0.183686 0.013549 0.185000
v 0.183686 0.013549 0.231343
v 0.183686 0.013549 0.277686
v 0.183686 0.013549 0.324029
v 0.183963 0.009037 0.045971
v 0.183963 0.009037 0.092314
v 0.183963 0.009037 0.138657
v 0.183963 0.009037 0.185000
v 0.183963 0.009037 0.231343
v 0.183963 0.009037 0.277686
v 0.183963 0.009037 0.324029
v 0.184130 0.004520 0.045971
v 0.184130 0.004520 0.092314
v 0.184130 0.004520 0.138657
v 0.184130 0.004520 0.185000
v 0.184130 0.004520 0.231343
v 0.184130 0.004520 0.277686
v 0.184130 0.004520 0.324029
v 0.184130 -0.004520 0.045971
v 0.184130 -0.004520 0.092314
v 0.184130 -0.004520 0.138657
v 0.184130 -0.004520 0.185000
v 0.184130 -0.004520 0.231343
v 0.184130 -0.004520 0.277686
v 0.184130 -0.004520 0.324029
v 0.183963 -0.009037 0.045971
v 0.183963 -0.009037 0.092314
v 0.183963 -0.009037 0.138657
v 0.183963 -0.009037 0.185000
v 0.183963 -0.009037 0.231343
v 0.183963 -0.009037 0.277686
v 0.183963 -0.009037 0.324029
v 0.183686 -0.013549 0.045971
v 0.183686 -0.013549 0.092314
v 0.183686 -0.013549 0.138657
v 0.183686 -0.013549 0.185000
v 0.183686 -0.013549 0.231343
v 0.183686 -0.013549 0.277686
v 0.183686 -0.013549 0.324029
v 0.183298 -0.018053 0.045971
v 0.183298 -0.018053 0.092314
v 0.183298 -0.018053 0.138657
v 0.183298 -0.018053 0.185000
v 0.183298 -0.018053 0.231343
v 0.183298 -0.018053 0.277686
v 0.183298 -0.018053 0.324029
v 0.182799 -0.022546 0.045971
v 0.182799 -0.022546 0.092314
v 0.182799 -0.022546 0.138657
v 0.182799 -0.022546 0.185000
v 0.182799 -0.022546 0.231343
v 0.182799 -0.022546 0.277686
v 0.182799 -0.022546 0.324029
v 0.182191 -0.027026 0.045971
v 0.182191 -0.027026 0.092314
v 0.182191 -0.027026 0.138657
v 0.182191 -0.027026 0.185000
v 0.182191 -0.027026 0.231343
v 0.182191 -0.027026 0.277686
v 0.182191 -0.027026 0.324029
v 0.181473 -0.031489 0.045971
v 0.181473 -0.031489 0.092314
v 0.181473 -0.031489 0.138657
v 0.181473 -0.031489 0.185000
v 0.181473 -0.031489 0.231343
v 0.181473 -0.031489 0.277686
v 0.181473 -0.031489 0.324029
v 0.179710 -0.040355 0.045971
v 0.179710 -0.040355 0.092314
v 0.179710 -0.040355 0.138657
v 0.179710 -0.040355 0.185000
v 0.179710 -0.040355 0.231343
v 0.179710 -0.040355 0.277686
v 0.179710 -0.040355 0.324029
v 0.178665 -0.044753 0.045971
v 0.178665 -0.044753 0.092314
v 0.178665 -0.044753 0.138657
v 0.178665 -0.044753 0.185000
v 0.178665 -0.044753 0.231343
v 0.178665 -0.044753 0.277686
v 0.178665 -0.044753 0.324029
v 0.177513 -0.049124 0.045971
v 0.177513 -0.049124 0.092314
v 0.177513 -0.049124 0.138657
v 0.177513 -0.049124 0.185000
v 0.177513 -0.049124 0.231343
v 0.177513 -0.049124 0.277686
v 0.177513 -0.049124 0.324029
v 0.176254 -0.053466 0.045971
v 0.176254 -0.053466 0.092314
v 0.176254 -0.053466 0.138657
v 0.176254 -0.053466 0.185000
v 0.176254 -0.053466 0.231343
v 0.176254 -0.053466 0.277686
v 0.176254 -0.053466 0.324029
v 0.174888 -0.057775 0.045971
v 0.174888 -0.057775 0.092314
v 0.174888 -0.057775 0.138657
v 0.174888 -0.057775 0.185000
v 0.174888 -0.057775 0.231343
v 0.174888 -0.057775 0.277686
v 0.174888 -0.057775 0.324029
v 0.173418 -0.062050 0.045971
v 0.173418 -0.062050 0.092314
v 0.173418 -0.062050 0.138657
v 0.173418 -0.062050 0.185000
v 0.173418 -0.062050 0.231343
v 0.173418 -0.062050 0.277686
v 0.173418 -0.062050 0.324029
v 0.171843 -0.066287 0.045971
v 0.171843 -0.066287 0.092314
v 0.171843 -0.066287 0.138657
v 0.171843 -0.066287 0.185000
v 0.171843 -0.066287 0.231343
v 0.171843 -0.066287 0.277686
v 0.171843 -0.066287 0.324029
v 0.168384 -0.074639 0.045971
v 0.168384 -0.074639 0.092314
v 0.168384 -0.074639 0.138657
v 0.168384 -0.074639 0.185000
v 0.168384 -0.074639 0.231343
v 0.168384 -0.074639 0.277686
v 0.168384 -0.074639 0.324029
v 0.166501 -0.078749 0.045971
v 0.166501 -0.078749 0.092314
v 0.166501 -0.078749 0.138657
v 0.166501 -0.078749 0.185000
v 0.166501 -0.078749 0.231343
v 0.166501 -0.078749 0.277686
v 0.166501 -0.078749 0.324029
v 0.164518 -0.082811 0.045971
v 0.164518 -0.082811 0.092314
v 0.164518 -0.082811 0.138657
v 0.164518 -0.082811 0.185000
v 0.164518 -0.082811 0.231343
v 0.164518 -0.082811 0.277686
v 0.164518 -0.082811 0.324029
v 0.162436 -0.086824 0.045971
v 0.162436 -0.086824 0.092314
v 0.162436 -0.086824 0.138657
v 0.162436 -0.086824 0.185000
v 0.162436 -0.086824 0.231343
v 0.162436 -0.086824 0.277686
v 0.162436 -0.086824 0.324029
v 0.160257 -0.090784 0.045971
v 0.160257 -0.090784 0.092314
v 0.160257 -0.090784 0.138657
v 0.160257 -0.090784 0.185000
v 0.160257 -0.090784 0.231343
v 0.160257 -0.090784 0.277686
v 0.160257 -0.090784 0.324029
v 0.157981 -0.094690 0.045971
v 0.157981 -0.094690 0.092314
v 0.157981 -0.094690 0.138657
v 0.157981 -0.094690 0.185000
v 0.157981 -0.094690 0.231343
v 0.157981 -0.094690 0.277686
v 0.157981 -0.094690 0.324029
v 0.155609 -0.098539 0.045971
v 0.155609 -0.098539 0.092314
v 0.155609 -0.098539 0.138657
v 0.155609 -0.098539 0.185000
v 0.155609 -0.098539 0.231343
v 0.155609 -0.098539 0.277686
v 0.155609 -0.098539 0.324029
v 0.150587 -0.106055 0.045971
v 0.150587 -0.106055 0.092314
v 0.150587 -0.106055 0.138657
v 0.150587 -0.106055 0.185000
v 0.150587 -0.106055 0.231343
v 0.150587 -0.106055 0.277686
v 0.150587 -0.106055 0.324029
v 0.147939 -0.109719 0.045971
v 0.147939 -0.109719 0.092314
v 0.147939 -0.109719 0.138657
v 0.147939 -0.109719 0.185000
v 0.147939 -0.109719 0.231343
v 0.147939 -0.109719 0.277686
v 0.147939 -0.109719 0.324029
v 0.145201 -0.113316 0.045971
v 0.145201 -0.113316 0.092314
v 0.145201 -0.113316 0.138657
v 0.145201 -0.113316 0.185000
v 0.145201 -0.113316 0.231343
v 0.145201 -0.113316 0.277686
v 0.145201 -0.113316 0.324029
v 0.142377 -0.116845 0.045971
v 0.142377 -0.116845 0.092314
v 0.142377 -0.116845 0.138657
v 0.142377 -0.116845 0.185000
v 0.142377 -0.116845 0.231343
v 0.142377 -0.116845 0.277686
v 0.142377 -0.116845 0.324029
v 0.139466 -0.120304 0.045971
v 0.139466 -0.120304 0.092314
v 0.139466 -0.120304 0.138657
v 0.139466 -0.120304 0.185000
v 0.139466 -0.120304 0.231343
v 0.139466 -0.120304 0.277686
v 0.139466 -0.120304 0.324029
v 0.136472 -0.123691 0.045971
v 0.136472 -0.123691 0.092314
v 0.136472 -0.123691 0.138657
v 0.136472 -0.123691 0.185000
v 0.136472 -0.123691 0.231343
v 0.136472 -0.123691 0.277686
v 0.136472 -0.123691 0.324029
v 0.133396 -0.127003 0.045971
v 0.133396 -0.127003 0.092314
v 0.133396 -0.127003 0.138657
v 0.133396 -0.127003 0.185000
v 0.133396 -0.127003 0.231343
v 0.133396 -0.127003 0.277686
v 0.133396 -0.127003 0.324029
v 0.127003 -0.133395 0.045971
v 0.127003 -0.133396 0.092314
v 0.127003 -0.133395 0.138657
v 0.127003 -0.133396 0.185000
v 0.127003 -0.133395 0.231343
v 0.127003 -0.133395 0.277686
v 0.127003 -0.133396 0.324029
v 0.123691 -0.136472 0.045971
v 0.123691 -0.136472 0.092314
v 0.123691 -0.136472 0.138657
v 0.123691 -0.136472 0.185000
v 0.123691 -0.136472 0.231343
v 0.123691 -0.136472 0.277686
v 0.123691 -0.136472 0.324029
v 0.120304 -0.139466 0.045971
v 0.120304 -0.139466 0.092314
v 0.120304 -0.139466 0.138657
v 0.120304 -0.139466 0.185000
v 0.120304 -0.139466 0.231343
v 0.120304 -0.139466 0.277686
v 0.120304 -0.139466 0.324029
v 0.116845 -0.142377 0.045971
v 0.116845 -0.142377 0.092314
v 0.116845 -0.142377 0.138657
v 0.116845 -0.142377 0.185000
v 0.116845 -0.142377 0.231343
v 0.116845 -0.142377 0.277686
v 0.116845 -0.142377 0.324029
v 0.113316 -0.145201 0.045971
v 0.113316 -0.145201 0.092314
v 0.113316 -0.145201 0.138657
v 0.113316 -0.145201 0.185000
v 0.113316 -0.145201 0.231343
v 0.113316 -0.145201 0.277686
v 0.113316 -0.145201 0.324029
v 0.109719 -0.147939 0.045971
v 0.109719 -0.147939 0.092314
v 0.109719 -0.147939 0.138657
v 0.109719 -0.147939 0.185000
v 0.109719 -0.147939 0.231343
v 0.109719 -0.147939 0.277686
v 0.109719 -0.147939 0.324029
v 0.106055 -0.150587 0.045971
v 0.106055 -0.150587 0.092314
v 0.106055 -0.150587 0.138657
v 0.106055 -0.150587 0.185000
v 0.106055 -0.150587 0.231343
v 0.106055 -0.150587 0.277686
v 0.106055 -0.150587 0.324029
v 0.098539 -0.155609 0.045971
v 0.098539 -0.155609 0.092314
v 0.098539 -0.155609 0.138657
v 0.098539 -0.155609 0.185000
v 0.098539 -0.155609 0.231343
v 0.098539 -0.155609 0.277686
v 0.098539 -0.155609 0.324029
v 0.094690 -0.157981 0.045971
v 0.094690 -0.157981 0.092314
v 0.094690 -0.157981 0.138657
v 0.094690 -0.157981 0.185000
v 0.094690 -0.157981 0.231343
v 0.094690 -0.157981 0.277686
v 0.094690 -0.157981 0.324029
v 0.090784 -0.160257 0.045971
v 0.090784 -0.160257 0.092314
v 0.090784 -0.160257 0.138657
v 0.090784 -0.160257 0.185000
v 0.090784 -0.160257 0.231343
v 0.090784 -0.160257 0.277686
v 0.090784 -0.160257 0.324029
v 0.086824 -0.162436 0.045971
v 0.086824 -0.162436 0.092314
v 0.086824 -0.162436 0.138657
v 0.086824 -0.162436 0.185000
v 0.086824 -0.162436 0.231343
v 0.086824 -0.162436 0.277686
v 0.086824 -0.162436 0.324029
v 0.082811 -0.164518 0.045971
v 0.082811 -0.164518 0.092314
v 0.082811 -0.164518 0.138657
v 0.082811 -0.164518 0.185000
v 0.082811 -0.164518 0.231343
v 0.082811 -0.164518 0.277686
v 0.082811 -0.164518 0.324029
v 0.078749 -0.166501 0.045971
v 0.078749 -0.166501 0.092314
v 0.078749 -0.166501 0.138657
v 0.078749 -0.166501 0.185000
v 0.078749 -0.166501 0.231343
v 0.078749 -0.166501 0.277686
v 0.078749 -0.166501 0.324029
v 0.074639 -0.168384 0.045971
v 0.074639 -0.168384 0.092314
v 0.074639 -0.168384 0.138657
v 0.074639 -0.168384 0.185000
v 0.074639 -0.168384 0.231343
v 0.074639 -0.168384 0.277686
v 0.074639 -0.168384 0.324029
v 0.066287 -0.171843 0.045971
v 0.066287 -0.171843 0.092314
v 0.066287 -0.171843 0.138657
v 0.066287 -0.171843 0.185000
v 0.066287 -0.171843 0.231343
v 0.066287 -0.171843 0.277686
v 0.066287 -0.171843 0.324029
v 0.062050 -0.173418 0.045971
v 0.062050 -0.173418 0.092314
v 0.062050 -0.173418 0.138657
v 0.062050 -0.173418 0.185000
v 0.062050 -0.173418 0.231343
v 0.062050 -0.173418 0.277686
v 0.062050 -0.173418 0.324029
v 0.057775 -0.174888 0.045971
v 0.057775 -0.174888 0.092314
v 0.057775 -0.174888 0.138657
v 0.057775 -0.174888 0.185000
v 0.057775 -0.174888 0.231343
v 0.057775 -0.174888 0.277686
v 0.057775 -0.174888 0.324029
v 0.053466 -0.176254 0.045971
v 0.053466 -0.176254 0.092314
v 0.053466 -0.176254 0.138657
v 0.053466 -0.176254 0.185000
v 0.053466 -0.176254 0.231343
v 0.053466 -0.176254 0.277686
v 0.053466 -0.176254 0.324029
v 0.049124 -0.177513 0.045971
v 0.049124 -0.177513 0.092314
v 0.049124 -0.177513 0.138657
v 0.049124 -0.177513 0.185000
v 0.049124 -0.177513 0.231343
v 0.049124 -0.177513 0.277686
v 0.049124 -0.177513 0.324029
v 0.044753 -0.178665 0.045971
v 0.044753 -0.178665 0.092314
v 0.044753 -0.178665 0.138657
v 0.044753 -0.178665 0.185000
v 0.044753 -0.178665 0.231343
v 0.044753 -0.178665 0.277686
v 0.044753 -0.178665 0.324029
v 0.040355 -0.179710 0.045971
v 0.040355 -0.179710 0.092314
v 0.040355 -0.179710 0.138657
v 0.040355 -0.179710 0.185000
v 0.040355 -0.179710 0.231343
v 0.040355 -0.179710 0.277686
v 0.040355 -0.179710 0.324029
v 0.031489 -0.181473 0.045971
v 0.031489 -0.181473 0.092314
v 0.031489 -0.181473 0.138657
v 0.031489 -0.181473 0.185000
v 0.031489 -0.181473 0.231343
v 0.031489 -0.181473 0.277686
v 0.031489 -0.181473 0.324029
v 0.027026 -0.182191 0.045971
v 0.027026 -0.182191 0.092314
v 0.027026 -0.182191 0.138657
v 0.027026 -0.182191 0.185000
v 0.027026 -0.182191 0.231343
v 0.027026 -0.182191 0.277686
v 0.027026 -0.182191 0.324029
v 0.022546 -0.182799 0.045971
v 0.022546 -0.182799 0.092314
v 0.022546 -0.182799 0.138657
v 0.022546 -0.182799 0.185000
v 0.022546 -0.182799 0.231343
v 0.022546 -0.182799 0.277686
v 0.022546 -0.182799 0.324029
v 0.018053 -0.183298 0.045971
v 0.018053 -0.183298 0.092314
v 0.018053 -0.183298 0.138657
v 0.018053 -0.183298 0.185000
v 0.018053 -0.183298 0.231343
v 0.018053 -0.183298 0.277686
v 0.018053 -0.183298 0.324029
v 0.013549 -0.183686 0.045971
v 0.013549 -0.183686 0.092314
v 0.013549 -0.183686 0.138657
v 0.013549 -0.183686 0.185000
v 0.013549 -0.183686 0.231343
v 0.013549 -0.183686 0.277686
v 0.013549 -0.183686 0.324029
v 0.009037 -0.183963 0.045971
v 0.009037 -0.183963 0.092314
v 0.009037 -0.183963 0.138657
v 0.009037 -0.183963 0.185000
v 0.009037 -0.183963 0.231343
v 0.009037 -0.183963 0.277686
v 0.009037 -0.183963 0.324029
v 0.004520 -0.184130 0.045971
v 0.004520 -0.184130 0.092314
v 0.004520 -0.184130 0.138657
v 0.004520 -0.184130 0.185000
v 0.004520 -0.184130 0.231343
v 0.004520 -0.184130 0.277686
v 0.004520 -0.184130 0.324029
v -0.004520 -0.184130 0.045971
v -0.004520 -0.184130 0.092314
v -0.004520 -0.184130 0.138657
v -0.004520 -0.184130 0.185000
v -0.004520 -0.184130 0.231343
v -0.004520 -0.184130 0.277686
v -0.004520 -0.184130 0.324029
v -0.009037 -0.183963 0.045971
v -0.009037 -0.183963 0.092314
v -0.009037 -0.183963 0.138657
v -0.009037 -0.183963 0.185000
v -0.009037 -0.183963 0.231343
v -0.009037 -0.183963 0.277686
v -0.009037 -0.183963 0.324029
v -0.013549 -0.183686 0.045971
v -0.013549 -0.183686 0.092314
v -0.013549 -0.183686 0.138657
v -0.013549 -0.183686 0.185000
v -0.013549 -0.183686 0.231343
v -0.013549 -0.183686 0.277686
v -0.013549 -0.183686 0.324029
v -0.018053 -0.183298 0.045971
v -0.018053 -0.183298 0.092314
v -0.018053 -0.183298 0.138657
v -0.018053 -0.183298 0.185000
v -0.018053 -0.183298 0.231343
v -0.018053 -0.183298 0.277686
v -0.018053 -0.183298 0.324029
v -0.022546 -0.182799 0.045971
v -0.022546 -0.182799 0.092314
v -0.022546 -0.182799 0.138657
v -0.022546 -0.182799 0.185000
v -0.022546 -0.182799 0.231343
v -0.022546 -0.182799 0.277686
v -0.022546 -0.182799 0.324029
v -0.027026 -0.182191 0.045971
v -0.027026 -0.182191 0.092314
v -0.027026 -0.182191 0.138657
v -0.027026 -0.182191 0.185000
v -0.027026 -0.182191 0.231343
v -0.027026 -0.182191 0.277686
v -0.027026 -0.182191 0.324029
v -0.031489 -0.181473 0.045971
v -0.031489 -0.181473 0.092314
v -0.031489 -0.181473 0.138657
v -0.031489 -0.181473 0.185000
v -0.031489 -0.181473 0.231343
v -0.031489 -0.181473 0.277686
v -0.031489 -0.181473 0.324029
v -0.040355 -0.179710 0.045971
v -0.040355 -0.179710 0.092314
v -0.040355 -0.179710 0.138657
v -0.040355 -0.179710 0.185000
v -0.040355 -0.179710 0.231343
v -0.040355 -0.179710 0.277686
v -0.040355 -0.179710 0.324029
v -0.044753 -0.178665 0.045971
v -0.044753 -0.178665 0.092314
v -0.044753 -0.178665 0.138657
v -0.044753 -0.178665 0.185000
v -0.044753 -0.178665 0.231343
v -0.044753 -0.178665 0.277686
v -0.044753 -0.178665 0.324029
v -0.049124 -0.177513 0.045971
v -0.049124 -0.177513 0.092314
v -0.049124 -0.177513 0.138657
v -0.049124 -0.177513 0.185000
v -0.049124 -0.177513 0.231343
v -0.049124 -0.177513 0.277686
v -0.049124 -0.177513 0.324029
v -0.053466 -0.176254 0.045971
v -0.053466 -0.176254 0.092314
v -0.053466 -0.176254 0.138657
v -0.053466 -0.176254 0.185000
v -0.053466 -0.176254 0.231343
v -0.053466 -0.176254 0.277686
v -0.053466 -0.176254 0.324029
v -0.057775 -0.174888 0.045971
v -0.057775 -0.174888 0.092314
v -0.057775 -0.174888 0.138657
v -0.057775 -0.174888 0.185000
v -0.057775 -0.174888 0.231343
v -0.057775 -0.174888 0.277686
v -0.057775 -0.174888 0.324029
v -0.062050 -0.173418 0.045971
v -0.062050 -0.173418 0.092314
v -0.062050 -0.173418 0.138657
v -0.062050 -0.173418 0.185000
v -0.062050 -0.173418 0.231343
v -0.062050 -0.173418 0.277686
v -0.062050 -0.173418 0.324029
v -0.066287 -0.171843 0.045971
v -0.066287 -0.171843 0.092314
v -0.066287 -0.171843 0.138657
v -0.066287 -0.171843 0.185000
v -0.066287 -0.171843 0.231343
v -0.066287 -0.171843 0.277686
v -0.066287 -0.171843 0.324029
v -0.074639 -0.168384 0.045971
v -0.074639 -0.168384 0.092314
v -0.074639 -0.168384 0.138657
v -0.074639 -0.168384 0.185000
v -0.074639 -0.168384 0.231343
v -0.074639 -0.168384 0.277686
v -0.074639 -0.168384 0.324029
v -0.078749 -0.166501 0.045971
v -0.078749 -0.166501 0.092314
v -0.078749 -0.166501 0.138657
v -0.078749 -0.166501 0.185000
v -0.078749 -0.166501 0.231343
v -0.078749 -0.166501 0.277686
v -0.078749 -0.166501 0.324029
v -0.082811 -0.164518 0.045971
v -0.082811 -0.164518 0.092314
v -0.082811 -0.164518 0.138657
v -0.082811 -0.164518 0.185000
v -0.082811 -0.164518 0.231343
v -0.082811 -0.164518 0.277686
v -0.082811 -0.164518 0.324029
v -0.086824 -0.162436 0.045971
v -0.086824 -0.162436 0.092314
v -0.086824 -0.162436 0.138657
v -0.086824 -0.162436 0.185000
v -0.086824 -0.162436 0.231343
v -0.086824 -0.162436 0.277686
v -0.086824 -0.162436 0.324029
v -0.090784 -0.160257 0.045971
v -0.090784 -0.160257 0.092314
v -0.090784 -0.160257 0.138657
v -0.090784 -0.160257 0.185000
v -0.090784 -0.160257 0.231343
v -0.090784 -0.160257 0.277686
v -0.090784 -0.160257 0.324029
v -0.094690 -0.157981 0.045971
v -0.094690 -0.157981 0.092314
v -0.094690 -0.157981 0.138657
v -0.094690 -0.157981 0.185000
v -0.094690 -0.157981 0.231343
v -0.094690 -0.157981 0.277686
v -0.094690 -0.157981 0.324029
v -0.098539 -0.155609 0.045971
v -0.098539 -0.155609 0.092314
v -0.098539 -0.155609 0.138657
v -0.098539 -0.155609 0.185000
v -0.098539 -0.155609 0.231343
v -0.098539 -0.155609 0.277686
v -0.098539 -0.155609 0.324029
v -0.106055 -0.150587 0.045971
v -0.106055 -0.150587 0.092314
v -0.106055 -0.150587 0.138657
v -0.106055 -0.150587 0.185000
v -0.106055 -0.150587 0.231343
v -0.106055 -0.150587 0.277686
v -0.106055 -0.150587 0.324029
v -0.109719 -0.147939 0.045971
v -0.109719 -0.147939 0.092314
v -0.109719 -0.147939 0.138657
v -0.109719 -0.147939 0.185000
v -0.109719 -0.147939 0.231343
v -0.109719 -0.147939 0.277686
v -0.109719 -0.147939 0.324029
v -0.113316 -0.145201 0.045971
v -0.113316 -0.145201 0.092314
v -0.113316 -0.145201 0.138657
v -0.113316 -0.145201 0.185000
v -0.113316 -0.145201 0.231343
v -0.113316 -0.145201 0.277686
v -0.113316 -0.145201 0.324029
v -0.116845 -0.142377 0.045971
v -0.116845 -0.142377 0.092314
v -0.116845 -0.142377 0.138657
v -0.116845 -0.142377 0.185000
v -0.116845 -0.142377 0.231343
v -0.116845 -0.142377 0.277686
v -0.116845 -0.142377 0.324029
v -0.120304 -0.139466 0.045971
v -0.120304 -0.139466 0.092314
v -0.120304 -0.139466 0.138657
v -0.120304 -0.139466 0.185000
v -0.120304 -0.139466 0.231343
v -0.120304 -0.139466 0.277686
v -0.120304 -0.139466 0.324029
v -0.123691 -0.136472 0.045971
v -0.123691 -0.136472 0.092314
v -0.123691 -0.136472 0.138657
v -0.123691 -0.136472 0.185000
v -0.123691 -0.136472 0.231343
v -0.123691 -0.136472 0.277686
v -0.123691 -0.136472 0.324029
v -0.127003 -0.133396 0.045971
v -0.127003 -0.133396 0.092314
v -0.127003 -0.133396 0.138657
v -0.127003 -0.133396 0.185000
v -0.127003 -0.133396 0.231343
v -0.127003 -0.133396 0.277686
v -0.127003 -0.133396 0.324029
v -0.133395 -0.127003 0.045971
v -0.133396 -0.127003 0.092314
v -0.133395 -0.127003 0.138657
v -0.133396 -0.127003 0.185000
v -0.133395 -0.127003 0.231343
v -0.133395 -0.127003 0.277686
v -0.133396 -0.127003 0.324029
v -0.136472 -0.123691 0.045971
v -0.136472 -0.123691 0.092314
v -0.136472 -0.123691 0.138657
v -0.136472 -0.123691 0.185000
v -0.136472 -0.123691 0.231343
v -0.136472 -0.123691 0.277686
v -0.136472 -0.123691 0.324029
v -0.139466 -0.120304 0.045971
v -0.139466 -0.120304 0.092314
v -0.139466 -0.120304 0.138657
v -0.139466 -0.120304 0.185000
v -0.139466 -0.120304 0.231343
v -0.139466 -0.120304 0.277686
v -0.139466 -0.120304 0.324029
v -0.142377 -0.116845 0.045971
v -0.142377 -0.116845 0.092314
v -0.142377 -0.116845 0.138657
v -0.142377 -0.116845 0.185000
v -0.142377 -0.116845 0.231343
v -0.142377 -0.116845 0.277686
v -0.142377 -0.116845 0.324029
v -0.145201 -0.113316 0.045971
v -0.145201 -0.113316 0.092314
v -0.145201 -0.113316 0.138657
v -0.145201 -0.113316 0.185000
v -0.145201 -0.113316 0.231343
v -0.145201 -0.113316 0.277686
v -0.145201 -0.113316 0.324029
v -0.147939 -0.109719 0.045971
v -0.147939 -0.109719 0.092314
v -0.147939 -0.109719 0.138657
v -0.147939 -0.109719 0.185000
v -0.147939 -0.109719 0.231343
v -0.147939 -0.109719 0.277686
v -0.147939 -0.109719 0.324029
v -0.150587 -0.106055 0.045971
v -0.150587 -0.106055 0.092314
v -0.150587 -0.106055 0.138657
v -0.150587 -0.106055 0.185000
v -0.150587 -0.106055 0.231343
v -0.150587 -0.106055 0.277686
v -0.150587 -0.106055 0.324029
v -0.155609 -0.098539 0.045971
v -0.155609 -0.098539 0.092314
v -0.155609 -0.098539 0.138657
v -0.155609 -0.098539 0.185000
v -0.155609 -0.098539 0.231343
v -0.155609 -0.098539 0.277686
v -0.155609 -0.098539 0.324029
v -0.157981 -0.094690 0.045971
v -0.157981 -0.094690 0.092314
v -0.157981 -0.094690 0.138657
v -0.157981 -0.094690 0.185000
v -0.157981 -0.094690 0.231343
v -0.157981 -0.094690 0.277686
v -0.157981 -0.094690 0.324029
v -0.160257 -0.090784 0.045971
v -0.160257 -0.090784 0.092314
v -0.160257 -0.090784 0.138657
v -0.160257 -0.090784 0.185000
v -0.160257 -0.090784 0.231343
v -0.160257 -0.090784 0.277686
v -0.160257 -0.090784 0.324029
v -0.162436 -0.086824 0.045971
v -0.162436 -0.086824 0.092314
v -0.162436 -0.086824 0.138657
v -0.162436 -0.086824 0.185000
v -0.162436 -0.086824 0.231343
v -0.162436 -0.086824 0.277686
v -0.162436 -0.086824 0.324029
v -0.164518 -0.082811 0.045971
v -0.164518 -0.082811 0.092314
v -0.164518 -0.082811 0.138657
v -0.164518 -0.082811 0.185000
v -0.164518 -0.082811 0.231343
v -0.164518 -0.082811 0.277686
v -0.164518 -0.082811 0.324029
v -0.166501 -0.078749 0.045971
v -0.166501 -0.078749 0.092314
v -0.166501 -0.078749 0.138657
v -0.166501 -0.078749 0.185000
v -0.166501 -0.078749 0.231343
v -0.166501 -0.078749 0.277686
v -0.166501 -0.078749 0.324029
v -0.168384 -0.074639 0.045971
v -0.168384 -0.074639 0.092314
v -0.168384 -0.074639 0.138657
v -0.168384 -0.074639 0.185000
v -0.168384 -0.074639 0.231343
v -0.168384 -0.074639 0.277686
v -0.168384 -0.074639 0.324029
v -0.171843 -0.066287 0.045971
v -0.171843 -0.066287 0.092314
v -0.171843 -0.066287 0.138657
v -0.171843 -0.066287 0.185000
v -0.171843 -0.066287 0.231343
v -0.171843 -0.066287 0.277686
v -0.171843 -0.066287 0.324029
v -0.173418 -0.062050 0.045971
v -0.173418 -0.062050 0.092314
v -0.173418 -0.062050 0.138657
v -0.173418 -0.062050 0.185000
v -0.173418 -0.062050 0.231343
v -0.173418 -0.062050 0.277686
v -0.173418 -0.062050 0.324029
v -0.174888 -0.057775 0.045971
v -0.174888 -0.057775 0.092314
v -0.174888 -0.057775 0.138657
v -0.174888 -0.057775 0.185000
v -0.174888 -0.057775 0.231343
v -0.174888 -0.057775 0.277686
v -0.174888 -0.057775 0.324029
v -0.176254 -0.053466 0.045971
v -0.176254 -0.053466 0.092314
v -0.176254 -0.053466 0.138657
v -0.176254 -0.053466 0.185000
v -0.176254 -0.053466 0.231343
v -0.176254 -0.053466 0.277686
v -0.176254 -0.053466 0.324029
v -0.177513 -0.049124 0.045971
v -0.177513 -0.049124 0.092314
v -0.177513 -0.049124 0.138657
v -0.177513 -0.049124 0.185000
v -0.177513 -0.049124 0.231343
v -0.177513 -0.049124 0.277686
v -0.177513 -0.049124 0.324029
v -0.178665 -0.044753 0.045971
v -0.178665 -0.044753 0.092314
v -0.178665 -0.044753 0.138657
v -0.178665 -0.044753 0.185000
v -0.178665 -0.044753 0.231343
v -0.178665 -0.044753 0.277686
v -0.178665 -0.044753 0.324029
v -0.179710 -0.040355 0.045971
v -0.179710 -0.040355 0.092314
v -0.179710 -0.040355 0.138657
v -0.179710 -0.040355 0.185000
v -0.179710 -0.040355 0.231343
v -0.179710 -0.040355 0.277686
v -0.179710 -0.040355 0.324029
v -0.181473 -0.031489 0.045971
v -0.181473 -0.031489 0.092314
v -0.181473 -0.031489 0.138657
v -0.181473 -0.031489 0.185000
v -0.181473 -0.031489 0.231343
v -0.181473 -0.031489 0.277686
v -0.181473 -0.031489 0.324029
v -0.182191 -0.027026 0.045971
v -0.182191 -0.027026 0.092314
v -0.182191 -0.027026 0.138657
v -0.182191 -0.027026 0.185000
v -0.182191 -0.027026 0.231343
v -0.182191 -0.027026 0.277686
v -0.182191 -0.027026 0.324029
v -0.182799 -0.022546 0.045971
v -0.182799 -0.022546 0.092314
v -0.182799 -0.022546 0.138657
v -0.182799 -0.022546 0.185000
v -0.182799 -0.022546 0.231343
v -0.182799 -0.022546 0.277686
v -0.182799 -0.022546 0.324029
v -0.183298 -0.018053 0.045971
v -0.183298 -0.018053 0.092314
v -0.183298 -0.018053 0.138657
v -0.183298 -0.018053 0.185000
v -0.183298 -0.018053 0.231343
v -0.183298 -0.018053 0.277686
v -0.183298 -0.018053 0.324029
v -0.183686 -0.013549 0.045971
v -0.183686 -0.013549 0.092314
v -0.183686 -0.013549 0.138657
v -0.183686 -0.013549 0.185000
v -0.183686 -0.013549 0.231343
v -0.183686 -0.013549 0.277686
v -0.183686 -0.013549 0.324029
v -0.183963 -0.009037 0.045971
v -0.183963 -0.009037 0.092314
v -0.183963 -0.009037 0.138657
v -0.183963 -0.009037 0.185000
v -0.183963 -0.009037 0.231343
v -0.183963 -0.009037 0.277686
v -0.183963 -0.009037 0.324029
v -0.184130 -0.004520 0.045971
v -0.184130 -0.004520 0.092314
v -0.184130 -0.004520 0.138657
v -0.184130 -0.004520 0.185000
v -0.184130 -0.004520 0.231343
v -0.184130 -0.004520 0.277686
v -0.184130 -0.004520 0.324029
v -0.184130 0.004520 0.045971
v -0.184130 0.004520 0.092314
v -0.184130 0.004520 0.138657
v -0.184130 0.004520 0.185000
v -0.184130 0.004520 0.231343
v -0.184130 0.004520 0.277686
v -0.184130 0.004520 0.324029
v -0.183963 0.009037 0.045971
v -0.183963 0.009037 0.092314
v -0.183963 0.009037 0.138657
v -0.183963 0.009037 0.185000
v -0.183963 0.009037 0.231343
v -0.183963 0.009037 0.277686
v -0.183963 0.009037 0.324029
v -0.183686 0.013549 0.045971
v -0.183686 0.013549 0.092314
v -0.183686 0.013549 0.138657
v -0.183686 0.013549 0.185000
v -0.183686 0.013549 0.231343
v -0.183686 0.013549 0.277686
v -0.183686 0.013549 0.324029
v -0.183298 0.018053 0.045971
v -0.183298 0.018053 0.092314
v -0.183298 0.018053 0.138657
v -0.183298 0.018053 0.185000
v -0.183298 0.018053 0.231343
v -0.183298 0.018053 0.277686
v -0.183298 0.018053 0.324029
v -0.182799 0.022546 0.045971
v -0.182799 0.022546 0.092314
v -0.182799 0.022546 0.138657
v -0.182799 0.022546 0.185000
v -0.182799 0.022546 0.231343
v -0.182799 0.022546 0.277686
v -0.182799 0.022546 0.324029
v -0.182191 0.027026 0.045971
v -0.182191 0.027026 0.092314
v -0.182191 0.027026 0.138657
v -0.182191 0.027026 0.185000
v -0.182191 0.027026 0.231343
v -0.182191 0.027026 0.277686
v -0.182191 0.027026 0.324029
v -0.181473 0.031489 0.045971
v -0.181473 0.031489 0.092314
v -0.181473 0.031489 0.138657
v -0.181473 0.031489 0.185000
v -0.181473 0.031489 0.231343
v -0.181473 0.031489 0.277686
v -0.181473 0.031489 0.324029
v -0.179710 0.040355 0.045971
v -0.179710 0.040355 0.092314
v -0.179710 0.040355 0.138657
v -0.179710 0.040355 0.185000
v -0.179710 0.040355 0.231343
v -0.179710 0.040355 0.277686
v -0.179710 0.040355 0.324029
v -0.178665 0.044753 0.045971
v -0.178665 0.044753 0.092314
v -0.178665 0.044753 0.138657
v -0.178665 0.044753 0.185000
v -0.178665 0.044753 0.231343
v -0.178665 0.044753 0.277686
v -0.178665 0.044753 0.324029
v -0.177513 0.049124 0.045971
v -0.177513 0.049124 0.092314
v -0.177513 0.049124 0.138657
v -0.177513 0.049124 0.185000
v -0.177513 0.049124 0.231343
v -0.177513 0.049124 0.277686
v -0.177513 0.049124 0.324029
v -0.176254 0.053466 0.045971
v -0.176254 0.053466 0.092314
v -0.176254 0.053466 0.138657
v -0.176254 0.053466 0.185000
v -0.176254 0.053466 0.231343
v -0.176254 0.053466 0.277686
v -0.176254 0.053466 0.324029
v -0.174888 0.057775 0.045971
v -0.174888 0.057775 0.092314
v -0.174888 0.057775 0.138657
v -0.174888 0.057775 0.185000
v -0.174888 0.057775 0.231343
v -0.174888 0.057775 0.277686
v -0.174888 0.057775 0.324029
v -0.173418 0.062050 0.045971
v -0.173418 0.062050 0.092314
v -0.173418 0.062050 0.138657
v -0.173418 0.062050 0.185000
v -0.173418 0.062050 0.231343
v -0.173418 0.062050 0.277686
v -0.173418 0.062050 0.324029
v -0.171843 0.066287 0.045971
v -0.171843 0.066287 0.092314
v -0.171843 0.066287 0.138657
v -0.171843 0.066287 0.185000
v -0.171843 0.066287 0.231343
v -0.171843 0.066287 0.277686
v -0.171843 0.066287 0.324029
v -0.168384 0.074639 0.045971
v -0.168384 0.074639 0.092314
v -0.168384 0.074639 0.138657
v -0.168384 0.074639 0.185000
v -0.168384 0.074639 0.231343
v -0.168384 0.074639 0.277686
v -0.168384 0.074639 0.324029
v -0.166501 0.078749 0.045971
v -0.166501 0.078749 0.092314
v -0.166501 0.078749 0.138657
v -0.166501 0.078749 0.185000
v -0.166501 0.078749 0.231343
v -0.166501 0.078749 0.277686
v -0.166501 0.078749 0.324029
v -0.164518 0.082811 0.045971
v -0.164518 0.082811 0.092314
v -0.164518 0.082811 0.138657
v -0.164518 0.082811 0.185000
v -0.164518 0.082811 0.231343
v -0.164518 0.082811 0.277686
v -0.164518 0.082811 0.324029
v -0.162436 0.086824 0.045971
v -0.162436 0.086824 0.092314
v -0.162436 0.086824 0.138657
v -0.162436 0.086824 0.185000
v -0.162436 0.086824 0.231343
v -0.162436 0.086824 0.277686
v -0.162436 0.086824 0.324029
v -0.160257 0.090784 0.045971
v -0.160257 0.090784 0.092314
v -0.160257 0.090784 0.138657
v -0.160257 0.090784 0.185000
v -0.160257 0.090784 0.231343
v -0.160257 0.090784 0.277686
v -0.160257 0.090784 0.324029
v -0.157981 0.094690 0.045971
v -0.157981 0.094690 0.092314
v -0.157981 0.094690 0.138657
v -0.157981 0.094690 0.185000
v -0.157981 0.094690 0.231343
v -0.157981 0.094690 0.277686
v -0.157981 0.094690 0.324029
v -0.155609 0.098539 0.045971
v -0.155609 0.098539 0.092314
v -0.155609 0.098539 0.138657
v -0.155609 0.098539 0.185000
v -0.155609 0.098539 0.231343
v -0.155609 0.098539 0.277686
v -0.155609 0.098539 0.324029
v -0.150587 0.106055 0.045971
v -0.150587 0.106055 0.092314
v -0.150587 0.106055 0.138657
v -0.150587 0.106055 0.185000
v -0.150587 0.106055 0.231343
v -0.150587 0.106055 0.277686
v -0.150587 0.106055 0.324029
v -0.147939 0.109719 0.045971
v -0.147939 0.109719 0.092314
v -0.147939 0.109719 0.138657
v -0.147939 0.109719 0.185000
v -0.147939 0.109719 0.231343
v -0.147939 0.109719 0.277686
v -0.147939 0.109719 0.324029
v -0.145201 0.113316 0.045971
v -0.145201 0.113316 0.092314
v -0.145201 0.113316 0.138657
v -0.145201 0.113316 0.185000
v -0.145201 0.113316 0.231343
v -0.145201 0.113316 0.277686
v -0.145201 0.113316 0.324029
v -0.142377 0.116845 0.045971
v -0.142377 0.116845 0.092314
v -0.142377 0.116845 0.138657
v -0.142377 0.116845 0.185000
v -0.142377 0.116845 0.231343
v -0.142377 0.116845 0.277686
v -0.142377 0.116845 0.324029
v -0.139466 0.120304 0.045971
v -0.139466 0.120304 0.092314
v -0.139466 0.120304 0.138657
v -0.139466 0.120304 0.185000
v -0.139466 0.120304 0.231343
v -0.139466 0.120304 0.277686
v -0.139466 0.120304 0.324029
v -0.136472 0.123691 0.045971
v -0.136472 0.123691 0.092314
v -0.136472 0.123691 0.138657
v -0.136472 0.123691 0.185000
v -0.136472 0.123691 0.231343
v -0.136472 0.123691 0.277686
v -0.136472 0.123691 0.324029
v -0.133396 0.127003 0.045971
v -0.133396 0.127003 0.092314
v -0.133396 0.127003 0.138657
v -0.133396 0.127003 0.185000
v -0.133396 0.127003 0.231343
v -0.133396 0.127003 0.277686
v -0.133396 0.127003 0.324029
v -0.127003 0.133395 0.045971
v -0.127003 0.133396 0.092314
v -0.127003 0.133395 0.138657
v -0.127003 0.133396 0.185000
v -0.127003 0.133395 0.231343
v -0.127003 0.133395 0.277686
v -0.127003 0.133396 0.324029
v -0.123691 0.136472 0.045971
v -0.123691 0.136472 0.092314
v -0.123691 0.136472 0.138657
v -0.123691 0.136472 0.185000
v -0.123691 0.136472 0.231343
v -0.123691 0.136472 0.277686
v -0.123691 0.136472 0.324029
v -0.120304 0.139466 0.045971
v -0.120304 0.139466 0.092314
v -0.120304 0.139466 0.138657
v -0.120304 0.139466 0.185000
v -0.120304 0.139466 0.231343
v -0.120304 0.139466 0.277686
v -0.120304 0.139466 0.324029
v -0.116845 0.142377 0.045971
v -0.116845 0.142377 0.092314
v -0.116845 0.142377 0.138657
v -0.116845 0.142377 0.185000
v -0.116845 0.142377 0.231343
v -0.116845 0.142377 0.277686
v -0.116845 0.142377 0.324029
v -0.113316 0.145201 0.045971
v -0.113316 0.145201 0.092314
v -0.113316 0.145201 0.138657
v -0.113316 0.145201 0.185000
v -0.113316 0.145201 0.231343
v -0.113316 0.145201 0.277686
v -0.113316 0.145201 0.324029
v -0.109719 0.147939 0.045971
v -0.109719 0.147939 0.092314
v -0.109719 0.147939 0.138657
v -0.109719 0.147939 0.185000
v -0.109719 0.147939 0.231343
v -0.109719 0.147939 0.277686
v -0.109719 0.147939 0.324029
v -0.106055 0.150587 0.045971
v -0.106055 0.150587 0.092314
v -0.106055 0.150587 0.138657
v -0.106055 0.150587 0.185000
v -0.106055 0.150587 0.231343
v -0.106055 0.150587 0.277686
v -0.106055 0.150587 0.324029
v -0.098539 0.155609 0.045971
v -0.098539 0.155609 0.092314
v -0.098539 0.155609 0.138657
v -0.098539 0.155609 0.185000
v -0.098539 0.155609 0.231343
v -0.098539 0.155609 0.277686
v -0.098539 0.155609 0.324029
v -0.094690 0.157981 0.045971
v -0.094690 0.157981 0.092314
v -0.094690 0.157981 0.138657
v -0.094690 0.157981 0.185000
v -0.094690 0.157981 0.231343
v -0.094690 0.157981 0.277686
v -0.094690 0.157981 0.324029
v -0.090784 0.160257 0.045971
v -0.090784 0.160257 0.092314
v -0.090784 0.160257 0.138657
v -0.090784 0.160257 0.185000
v -0.090784 0.160257 0.231343
v -0.090784 0.160257 0.277686
v -0.090784 0.160257 0.324029
v -0.086824 0.162436 0.045971
v -0.086824 0.162436 0.092314
v -0.086824 0.162436 0.138657
v -0.086824 0.162436 0.185000
v -0.086824 0.162436 0.231343
v -0.086824 0.162436 0.277686
v -0.086824 0.162436 0.324029
v -0.082811 0.164518 0.045971
v -0.082811 0.164518 0.092314
v -0.082811 0.164518 0.138657
v -0.082811 0.164518 0.185000
v -0.082811 0.164518 0.231343
v -0.082811 0.164518 0.277686
v -0.082811 0.164518 0.324029
v -0.078749 0.166501 0.045971
v -0.078749 0.166501 0.092314
v -0.078749 0.166501 0.138657
v -0.078749 0.166501 0.185000
v -0.078749 0.166501 0.231343
v -0.078749 0.166501 0.277686
v -0.078749 0.166501 0.324029
v -0.074639 0.168384 0.045971
v -0.074639 0.168384 0.092314
v -0.074639 0.168384 0.138657
v -0.074639 0.168384 0.185000
v -0.074639 0.168384 0.231343
v -0.074639 0.168384 0.277686
v -0.074639 0.168384 0.324029
v 0.000000 -0.000000 0.370373
v 0.033747 0.169655 0.370372
v 0.027225 0.160737 0.370372
v 0.020900 0.154240 0.370372
v 0.014971 0.152006 0.370372
v 0.036359 0.158920 0.370372
v 0.027874 0.140130 0.370373
v 0.019374 0.124331 0.370373
v 0.011610 0.117878 0.370373
v 0.039716 0.150497 0.370372
v 0.029680 0.122281 0.370373
v 0.018578 0.093396 0.370372
v 0.007567 0.076828 0.370373
v 0.000000 0.172979 0.370372
v -0.004657 0.162959 0.370372
v -0.009592 0.155354 0.370372
v -0.014971 0.152006 0.370372
v 0.004657 0.162959 0.370372
v 0.000000 0.142875 0.370373
v -0.005254 0.125722 0.370373
v -0.011610 0.117878 0.370373
v 0.009592 0.155354 0.370372
v 0.005254 0.125722 0.370373
v 0.000000 0.095226 0.370372
v -0.007567 0.076828 0.370373
v -0.033747 0.169655 0.370372
v -0.036359 0.158920 0.370372
v -0.039716 0.150497 0.370372
v -0.044338 0.146164 0.370372
v -0.027225 0.160737 0.370372
v -0.027874 0.140130 0.370373
v -0.029680 0.122281 0.370373
v -0.034384 0.113348 0.370373
v -0.020900 0.154240 0.370372
v -0.019374 0.124331 0.370373
v -0.018578 0.093396 0.370372
v -0.022410 0.073875 0.370373
v -0.066196 0.159812 0.370372
v -0.066664 0.148773 0.370372
v -0.068313 0.139857 0.370372
v -0.072002 0.134706 0.370372
v -0.058060 0.152337 0.370372
v -0.054676 0.131999 0.370373
v -0.052966 0.114141 0.370373
v -0.055836 0.104462 0.370373
v -0.050589 0.147199 0.370372
v -0.043258 0.118162 0.370373
v -0.036441 0.087977 0.370372
v -0.036392 0.068084 0.370373
v -0.096102 0.143827 0.370372
v -0.094407 0.132909 0.370372
v -0.094285 0.123843 0.370372
v -0.096898 0.118071 0.370372
v -0.086664 0.138083 0.370372
v -0.079377 0.118796 0.370373
v -0.074216 0.101615 0.370373
v -0.075143 0.091562 0.370373
v -0.078334 0.134501 0.370372
v -0.065479 0.107453 0.370373
v -0.052905 0.079178 0.370372
v -0.048975 0.059676 0.370373
v -0.122315 0.122315 0.370372
v -0.118522 0.111937 0.370372
v -0.116634 0.103069 0.370372
v -0.118071 0.096898 0.370372
v -0.111937 0.118522 0.370372
v -0.101028 0.101028 0.370373
v -0.092614 0.085184 0.370373
v -0.091562 0.075143 0.370373
v -0.103069 0.116634 0.370372
v -0.085184 0.092614 0.370373
v -0.067335 0.067335 0.370372
v -0.059676 0.048975 0.370373
v -0.143827 0.096102 0.370372
v -0.138083 0.086664 0.370372
v -0.134501 0.078334 0.370372
v -0.134706 0.072002 0.370372
v -0.132909 0.094407 0.370372
v -0.118796 0.079377 0.370373
v -0.107453 0.065479 0.370373
v -0.104462 0.055836 0.370373
v -0.123843 0.094285 0.370372
v -0.101615 0.074216 0.370373
v -0.079178 0.052905 0.370372
v -0.068084 0.036392 0.370373
v -0.159812 0.066196 0.370372
v -0.152337 0.058060 0.370372
v -0.147199 0.050589 0.370372
v -0.146164 0.044338 0.370372
v -0.148773 0.066664 0.370372
v -0.131999 0.054676 0.370373
v -0.118162 0.043258 0.370373
v -0.113348 0.034384 0.370373
v -0.139857 0.068313 0.370372
v -0.114141 0.052966 0.370373
v -0.087977 0.036441 0.370372
v -0.073875 0.022410 0.370373
v -0.169655 0.033747 0.370372
v -0.160737 0.027225 0.370372
v -0.154240 0.020900 0.370372
v -0.152006 0.014971 0.370372
v -0.158920 0.036359 0.370372
v -0.140130 0.027874 0.370373
v -0.124331 0.019374 0.370373
v -0.117878 0.011610 0.370373
v -0.150497 0.039716 0.370372
v -0.122281 0.029680 0.370373
v -0.093396 0.018578 0.370372
v -0.076828 0.007567 0.370373
v -0.172979 -0.000000 0.370372
v -0.162959 -0.004657 0.370372
v -0.155354 -0.009592 0.370372
v -0.152006 -0.014971 0.370372
v -0.162959 0.004657 0.370372
v -0.142875 -0.000000 0.370373
v -0.125722 -0.005254 0.370373
v -0.117878 -0.011610 0.370373
v -0.155354 0.009592 0.370372
v -0.125722 0.005254 0.370373
v -0.095226 -0.000000 0.370372
v -0.076828 -0.007567 0.370373
v -0.169655 -0.033747 0.370372
v -0.158920 -0.036359 0.370372
v -0.150497 -0.039716 0.370372
v -0.146164 -0.044338 0.370372
v -0.160737 -0.027225 0.370372
v -0.140130 -0.027874 0.370373
v -0.122281 -0.029680 0.370373
v -0.113348 -0.034384 0.370373
v -0.154240 -0.020900 0.370372
v -0.124331 -0.019374 0.370373
v -0.093396 -0.018578 0.370372
v -0.073875 -0.022410 0.370373
v -0.159812 -0.066196 0.370372
v -0.148773 -0.066664 0.370372
v -0.139857 -0.068313 0.370372
v -0.134706 -0.072002 0.370372
v -0.152337 -0.058060 0.370372
v -0.131999 -0.054676 0.370373
v -0.114141 -0.052966 0.370373
v -0.104462 -0.055836 0.370373
v -0.147199 -0.050589 0.370372
v -0.118162 -0.043258 0.370373
v -0.087977 -0.036441 0.370372
v -0.068084 -0.036392 0.370373
v -0.143827 -0.096102 0.370372
v -0.132909 -0.094407 0.370372
v -0.123843 -0.094285 0.370372
v -0.118071 -0.096898 0.370372
v -0.138083 -0.086664 0.370372
v -0.118796 -0.079377 0.370373
v -0.101615 -0.074216 0.370373
v -0.091562 -0.075143 0.370373
v -0.134501 -0.078334 0.370372
v -0.107453 -0.065479 0.370373
v -0.079178 -0.052905 0.370372
v -0.059676 -0.048975 0.370373
v -0.122315 -0.122315 0.370372
v -0.111937 -0.118522 0.370372
v -0.103069 -0.116634 0.370372
v -0.096898 -0.118071 0.370372
v -0.118522 -0.111937 0.370372
v -0.101028 -0.101028 0.370373
v -0.085184 -0.092614 0.370373
v -0.075143 -0.091562 0.370373
v -0.116634 -0.103069 0.370372
v -0.092614 -0.085184 0.370373
v -0.067335 -0.067335 0.370372
v -0.048975 -0.059676 0.370373
v -0.096102 -0.143827 0.370372
v -0.086664 -0.138083 0.370372
v -0.078334 -0.134501 0.370372
v -0.072002 -0.134706 0.370372
v -0.094407 -0.132909 0.370372
v -0.079377 -0.118796 0.370373
v -0.065479 -0.107453 0.370373
v -0.055836 -0.104462 0.370373
v -0.094285 -0.123843 0.370372
v -0.074216 -0.101615 0.370373
v -0.052905 -0.079178 0.370372
v -0.036392 -0.068084 0.370373
v -0.066196 -0.159812 0.370372
v -0.058060 -0.152337 0.370372
v -0.050589 -0.147199 0.370372
v -0.044338 -0.146164 0.370372
v -0.066664 -0.148773 0.370372
v -0.054676 -0.131999 0.370373
v -0.043258 -0.118162 0.370373
v -0.034384 -0.113348 0.370373
v -0.068313 -0.139857 0.370372
v -0.052966 -0.114141 0.370373
v -0.036441 -0.087977 0.370372
v -0.022410 -0.073875 0.370373
v -0.033747 -0.169655 0.370372
v -0.027225 -0.160737 0.370372
v -0.020900 -0.154240 0.370372
v -0.014971 -0.152006 0.370372
v -0.036359 -0.158920 0.370372
v -0.027874 -0.140130 0.370373
v -0.019374 -0.124331 0.370373
v -0.011610 -0.117878 0.370373
v -0.039716 -0.150497 0.370372
v -0.029680 -0.122281 0.370373
v -0.018578 -0.093396 0.370372
v -0.007567 -0.076828 0.370373
v 0.000000 -0.172979 0.370372
v 0.004657 -0.162959 0.370372
v 0.009592 -0.155354 0.370372
v 0.014971 -0.152006 0.370372
v -0.004657 -0.162959 0.370372
v 0.000000 -0.142875 0.370373
v 0.005254 -0.125722 0.370373
v 0.011610 -0.117878 0.370373
v -0.009592 -0.155354 0.370372
v -0.005254 -0.125722 0.370373
v -0.000000 -0.095226 0.370372
v 0.007567 -0.076828 0.370373
v 0.033747 -0.169655 0.370372
v 0.036359 -0.158920 0.370372
v 0.039716 -0.150497 0.370372
v 0.044338 -0.146164 0.370372
v 0.027225 -0.160737 0.370372
v 0.027874 -0.140130 0.370373
v 0.029680 -0.122281 0.370373
v 0.034384 -0.113348 0.370373
v 0.020900 -0.154240 0.370372
v 0.019374 -0.124331 0.370373
v 0.018578 -0.093396 0.370372
v 0.022410 -0.073875 0.370373
v 0.066196 -0.159812 0.370372
v 0.066664 -0.148773 0.370372
v 0.068313 -0.139857 0.370372
v 0.072002 -0.134706 0.370373
v 0.058060 -0.152337 0.370372
v 0.054676 -0.131999 0.370373
v 0.052966 -0.114141 0.370373
v 0.055836 -0.104462 0.370373
v 0.050589 -0.147199 0.370372
v 0.043258 -0.118162 0.370373
v 0.036441 -0.087977 0.370372
v 0.036392 -0.068084 0.370373
v 0.096102 -0.143827 0.370372
v 0.094407 -0.132909 0.370372
v 0.094285 -0.123843 0.370372
v 0.096898 -0.118071 0.370373
v 0.086664 -0.138083 0.370372
v 0.079377 -0.118796 0.370373
v 0.074216 -0.101615 0.370373
v 0.075143 -0.091562 0.370373
v 0.078334 -0.134501 0.370372
v 0.065479 -0.107453 0.370373
v 0.052905 -0.079178 0.370372
v 0.048975 -0.059676 0.370373
v 0.122315 -0.122315 0.370372
v 0.118522 -0.111937 0.370372
v 0.116634 -0.103069 0.370372
v 0.118071 -0.096898 0.370373
v 0.111937 -0.118522 0.370372
v 0.101028 -0.101028 0.370373
v 0.092614 -0.085184 0.370373
v 0.091562 -0.075143 0.370373
v 0.103069 -0.116634 0.370372
v 0.085184 -0.092614 0.370373
v 0.067335 -0.067335 0.370372
v 0.059676 -0.048975 0.370373
v 0.143827 -0.096102 0.370372
v 0.138083 -0.086664 0.370372
v 0.134501 -0.078334 0.370372
v 0.134706 -0.072002 0.370373
v 0.132909 -0.094407 0.370372
v 0.118796 -0.079377 0.370373
v 0.107453 -0.065479 0.370373
v 0.104462 -0.055836 0.370373
v 0.123843 -0.094285 0.370372
v 0.101615 -0.074216 0.370373
v 0.079178 -0.052905 0.370372
v 0.068084 -0.036392 0.370373
v 0.159812 -0.066196 0.370372
v 0.152337 -0.058060 0.370372
v 0.147199 -0.050589 0.370372
v 0.146164 -0.044338 0.370373
v 0.148773 -0.066664 0.370372
v 0.131999 -0.054676 0.370373
v 0.118162 -0.043258 0.370373
v 0.113348 -0.034384 0.370373
v 0.139857 -0.068313 0.370372
v 0.114141 -0.052966 0.370373
v 0.087977 -0.036441 0.370372
v 0.073875 -0.022410 0.370373
v 0.169655 -0.033747 0.370372
v 0.160737 -0.027225 0.370372
v 0.154240 -0.020900 0.370372
v 0.152006 -0.014971 0.370373
v 0.158920 -0.036359 0.370372
v 0.140130 -0.027874 0.370373
v 0.124331 -0.019374 0.370373
v 0.117878 -0.011610 0.370373
v 0.150497 -0.039716 0.370372
v 0.122281 -0.029680 0.370373
v 0.093396 -0.018578 0.370372
v 0.076828 -0.007567 0.370373
v 0.172979 -0.000000 0.370372
v 0.162959 0.004657 0.370372
v 0.155354 0.009592 0.370372
v 0.152006 0.014971 0.370373
v 0.162959 -0.004657 0.370372
v 0.142875 -0.000000 0.370373
v 0.125722 0.005254 0.370373
v 0.117878 0.011610 0.370373
v 0.155354 -0.009592 0.370372
v 0.125722 -0.005254 0.370373
v 0.095226 -0.000000 0.370372
v 0.076828 0.007567 0.370373
v 0.169655 0.033747 0.370372
v 0.158920 0.036359 0.370372
v 0.150497 0.039716 0.370372
v 0.146164 0.044338 0.370373
v 0.160737 0.027225 0.370372
v 0.140130 0.027874 0.370373
v 0.122281 0.029680 0.370373
v 0.113348 0.034384 0.370373
v 0.154240 0.020900 0.370372
v 0.124331 0.019374 0.370373
v 0.093396 0.018578 0.370372
v 0.073875 0.022410 0.370373
v 0.159812 0.066196 0.370372
v 0.148773 0.066664 0.370372
v 0.139857 0.068313 0.370372
v 0.134706 0.072002 0.370373
v 0.152337 0.058060 0.370372
v 0.131999 0.054676 0.370373
v 0.114141 0.052966 0.370373
v 0.104462 0.055836 0.370373
v 0.147199 0.050589 0.370372
v 0.118162 0.043258 0.370373
v 0.087977 0.036441 0.370372
v 0.068084 0.036392 0.370373
v 0.143827 0.096102 0.370372
v 0.132909 0.094407 0.370372
v 0.123843 0.094285 0.370372
v 0.118071 0.096898 0.370373
v 0.138083 0.086664 0.370372
v 0.118796 0.079377 0.370373
v 0.101615 0.074216 0.370373
v 0.091562 0.075143 0.370373
v 0.134501 0.078334 0.370372
v 0.107453 0.065479 0.370373
v 0.079178 0.052905 0.370372
v 0.059676 0.048975 0.370373
v 0.122315 0.122315 0.370372
v 0.111937 0.118522 0.370372
v 0.103069 0.116634 0.370372
v 0.096898 0.118071 0.370373
v 0.118522 0.111937 0.370372
v 0.101028 0.101028 0.370373
v 0.085184 0.092614 0.370373
v 0.075143 0.091562 0.370373
v 0.116634 0.103069 0.370372
v 0.092614 0.085184 0.370373
v 0.067335 0.067335 0.370372
v 0.048975 0.059676 0.370373
v 0.096102 0.143827 0.370372
v 0.086664 0.138083 0.370372
v 0.078334 0.134501 0.370372
v 0.072002 0.134706 0.370373
v 0.094407 0.132909 0.370372
v 0.079377 0.118796 0.370373
v 0.065479 0.107453 0.370373
v 0.055836 0.104462 0.370373
v 0.094285 0.123843 0.370372
v 0.074216 0.101615 0.370373
v 0.052905 0.079178 0.370372
v 0.036392 0.068084 0.370373
v 0.066196 0.159812 0.370372
v 0.058060 0.152337 0.370372
v 0.050589 0.147199 0.370372
v 0.044338 0.146164 0.370372
v 0.066664 0.148773 0.370372
v 0.054676 0.131999 0.370373
v 0.043258 0.118162 0.370373
v 0.034384 0.113348 0.370373
v 0.068313 0.139857 0.370372
v 0.052966 0.114141 0.370373
v 0.036441 0.087977 0.370372
v 0.022410 0.073875 0.370373
v -0.066287 0.171843 0.045971
v -0.066287 0.171843 0.092314
v -0.066287 0.171843 0.138657
v -0.066287 0.171843 0.185000
v -0.066287 0.171843 0.231343
v -0.066287 0.171843 0.277686
v -0.066287 0.171843 0.324029
v -0.062050 0.173418 0.045971
v -0.062050 0.173418 0.092314
v -0.062050 0.173418 0.138657
v -0.062050 0.173418 0.185000
v -0.062050 0.173418 0.231343
v -0.062050 0.173418 0.277686
v -0.062050 0.173418 0.324029
v -0.057775 0.174888 0.045971
v -0.057775 0.174888 0.092314
v -0.057775 0.174888 0.138657
v -0.057775 0.174888 0.185000
v -0.057775 0.174888 0.231343
v -0.057775 0.174888 0.277686
v -0.057775 0.174888 0.324029
v -0.053466 0.176254 0.045971
v -0.053466 0.176254 0.092314
v -0.053466 0.176254 0.138657
v -0.053466 0.176254 0.185000
v -0.053466 0.176254 0.231343
v -0.053466 0.176254 0.277686
v -0.053466 0.176254 0.324029
v -0.049124 0.177513 0.045971
v -0.049124 0.177513 0.092314
v -0.049124 0.177513 0.138657
v -0.049124 0.177513 0.185000
v -0.049124 0.177513 0.231343
v -0.049124 0.177513 0.277686
v -0.049124 0.177513 0.324029
v -0.044753 0.178665 0.045971
v -0.044753 0.178665 0.092314
v -0.044753 0.178665 0.138657
v -0.044753 0.178665 0.185000
v -0.044753 0.178665 0.231343
v -0.044753 0.178665 0.277686
v -0.044753 0.178665 0.324029
v -0.040355 0.179710 0.045971
v -0.040355 0.179710 0.092314
v -0.040355 0.179710 0.138657
v -0.040355 0.179710 0.185000
v -0.040355 0.179710 0.231343
v -0.040355 0.179710 0.277686
v -0.040355 0.179710 0.324029
v -0.031489 0.181473 0.045971
v -0.031489 0.181473 0.092314
v -0.031489 0.181473 0.138657
v -0.031489 0.181473 0.185000
v -0.031489 0.181473 0.231343
v -0.031489 0.181473 0.277686
v -0.031489 0.181473 0.324029
v -0.027026 0.182191 0.045971
v -0.027026 0.182191 0.092314
v -0.027026 0.182191 0.138657
v -0.027026 0.182191 0.185000
v -0.027026 0.182191 0.231343
v -0.027026 0.182191 0.277686
v -0.027026 0.182191 0.324029
v -0.022546 0.182799 0.045971
v -0.022546 0.182799 0.092314
v -0.022546 0.182799 0.138657
v -0.022546 0.182799 0.185000
v -0.022546 0.182799 0.231343
v -0.022546 0.182799 0.277686
v -0.022546 0.182799 0.324029
v -0.018053 0.183298 0.045971
v -0.018053 0.183298 0.092314
v -0.018053 0.183298 0.138657
v -0.018053 0.183298 0.185000
v -0.018053 0.183298 0.231343
v -0.018053 0.183298 0.277686
v -0.018053 0.183298 0.324029
v -0.013549 0.183686 0.045971
v -0.013549 0.183686 0.092314
v -0.013549 0.183686 0.138657
v -0.013549 0.183686 0.185000
v -0.013549 0.183686 0.231343
v -0.013549 0.183686 0.277686
v -0.013549 0.183686 0.324029
v -0.009037 0.183963 0.045971
v -0.009037 0.183963 0.092314
v -0.009037 0.183963 0.138657
v -0.009037 0.183963 0.185000
v -0.009037 0.183963 0.231343
v -0.009037 0.183963 0.277686
v -0.009037 0.183963 0.324029
v -0.004520 0.184130 0.045971
v -0.004520 0.184130 0.092314
v -0.004520 0.184130 0.138657
v -0.004520 0.184130 0.185000
v -0.004520 0.184130 0.231343
v -0.004520 0.184130 0.277686
v -0.004520 0.184130 0.324029
v -0.000000 0.000000 -0.000373
v 0.000000 0.172979 -0.000372
v 0.004657 0.162959 -0.000372
v 0.009592 0.155354 -0.000372
v 0.014971 0.152006 -0.000372
v -0.004657 0.162959 -0.000372
v 0.000000 0.142875 -0.000373
v 0.005254 0.125722 -0.000373
v 0.011610 0.117878 -0.000373
v -0.009592 0.155354 -0.000372
v -0.005254 0.125722 -0.000373
v 0.000000 0.095226 -0.000372
v 0.007567 0.076828 -0.000373
v 0.033747 0.169655 -0.000372
v 0.036359 0.158920 -0.000372
v 0.039716 0.150497 -0.000372
v 0.044338 0.146164 -0.000372
v 0.027225 0.160737 -0.000372
v 0.027874 0.140130 -0.000373
v 0.029680 0.122281 -0.000373
v 0.034384 0.113348 -0.000373
v 0.020900 0.154240 -0.000372
v 0.019374 0.124331 -0.000373
v 0.018578 0.093396 -0.000372
v 0.022410 0.073875 -0.000373
v 0.066196 0.159812 -0.000372
v 0.066664 0.148773 -0.000372
v 0.068313 0.139857 -0.000372
v 0.072002 0.134706 -0.000372
v 0.058060 0.152337 -0.000372
v 0.054676 0.131999 -0.000373
v 0.052966 0.114141 -0.000373
v 0.055836 0.104462 -0.000373
v 0.050589 0.147199 -0.000372
v 0.043258 0.118162 -0.000373
v 0.036441 0.087977 -0.000372
v 0.036392 0.068084 -0.000373
v 0.096102 0.143827 -0.000372
v 0.094407 0.132909 -0.000372
v 0.094285 0.123843 -0.000372
v 0.096898 0.118071 -0.000372
v 0.086664 0.138083 -0.000372
v 0.079377 0.118796 -0.000373
v 0.074216 0.101615 -0.000373
v 0.075143 0.091562 -0.000373
v 0.078334 0.134501 -0.000372
v 0.065479 0.107453 -0.000373
v 0.052905 0.079178 -0.000372
v 0.048975 0.059676 -0.000373
v 0.122315 0.122315 -0.000372
v 0.118522 0.111937 -0.000372
v 0.116634 0.103069 -0.000372
v 0.118071 0.096898 -0.000372
v 0.111937 0.118522 -0.000372
v 0.101028 0.101028 -0.000373
v 0.092614 0.085184 -0.000373
v 0.091562 0.075143 -0.000373
v 0.103069 0.116634 -0.000372
v 0.085184 0.092614 -0.000373
v 0.067335 0.067335 -0.000372
v 0.059676 0.048975 -0.000373
v 0.143827 0.096102 -0.000372
v 0.138083 0.086664 -0.000372
v 0.134501 0.078334 -0.000372
v 0.134706 0.072002 -0.000372
v 0.132909 0.094407 -0.000372
v 0.118796 0.079377 -0.000373
v 0.107453 0.065479 -0.000373
v 0.104462 0.055836 -0.000373
v 0.123843 0.094285 -0.000372
v 0.101615 0.074216 -0.000373
v 0.079178 0.052905 -0.000372
v 0.068084 0.036392 -0.000373
v 0.159812 0.066196 -0.000372
v 0.152337 0.058060 -0.000372
v 0.147199 0.050589 -0.000372
v 0.146164 0.044338 -0.000372
v 0.148773 0.066664 -0.000372
v 0.131999 0.054676 -0.000373
v 0.118162 0.043258 -0.000373
v 0.113348 0.034384 -0.000373
v 0.139857 0.068313 -0.000372
v 0.114141 0.052966 -0.000373
v 0.087977 0.036441 -0.000372
v 0.073875 0.022410 -0.000373
v 0.169655 0.033747 -0.000372
v 0.160737 0.027225 -0.000372
v 0.154240 0.020900 -0.000372
v 0.152006 0.014971 -0.000372
v 0.158920 0.036359 -0.000372
v 0.140130 0.027874 -0.000373
v 0.124331 0.019374 -0.000373
v 0.117878 0.011610 -0.000373
v 0.150497 0.039716 -0.000372
v 0.122281 0.029680 -0.000373
v 0.093396 0.018578 -0.000372
v 0.076828 0.007567 -0.000373
v 0.172979 0.000000 -0.000372
v 0.162959 -0.004657 -0.000372
v 0.155354 -0.009592 -0.000372
v 0.152006 -0.014971 -0.000372
v 0.162959 0.004657 -0.000372
v 0.142875 0.000000 -0.000373
v 0.125722 -0.005254 -0.000373
v 0.117878 -0.011610 -0.000373
v 0.155354 0.009592 -0.000372
v 0.125722 0.005254 -0.000373
v 0.095226 0.000000 -0.000372
v 0.076828 -0.007567 -0.000373
v 0.169655 -0.033747 -0.000372
v 0.158920 -0.036359 -0.000372
v 0.150497 -0.039716 -0.000372
v 0.146164 -0.044338 -0.000372
v 0.160737 -0.027225 -0.000372
v 0.140130 -0.027874 -0.000373
v 0.122281 -0.029680 -0.000373
v 0.113348 -0.034384 -0.000373
v 0.154240 -0.020900 -0.000372
v 0.124331 -0.019374 -0.000373
v 0.093396 -0.018578 -0.000372
v 0.073875 -0.022410 -0.000373
v 0.159812 -0.066196 -0.000372
v 0.148773 -0.066664 -0.000372
v 0.139857 -0.068313 -0.000372
v 0.134706 -0.072002 -0.000372
v 0.152337 -0.058060 -0.000372
v 0.131999 -0.054676 -0.000373
v 0.114141 -0.052966 -0.000373
v 0.104462 -0.055836 -0.000373
v 0.147199 -0.050589 -0.000372
v 0.118162 -0.043258 -0.000373
v 0.087977 -0.036441 -0.000372
v 0.068084 -0.036392 -0.000373
v 0.143827 -0.096102 -0.000372
v 0.132909 -0.094407 -0.000372
v 0.123843 -0.094285 -0.000372
v 0.118071 -0.096898 -0.000372
v 0.138083 -0.086664 -0.000372
v 0.118796 -0.079377 -0.000373
v 0.101615 -0.074216 -0.000373
v 0.091562 -0.075143 -0.000373
v 0.134501 -0.078334 -0.000372
v 0.107453 -0.065479 -0.000373
v 0.079178 -0.052905 -0.000372
v 0.059676 -0.048975 -0.000373
v 0.122315 -0.122315 -0.000372
v 0.111937 -0.118522 -0.000372
v 0.103069 -0.116634 -0.000372
v 0.096898 -0.118071 -0.000372
v 0.118522 -0.111937 -0.000372
v 0.101028 -0.101028 -0.000373
v 0.085184 -0.092614 -0.000373
v 0.075143 -0.091562 -0.000373
v 0.116634 -0.103069 -0.000372
v 0.092614 -0.085184 -0.000373
v 0.067335 -0.067335 -0.000372
v 0.048975 -0.059676 -0.000373
v 0.096102 -0.143827 -0.000372
v 0.086664 -0.138083 -0.000372
v 0.078334 -0.134501 -0.000372
v 0.072002 -0.134706 -0.000372
v 0.094407 -0.132909 -0.000372
v 0.079377 -0.118796 -0.000373
v 0.065479 -0.107453 -0.000373
v 0.055836 -0.104462 -0.000373
v 0.094285 -0.123843 -0.000372
v 0.074216 -0.101615 -0.000373
v 0.052905 -0.079178 -0.000372
v 0.036392 -0.068084 -0.000373
v 0.066196 -0.159812 -0.000372
v 0.058060 -0.152337 -0.000372
v 0.050589 -0.147199 -0.000372
v 0.044338 -0.146164 -0.000372
v 0.066664 -0.148773 -0.000372
v 0.054676 -0.131999 -0.000373
v 0.043258 -0.118162 -0.000373
v 0.034384 -0.113348 -0.000373
v 0.068313 -0.139857 -0.000372
v 0.052966 -0.114141 -0.000373
v 0.036441 -0.087977 -0.000372
v 0.022410 -0.073875 -0.000373
v 0.033747 -0.169655 -0.000372
v 0.027225 -0.160737 -0.000372
v 0.020900 -0.154240 -0.000372
v 0.014971 -0.152006 -0.000372
v 0.036359 -0.158920 -0.000372
v 0.027874 -0.140130 -0.000373
v 0.019374 -0.124331 -0.000373
v 0.011610 -0.117878 -0.000373
v 0.039716 -0.150497 -0.000372
v 0.029680 -0.122281 -0.000373
v 0.018578 -0.093396 -0.000372
v 0.007567 -0.076828 -0.000373
v 0.000000 -0.172979 -0.000372
v -0.004657 -0.162959 -0.000372
v -0.009592 -0.155354 -0.000372
v -0.014971 -0.152006 -0.000372
v 0.004657 -0.162959 -0.000372
v 0.000000 -0.142875 -0.000373
v -0.005254 -0.125722 -0.000373
v -0.011610 -0.117878 -0.000373
v 0.009592 -0.155354 -0.000372
v 0.005254 -0.125722 -0.000373
v 0.000000 -0.095226 -0.000372
v -0.007567 -0.076828 -0.000373
v -0.033747 -0.169655 -0.000372
v -0.036359 -0.158920 -0.000372
v -0.039716 -0.150497 -0.000372
v -0.044338 -0.146164 -0.000372
v -0.027225 -0.160737 -0.000372
v -0.027874 -0.140130 -0.000373
v -0.029680 -0.122281 -0.000373
v -0.034384 -0.113348 -0.000373
v -0.020900 -0.154240 -0.000372
v -0.019374 -0.124331 -0.000373
v -0.018578 -0.093396 -0.000372
v -0.022410 -0.073875 -0.000373
v -0.066196 -0.159812 -0.000372
v -0.066664 -0.148773 -0.000372
v -0.068313 -0.139857 -0.000372
v -0.072002 -0.134706 -0.000372
v -0.058060 -0.152337 -0.000372
v -0.054676 -0.131999 -0.000373
v -0.052966 -0.114141 -0.000373
v -0.055836 -0.104462 -0.000373
v -0.050589 -0.147199 -0.000372
v -0.043258 -0.118162 -0.000373
v -0.036441 -0.087977 -0.000372
v -0.036392 -0.068084 -0.000373
v -0.096102 -0.143827 -0.000372
v -0.094407 -0.132909 -0.000372
v -0.094285 -0.123843 -0.000372
v -0.096898 -0.118071 -0.000372
v -0.086664 -0.138083 -0.000372
v -0.079377 -0.118796 -0.000373
v -0.074216 -0.101615 -0.000373
v -0.075143 -0.091562 -0.000373
v -0.078334 -0.134501 -0.000372
v -0.065479 -0.107453 -0.000373
v -0.052905 -0.079178 -0.000372
v -0.048975 -0.059676 -0.000373
v -0.122315 -0.122315 -0.000372
v -0.118522 -0.111937 -0.000372
v -0.116634 -0.103069 -0.000372
v -0.118071 -0.096898 -0.000372
v -0.111937 -0.118522 -0.000372
v -0.101028 -0.101028 -0.000373
v -0.092614 -0.085184 -0.000373
v -0.091562 -0.075143 -0.000373
v -0.103069 -0.116634 -0.000372
v -0.085184 -0.092614 -0.000373
v -0.067335 -0.067335 -0.000372
v -0.059676 -0.048975 -0.000373
v -0.143827 -0.096102 -0.000372
v -0.138083 -0.086664 -0.000372
v -0.134501 -0.078334 -0.000372
v -0.134706 -0.072002 -0.000372
v -0.132909 -0.094407 -0.000372
v -0.118796 -0.079377 -0.000373
v -0.107453 -0.065479 -0.000373
v -0.104462 -0.055836 -0.000373
v -0.123843 -0.094285 -0.000372
v -0.101615 -0.074216 -0.000373
v -0.079178 -0.052905 -0.000372
v -0.068084 -0.036392 -0.000373
v -0.159812 -0.066196 -0.000372
v -0.152337 -0.058060 -0.000372
v -0.147199 -0.050589 -0.000372
v -0.146164 -0.044338 -0.000372
v -0.148773 -0.066664 -0.000372
v -0.131999 -0.054676 -0.000373
v -0.118162 -0.043258 -0.000373
v -0.113348 -0.034384 -0.000373
v -0.139857 -0.068313 -0.000372
v -0.114141 -0.052966 -0.000373
v -0.087977 -0.036441 -0.000372
v -0.073875 -0.022410 -0.000373
v -0.169655 -0.033747 -0.000372
v -0.160737 -0.027225 -0.000372
v -0.154240 -0.020900 -0.000372
v -0.152006 -0.014971 -0.000372
v -0.158920 -0.036359 -0.000372
v -0.140130 -0.027874 -0.000373
v -0.124331 -0.019374 -0.000373
v -0.117878 -0.011610 -0.000373
v -0.150497 -0.039716 -0.000372
v -0.122281 -0.029680 -0.000373
v -0.093396 -0.018578 -0.000372
v -0.076828 -0.007567 -0.000373
v -0.172979 0.000000 -0.000372
v -0.162959 0.004657 -0.000372
v -0.155354 0.009592 -0.000372
v -0.152006 0.014971 -0.000372
v -0.162959 -0.004657 -0.000372
v -0.142875 0.000000 -0.000373
v -0.125722 0.005254 -0.000373
v -0.117878 0.011610 -0.000373
v -0.155354 -0.009592 -0.000372
v -0.125722 -0.005254 -0.000373
v -0.095226 0.000000 -0.000372
v -0.076828 0.007567 -0.000373
v -0.169655 0.033747 -0.000372
v -0.158920 0.036359 -0.000372
v -0.150497 0.039716 -0.000372
v -0.146164 0.044338 -0.000372
v -0.160737 0.027225 -0.000372
v -0.140130 0.027874 -0.000373
v -0.122281 0.029680 -0.000373
v -0.113348 0.034384 -0.000373
v -0.154240 0.020900 -0.000372
v -0.124331 0.019374 -0.000373
v -0.093396 0.018578 -0.000372
v -0.073875 0.022410 -0.000373
v -0.159812 0.066196 -0.000372
v -0.148773 0.066664 -0.000372
v -0.139857 0.068313 -0.000372
v -0.134706 0.072002 -0.000372
v -0.152337 0.058060 -0.000372
v -0.131999 0.054676 -0.000373
v -0.114141 0.052966 -0.000373
v -0.104462 0.055836 -0.000373
v -0.147199 0.050589 -0.000372
v -0.118162 0.043258 -0.000373
v -0.087977 0.036441 -0.000372
v -0.068084 0.036392 -0.000373
v -0.143827 0.096102 -0.000372
v -0.132909 0.094407 -0.000372
v -0.123843 0.094285 -0.000372
v -0.118071 0.096898 -0.000373
v -0.138083 0.086664 -0.000372
v -0.118796 0.079377 -0.000373
v -0.101615 0.074216 -0.000373
v -0.091562 0.075143 -0.000373
v -0.134501 0.078334 -0.000372
v -0.107453 0.065479 -0.000373
v -0.079178 0.052905 -0.000372
v -0.059676 0.048975 -0.000373
v -0.122315 0.122315 -0.000372
v -0.111937 0.118522 -0.000372
v -0.103069 0.116634 -0.000372
v -0.096898 0.118071 -0.000373
v -0.118522 0.111937 -0.000372
v -0.101028 0.101028 -0.000373
v -0.085184 0.092614 -0.000373
v -0.075143 0.091562 -0.000373
v -0.116634 0.103069 -0.000372
v -0.092614 0.085184 -0.000373
v -0.067335 0.067335 -0.000372
v -0.048975 0.059676 -0.000373
v -0.096102 0.143827 -0.000372
v -0.086664 0.138083 -0.000372
v -0.078334 0.134501 -0.000372
v -0.072002 0.134706 -0.000373
v -0.094407 0.132909 -0.000372
v -0.079377 0.118796 -0.000373
v -0.065479 0.107453 -0.000373
v -0.055836 0.104462 -0.000373
v -0.094285 0.123843 -0.000372
v -0.074216 0.101615 -0.000373
v -0.052905 0.079178 -0.000372
v -0.036392 0.068084 -0.000373
v -0.066196 0.159812 -0.000372
v -0.058060 0.152337 -0.000372
v -0.050589 0.147199 -0.000372
v -0.044338 0.146164 -0.000373
v -0.066664 0.148773 -0.000372
v -0.054676 0.131999 -0.000373
v -0.043258 0.118162 -0.000373
v -0.034384 0.113348 -0.000373
v -0.068313 0.139857 -0.000372
v -0.052966 0.114141 -0.000373
v -0.036441 0.087977 -0.000372
v -0.022410 0.073875 -0.000373
v -0.033747 0.169655 -0.000372
v -0.027225 0.160737 -0.000372
v -0.020900 0.154240 -0.000372
v -0.014971 0.152006 -0.000372
v -0.036359 0.158920 -0.000372
v -0.027874 0.140130 -0.000373
v -0.019374 0.124331 -0.000373
v -0.011610 0.117878 -0.000373
v -0.039716 0.150497 -0.000372
v -0.029680 0.122281 -0.000373
v -0.018578 0.093396 -0.000372
v -0.007567 0.076828 -0.000373
vn 0.0369 0.9993 -0.0000
vn 0.0614 0.9981 -0.0000
vn 0.0858 0.9963 -0.0000
vn 0.1102 0.9939 -0.0000
vn 0.1345 0.9909 -0.0000
vn 0.1588 0.9873 -0.0000
vn 0.0123 0.9999 -0.0000
vn 0.1830 0.9831 -0.0000
vn 0.2311 0.9729 -0.0000
vn 0.2549 0.9670 -0.0000
vn 0.2785 0.9604 -0.0000
vn 0.3020 0.9533 -0.0000
vn 0.3253 0.9456 -0.0000
vn 0.3484 0.9374 -0.0000
vn 0.2071 0.9783 -0.0000
vn 0.3713 0.9285 -0.0000
vn 0.4165 0.9091 -0.0000
vn 0.4387 0.8987 -0.0000
vn 0.4606 0.8876 -0.0000
vn 0.4822 0.8761 -0.0000
vn 0.5035 0.8640 -0.0000
vn 0.5245 0.8514 -0.0000
vn 0.3940 0.9191 -0.0000
vn 0.5453 0.8382 -0.0000
vn 0.5858 0.8104 -0.0000
vn 0.6056 0.7958 -0.0000
vn 0.6055 0.7958 -0.0000
vn 0.6249 0.7807 -0.0000
vn 0.6438 0.7652 -0.0000
vn 0.6624 0.7492 -0.0000
vn 0.6806 0.7327 -0.0000
vn 0.5658 0.8246 -0.0000
vn 0.6984 0.7158 -0.0000
vn 0.6984 0.7157 -0.0000
vn 0.7327 0.6806 -0.0000
vn 0.7492 0.6624 -0.0000
vn 0.7652 0.6438 -0.0000
vn 0.7807 0.6249 -0.0000
vn 0.7958 0.6056 -0.0000
vn 0.7958 0.6055 -0.0000
vn 0.8104 0.5858 -0.0000
vn 0.7158 0.6984 -0.0000
vn 0.8246 0.5658 -0.0000
vn 0.8514 0.5245 -0.0000
vn 0.8640 0.5035 -0.0000
vn 0.8761 0.4822 -0.0000
vn 0.8876 0.4606 -0.0000
vn 0.8987 0.4387 -0.0000
vn 0.9091 0.4165 -0.0000
vn 0.8382 0.5453 -0.0000
vn 0.8986 0.4387 -0.0000
vn 0.9191 0.3940 -0.0000
vn 0.9374 0.3484 -0.0000
vn 0.9456 0.3253 -0.0000
vn 0.9533 0.3020 -0.0000
vn 0.9604 0.2785 -0.0000
vn 0.9670 0.2549 -0.0000
vn 0.9729 0.2311 -0.0000
vn 0.9285 0.3713 -0.0000
vn 0.9783 0.2071 -0.0000
vn 0.9873 0.1588 -0.0000
vn 0.9909 0.1345 -0.0000
vn 0.9939 0.1102 -0.0000
vn 0.9963 0.0858 -0.0000
vn 0.9981 0.0614 -0.0000
vn 0.9993 0.0369 -0.0000
vn 0.9831 0.1830 -0.0000
vn 0.9999 0.0123 -0.0000
vn 0.9993 -0.0369 -0.0000
vn 0.9981 -0.0614 -0.0000
vn 0.9963 -0.0858 -0.0000
vn 0.9939 -0.1102 -0.0000
vn 0.9909 -0.1345 -0.0000
vn 0.9873 -0.1588 -0.0000
vn 0.9999 -0.0123 -0.0000
vn 0.9831 -0.1830 -0.0000
vn 0.9729 -0.2311 -0.0000
vn 0.9670 -0.2549 -0.0000
vn 0.9604 -0.2785 -0.0000
vn 0.9533 -0.3020 -0.0000
vn 0.9456 -0.3253 -0.0000
vn 0.9374 -0.3484 -0.0000
vn 0.9783 -0.2071 -0.0000
vn 0.9783 -0.2072 -0.0000
vn 0.9285 -0.3713 -0.0000
vn 0.9091 -0.4165 -0.0000
vn 0.8987 -0.4387 -0.0000
vn 0.8876 -0.4606 -0.0000
vn 0.8761 -0.4822 -0.0000
vn 0.8640 -0.5035 -0.0000
vn 0.8514 -0.5245 -0.0000
vn 0.9191 -0.3940 -0.0000
vn 0.8382 -0.5453 -0.0000
vn 0.8104 -0.5858 -0.0000
vn 0.7958 -0.6056 -0.0000
vn 0.7958 -0.6055 -0.0000
vn 0.7807 -0.6249 -0.0000
vn 0.7652 -0.6438 -0.0000
vn 0.7492 -0.6624 -0.0000
vn 0.7327 -0.6806 -0.0000
vn 0.8246 -0.5658 -0.0000
vn 0.7157 -0.6984 -0.0000
vn 0.7158 -0.6984 -0.0000
vn 0.6806 -0.7327 -0.0000
vn 0.6624 -0.7492 -0.0000
vn 0.6438 -0.7652 -0.0000
vn 0.6249 -0.7807 -0.0000
vn 0.6055 -0.7958 -0.0000
vn 0.6056 -0.7958 -0.0000
vn 0.5858 -0.8104 -0.0000
vn 0.6984 -0.7158 -0.0000
vn 0.6984 -0.7157 -0.0000
vn 0.5658 -0.8246 -0.0000
vn 0.5245 -0.8514 -0.0000
vn 0.5035 -0.8640 -0.0000
vn 0.4822 -0.8761 -0.0000
vn 0.4606 -0.8876 -0.0000
vn 0.4387 -0.8987 -0.0000
vn 0.4165 -0.9091 -0.0000
vn 0.5453 -0.8382 -0.0000
vn 0.3940 -0.9191 -0.0000
vn 0.3484 -0.9374 -0.0000
vn 0.3253 -0.9456 -0.0000
vn 0.3020 -0.9533 -0.0000
vn 0.2785 -0.9604 -0.0000
vn 0.2549 -0.9670 -0.0000
vn 0.2311 -0.9729 -0.0000
vn 0.3713 -0.9285 -0.0000
vn 0.2071 -0.9783 -0.0000
vn 0.1588 -0.9873 -0.0000
vn 0.1345 -0.9909 -0.0000
vn 0.1102 -0.9939 -0.0000
vn 0.0858 -0.9963 -0.0000
vn 0.0614 -0.9981 -0.0000
vn 0.0369 -0.9993 -0.0000
vn 0.1830 -0.9831 -0.0000
vn 0.0123 -0.9999 -0.0000
vn -0.0369 -0.9993 -0.0000
vn -0.0614 -0.9981 -0.0000
vn -0.0858 -0.9963 -0.0000
vn -0.1102 -0.9939 -0.0000
vn -0.1345 -0.9909 -0.0000
vn -0.1588 -0.9873 -0.0000
vn -0.0123 -0.9999 -0.0000
vn -0.1830 -0.9831 -0.0000
vn -0.2311 -0.9729 -0.0000
vn -0.2549 -0.9670 -0.0000
vn -0.2785 -0.9604 -0.0000
vn -0.3020 -0.9533 -0.0000
vn -0.3253 -0.9456 -0.0000
vn -0.3484 -0.9374 -0.0000
vn -0.2071 -0.9783 -0.0000
vn -0.3713 -0.9285 -0.0000
vn -0.4165 -0.9091 -0.0000
vn -0.4387 -0.8987 -0.0000
vn -0.4606 -0.8876 -0.0000
vn -0.4822 -0.8761 -0.0000
vn -0.5035 -0.8640 -0.0000
vn -0.5245 -0.8514 -0.0000
vn -0.3940 -0.9191 -0.0000
vn -0.5453 -0.8382 -0.0000
vn -0.5858 -0.8104 -0.0000
vn -0.6056 -0.7958 -0.0000
vn -0.6055 -0.7958 -0.0000
vn -0.6249 -0.7807 -0.0000
vn -0.6438 -0.7652 -0.0000
vn -0.6624 -0.7492 -0.0000
vn -0.6806 -0.7327 -0.0000
vn -0.5658 -0.8246 -0.0000
vn -0.6984 -0.7158 -0.0000
vn -0.6984 -0.7157 -0.0000
vn -0.7327 -0.6806 -0.0000
vn -0.7492 -0.6624 -0.0000
vn -0.7652 -0.6438 -0.0000
vn -0.7807 -0.6249 -0.0000
vn -0.7958 -0.6056 -0.0000
vn -0.7958 -0.6055 -0.0000
vn -0.8104 -0.5858 -0.0000
vn -0.7158 -0.6984 -0.0000
vn -0.8246 -0.5658 -0.0000
vn -0.8514 -0.5245 -0.0000
vn -0.8640 -0.5035 -0.0000
vn -0.8761 -0.4822 -0.0000
vn -0.8876 -0.4606 -0.0000
vn -0.8987 -0.4387 -0.0000
vn -0.9091 -0.4165 -0.0000
vn -0.8382 -0.5453 -0.0000
vn -0.8986 -0.4387 -0.0000
vn -0.9191 -0.3940 -0.0000
vn -0.9374 -0.3484 -0.0000
vn -0.9456 -0.3253 -0.0000
vn -0.9533 -0.3020 -0.0000
vn -0.9604 -0.2785 -0.0000
vn -0.9670 -0.2549 -0.0000
vn -0.9729 -0.2311 -0.0000
vn -0.9285 -0.3713 -0.0000
vn -0.9783 -0.2071 -0.0000
vn -0.9873 -0.1588 -0.0000
vn -0.9909 -0.1345 -0.0000
vn -0.9939 -0.1102 -0.0000
vn -0.9963 -0.0858 -0.0000
vn -0.9981 -0.0614 -0.0000
vn -0.9993 -0.0369 -0.0000
vn -0.9831 -0.1830 -0.0000
vn -0.9999 -0.0123 -0.0000
vn -0.9993 0.0369 -0.0000
vn -0.9981 0.0614 -0.0000
vn -0.9963 0.0858 -0.0000
vn -0.9939 0.1102 -0.0000
vn -0.9909 0.1345 -0.0000
vn -0.9873 0.1588 -0.0000
vn -0.9999 0.0123 -0.0000
vn -0.9831 0.1830 -0.0000
vn -0.9729 0.2311 -0.0000
vn -0.9670 0.2549 -0.0000
vn -0.9604 0.2785 -0.0000
vn -0.9533 0.3020 -0.0000
vn -0.9456 0.3253 -0.0000
vn -0.9374 0.3484 -0.0000
vn -0.9783 0.2071 -0.0000
vn -0.9783 0.2072 -0.0000
vn -0.9285 0.3713 -0.0000
vn -0.9091 0.4165 -0.0000
vn -0.8987 0.4387 -0.0000
vn -0.8876 0.4606 -0.0000
vn -0.8761 0.4822 -0.0000
vn -0.8640 0.5035 -0.0000
vn -0.8514 0.5245 -0.0000
vn -0.9191 0.3940 -0.0000
vn -0.8382 0.5453 -0.0000
vn -0.8104 0.5858 -0.0000
vn -0.7958 0.6056 -0.0000
vn -0.7958 0.6055 -0.0000
vn -0.7807 0.6249 -0.0000
vn -0.7652 0.6438 -0.0000
vn -0.7492 0.6624 -0.0000
vn -0.7327 0.6806 -0.0000
vn -0.8246 0.5658 -0.0000
vn -0.7157 0.6984 -0.0000
vn -0.7158 0.6984 -0.0000
vn -0.6806 0.7327 -0.0000
vn -0.6624 0.7492 -0.0000
vn -0.6438 0.7652 -0.0000
vn -0.6249 0.7807 -0.0000
vn -0.6055 0.7958 -0.0000
vn -0.6056 0.7958 -0.0000
vn -0.5858 0.8104 -0.0000
vn -0.6984 0.7158 -0.0000
vn -0.6984 0.7157 -0.0000
vn -0.5658 0.8246 -0.0000
vn -0.5245 0.8514 -0.0000
vn -0.5035 0.8640 -0.0000
vn -0.4822 0.8761 -0.0000
vn -0.4606 0.8876 -0.0000
vn -0.4387 0.8987 -0.0000
vn -0.4165 0.9091 -0.0000
vn -0.5453 0.8382 -0.0000
vn -0.3940 0.9191 -0.0000
vn -0.0000 -0.0000 1.0000
vn -0.3484 0.9374 -0.0000
vn -0.3253 0.9456 -0.0000
vn -0.3020 0.9533 -0.0000
vn -0.2785 0.9604 -0.0000
vn -0.2549 0.9670 -0.0000
vn -0.2311 0.9729 -0.0000
vn -0.3713 0.9285 -0.0000
vn -0.2071 0.9783 -0.0000
vn -0.1588 0.9873 -0.0000
vn -0.1345 0.9909 -0.0000
vn -0.1102 0.9939 -0.0000
vn -0.0858 0.9963 -0.0000
vn -0.0614 0.9981 -0.0000
vn -0.0369 0.9993 -0.0000
vn -0.1830 0.9831 -0.0000
vn -0.0123 0.9999 -0.0000
vn -0.0000 -0.0000 -1.0000
vt 0.996094 0.562500
vt 0.996094 0.625000
vt 0.992188 0.625000
vt 0.992188 0.562500
vt 0.996094 0.687500
vt 0.992188 0.687500
vt 0.996094 0.750000
vt 0.992188 0.750000
vt 0.996094 0.812500
vt 0.992188 0.812500
vt 0.996094 0.875000
vt 0.992188 0.875000
vt 0.996094 0.937500
vt 0.992188 0.937500
vt 0.988281 0.625000
vt 0.988281 0.562500
vt 0.988281 0.687500
vt 0.988281 0.750000
vt 0.988281 0.812500
vt 0.988281 0.875000
vt 0.988281 0.937500
vt 0.984375 0.625000
vt 0.984375 0.562500
vt 0.984375 0.687500
vt 0.984375 0.750000
vt 0.984375 0.812500
vt 0.984375 0.875000
vt 0.984375 0.937500
vt 0.980469 0.625000
vt 0.980469 0.562500
vt 0.980469 0.687500
vt 0.980469 0.750000
vt 0.980469 0.812500
vt 0.980469 0.875000
vt 0.980469 0.937500
vt 0.976563 0.625000
vt 0.976563 0.562500
vt 0.976563 0.687500
vt 0.976563 0.750000
vt 0.976563 0.812500
vt 0.976563 0.875000
vt 0.976563 0.937500
vt 0.972656 0.625000
vt 0.972656 0.562500
vt 0.972656 0.687500
vt 0.972656 0.750000
vt 0.972656 0.812500
vt 0.972656 0.875000
vt 0.972656 0.937500
vt 1.000000 0.500000
vt 1.000000 0.562500
vt 0.996094 0.500000
vt 1.000000 0.625000
vt 1.000000 0.687500
vt 1.000000 0.750000
vt 1.000000 0.812500
vt 1.000000 0.875000
vt 1.000000 0.937500
vt 1.000000 1.000000
vt 0.996094 1.000000
vt 0.992188 1.000000
vt 0.988281 1.000000
vt 0.984375 1.000000
vt 0.980469 1.000000
vt 0.976563 1.000000
vt 0.972656 1.000000
vt 0.968750 1.000000
vt 0.968750 0.937500
vt 0.968750 0.875000
vt 0.968750 0.812500
vt 0.968750 0.750000
vt 0.968750 0.687500
vt 0.968750 0.625000
vt 0.968750 0.562500
vt 0.972656 0.500000
vt 0.968750 0.500000
vt 0.976563 0.500000
vt 0.980469 0.500000
vt 0.984375 0.500000
vt 0.988281 0.500000
vt 0.992188 0.500000
vt 0.964844 0.562500
vt 0.964844 0.625000
vt 0.960938 0.625000
vt 0.960938 0.562500
vt 0.964844 0.687500
vt 0.960938 0.687500
vt 0.964844 0.750000
vt 0.960938 0.750000
vt 0.964844 0.812500
vt 0.960938 0.812500
vt 0.964844 0.875000
vt 0.960938 0.875000
vt 0.964844 0.937500
vt 0.960938 0.937500
vt 0.957031 0.625000
vt 0.957031 0.562500
vt 0.957031 0.687500
vt 0.957031 0.750000
vt 0.957031 0.812500
vt 0.957031 0.875000
vt 0.957031 0.937500
vt 0.953125 0.625000
vt 0.953125 0.562500
vt 0.953125 0.687500
vt 0.953125 0.750000
vt 0.953125 0.812500
vt 0.953125 0.875000
vt 0.953125 0.937500
vt 0.949219 0.625000
vt 0.949219 0.562500
vt 0.949219 0.687500
vt 0.949219 0.750000
vt 0.949219 0.812500
vt 0.949219 0.875000
vt 0.949219 0.937500
vt 0.945313 0.625000
vt 0.945313 0.562500
vt 0.945313 0.687500
vt 0.945313 0.750000
vt 0.945313 0.812500
vt 0.945313 0.875000
vt 0.945313 0.937500
vt 0.941406 0.625000
vt 0.941406 0.562500
vt 0.941406 0.687500
vt 0.941406 0.750000
vt 0.941406 0.812500
vt 0.941406 0.875000
vt 0.941406 0.937500
vt 0.964844 0.500000
vt 0.964844 1.000000
vt 0.960938 1.000000
vt 0.957031 1.000000
vt 0.953125 1.000000
vt 0.949219 1.000000
vt 0.945313 1.000000
vt 0.941406 1.000000
vt 0.937500 1.000000
vt 0.937500 0.937500
vt 0.937500 0.875000
vt 0.937500 0.812500
vt 0.937500 0.750000
vt 0.937500 0.687500
vt 0.937500 0.625000
vt 0.937500 0.562500
vt 0.941406 0.500000
vt 0.937500 0.500000
vt 0.945313 0.500000
vt 0.949219 0.500000
vt 0.953125 0.500000
vt 0.957031 0.500000
vt 0.960938 0.500000
vt 0.933594 0.562500
vt 0.933594 0.625000
vt 0.929688 0.625000
vt 0.929688 0.562500
vt 0.933594 0.687500
vt 0.929688 0.687500
vt 0.933594 0.750000
vt 0.929688 0.750000
vt 0.933594 0.812500
vt 0.929688 0.812500
vt 0.933594 0.875000
vt 0.929688 0.875000
vt 0.933594 0.937500
vt 0.929688 0.937500
vt 0.925781 0.625000
vt 0.925781 0.562500
vt 0.925781 0.687500
vt 0.925781 0.750000
vt 0.925781 0.812500
vt 0.925781 0.875000
vt 0.925781 0.937500
vt 0.921875 0.625000
vt 0.921875 0.562500
vt 0.921875 0.687500
vt 0.921875 0.750000
vt 0.921875 0.812500
vt 0.921875 0.875000
vt 0.921875 0.937500
vt 0.917969 0.625000
vt 0.917969 0.562500
vt 0.917969 0.687500
vt 0.917969 0.750000
vt 0.917969 0.812500
vt 0.917969 0.875000
vt 0.917969 0.937500
vt 0.914063 0.625000
vt 0.914063 0.562500
vt 0.914063 0.687500
vt 0.914063 0.750000
vt 0.914063 0.812500
vt 0.914063 0.875000
vt 0.914063 0.937500
vt 0.910156 0.625000
vt 0.910156 0.562500
vt 0.910156 0.687500
vt 0.910156 0.750000
vt 0.910156 0.812500
vt 0.910156 0.875000
vt 0.910156 0.937500
vt 0.933594 0.500000
vt 0.933594 1.000000
vt 0.929688 1.000000
vt 0.925781 1.000000
vt 0.921875 1.000000
vt 0.917969 1.000000
vt 0.914063 1.000000
vt 0.910156 1.000000
vt 0.906250 1.000000
vt 0.906250 0.937500
vt 0.906250 0.875000
vt 0.906250 0.812500
vt 0.906250 0.750000
vt 0.906250 0.687500
vt 0.906250 0.625000
vt 0.906250 0.562500
vt 0.910156 0.500000
vt 0.906250 0.500000
vt 0.914063 0.500000
vt 0.917969 0.500000
vt 0.921875 0.500000
vt 0.925781 0.500000
vt 0.929688 0.500000
vt 0.902344 0.562500
vt 0.902344 0.625000
vt 0.898438 0.625000
vt 0.898438 0.562500
vt 0.902344 0.687500
vt 0.898438 0.687500
vt 0.902344 0.750000
vt 0.898438 0.750000
vt 0.902344 0.812500
vt 0.898438 0.812500
vt 0.902344 0.875000
vt 0.898438 0.875000
vt 0.902344 0.937500
vt 0.898438 0.937500
vt 0.894531 0.625000
vt 0.894531 0.562500
vt 0.894531 0.687500
vt 0.894531 0.750000
vt 0.894531 0.812500
vt 0.894531 0.875000
vt 0.894531 0.937500
vt 0.890625 0.625000
vt 0.890625 0.562500
vt 0.890625 0.687500
vt 0.890625 0.750000
vt 0.890625 0.812500
vt 0.890625 0.875000
vt 0.890625 0.937500
vt 0.886719 0.625000
vt 0.886719 0.562500
vt 0.886719 0.687500
vt 0.886719 0.750000
vt 0.886719 0.812500
vt 0.886719 0.875000
vt 0.886719 0.937500
vt 0.882813 0.625000
vt 0.882813 0.562500
vt 0.882812 0.687500
vt 0.882813 0.750000
vt 0.882812 0.812500
vt 0.882813 0.875000
vt 0.882813 0.937500
vt 0.878906 0.625000
vt 0.878906 0.562500
vt 0.878906 0.687500
vt 0.878906 0.750000
vt 0.878906 0.812500
vt 0.878906 0.875000
vt 0.878906 0.937500
vt 0.902344 0.500000
vt 0.902344 1.000000
vt 0.898438 1.000000
vt 0.894531 1.000000
vt 0.890625 1.000000
vt 0.886719 1.000000
vt 0.882813 1.000000
vt 0.878906 1.000000
vt 0.875000 1.000000
vt 0.875000 0.937500
vt 0.875000 0.875000
vt 0.875000 0.812500
vt 0.875000 0.750000
vt 0.875000 0.687500
vt 0.875000 0.625000
vt 0.875000 0.562500
vt 0.878906 0.500000
vt 0.875000 0.500000
vt 0.882813 0.500000
vt 0.886719 0.500000
vt 0.890625 0.500000
vt 0.894531 0.500000
vt 0.898438 0.500000
vt 0.871094 0.562500
vt 0.871094 0.625000
vt 0.867188 0.625000
vt 0.867188 0.562500
vt 0.871094 0.687500
vt 0.867188 0.687500
vt 0.871094 0.750000
vt 0.867188 0.750000
vt 0.871094 0.812500
vt 0.867188 0.812500
vt 0.871094 0.875000
vt 0.867188 0.875000
vt 0.871094 0.937500
vt 0.867188 0.937500
vt 0.863281 0.625000
vt 0.863281 0.562500
vt 0.863281 0.687500
vt 0.863281 0.750000
vt 0.863281 0.812500
vt 0.863281 0.875000
vt 0.863281 0.937500
vt 0.859375 0.625000
vt 0.859375 0.562500
vt 0.859375 0.687500
vt 0.859375 0.750000
vt 0.859375 0.812500
vt 0.859375 0.875000
vt 0.859375 0.937500
vt 0.855469 0.625000
vt 0.855469 0.562500
vt 0.855469 0.687500
vt 0.855469 0.750000
vt 0.855469 0.812500
vt 0.855469 0.875000
vt 0.855469 0.937500
vt 0.851563 0.625000
vt 0.851562 0.562500
vt 0.851562 0.687500
vt 0.851563 0.750000
vt 0.851562 0.812500
vt 0.851562 0.875000
vt 0.851562 0.937500
vt 0.847656 0.625000
vt 0.847656 0.562500
vt 0.847656 0.687500
vt 0.847656 0.750000
vt 0.847656 0.812500
vt 0.847656 0.875000
vt 0.847656 0.937500
vt 0.871094 0.500000
vt 0.871094 1.000000
vt 0.867188 1.000000
vt 0.863281 1.000000
vt 0.859375 1.000000
vt 0.855469 1.000000
vt 0.851563 1.000000
vt 0.847656 1.000000
vt 0.843750 1.000000
vt 0.843750 0.937500
vt 0.843750 0.875000
vt 0.843750 0.812500
vt 0.843750 0.750000
vt 0.843750 0.687500
vt 0.843750 0.625000
vt 0.843750 0.562500
vt 0.847656 0.500000
vt 0.843750 0.500000
vt 0.851563 0.500000
vt 0.855469 0.500000
vt 0.859375 0.500000
vt 0.863281 0.500000
vt 0.867188 0.500000
vt 0.839844 0.562500
vt 0.839844 0.625000
vt 0.835938 0.625000
vt 0.835938 0.562500
vt 0.839844 0.687500
vt 0.835938 0.687500
vt 0.839844 0.750000
vt 0.835938 0.750000
vt 0.839844 0.812500
vt 0.835938 0.812500
vt 0.839844 0.875000
vt 0.835938 0.875000
vt 0.839844 0.937500
vt 0.835938 0.937500
vt 0.832031 0.625000
vt 0.832031 0.562500
vt 0.832031 0.687500
vt 0.832031 0.750000
vt 0.832031 0.812500
vt 0.832031 0.875000
vt 0.832031 0.937500
vt 0.828125 0.625000
vt 0.828125 0.562500
vt 0.828125 0.687500
vt 0.828125 0.750000
vt 0.828125 0.812500
vt 0.828125 0.875000
vt 0.828125 0.937500
vt 0.824219 0.625000
vt 0.824219 0.562500
vt 0.824219 0.687500
vt 0.824219 0.750000
vt 0.824219 0.812500
vt 0.824219 0.875000
vt 0.824219 0.937500
vt 0.820312 0.625000
vt 0.820313 0.562500
vt 0.820313 0.687500
vt 0.820312 0.750000
vt 0.820313 0.812500
vt 0.820313 0.875000
vt 0.820313 0.937500
vt 0.816406 0.625000
vt 0.816406 0.562500
vt 0.816406 0.687500
vt 0.816406 0.750000
vt 0.816406 0.812500
vt 0.816406 0.875000
vt 0.816406 0.937500
vt 0.839844 0.500000
vt 0.839844 1.000000
vt 0.835938 1.000000
vt 0.832031 1.000000
vt 0.828125 1.000000
vt 0.824219 1.000000
vt 0.820313 1.000000
vt 0.816406 1.000000
vt 0.812500 1.000000
vt 0.812500 0.937500
vt 0.812500 0.875000
vt 0.812500 0.812500
vt 0.812500 0.750000
vt 0.812500 0.687500
vt 0.812500 0.625000
vt 0.812500 0.562500
vt 0.816406 0.500000
vt 0.812500 0.500000
vt 0.820313 0.500000
vt 0.824219 0.500000
vt 0.828125 0.500000
vt 0.832031 0.500000
vt 0.835938 0.500000
vt 0.808594 0.562500
vt 0.808594 0.625000
vt 0.804688 0.625000
vt 0.804688 0.562500
vt 0.808594 0.687500
vt 0.804688 0.687500
vt 0.808594 0.750000
vt 0.804688 0.750000
vt 0.808594 0.812500
vt 0.804688 0.812500
vt 0.808594 0.875000
vt 0.804688 0.875000
vt 0.808594 0.937500
vt 0.804688 0.937500
vt 0.800781 0.625000
vt 0.800781 0.562500
vt 0.800781 0.687500
vt 0.800781 0.750000
vt 0.800781 0.812500
vt 0.800781 0.875000
vt 0.800781 0.937500
vt 0.796875 0.625000
vt 0.796875 0.562500
vt 0.796875 0.687500
vt 0.796875 0.750000
vt 0.796875 0.812500
vt 0.796875 0.875000
vt 0.796875 0.937500
vt 0.792969 0.625000
vt 0.792969 0.562500
vt 0.792969 0.687500
vt 0.792969 0.750000
vt 0.792969 0.812500
vt 0.792969 0.875000
vt 0.792969 0.937500
vt 0.789063 0.625000
vt 0.789063 0.562500
vt 0.789063 0.687500
vt 0.789063 0.750000
vt 0.789063 0.812500
vt 0.789063 0.875000
vt 0.789063 0.937500
vt 0.785156 0.625000
vt 0.785156 0.562500
vt 0.785156 0.687500
vt 0.785156 0.750000
vt 0.785156 0.812500
vt 0.785156 0.875000
vt 0.785156 0.937500
vt 0.808594 0.500000
vt 0.808594 1.000000
vt 0.804688 1.000000
vt 0.800781 1.000000
vt 0.796875 1.000000
vt 0.792969 1.000000
vt 0.789063 1.000000
vt 0.785156 1.000000
vt 0.781250 1.000000
vt 0.781250 0.937500
vt 0.781250 0.875000
vt 0.781250 0.812500
vt 0.781250 0.750000
vt 0.781250 0.687500
vt 0.781250 0.625000
vt 0.781250 0.562500
vt 0.785156 0.500000
vt 0.781250 0.500000
vt 0.789063 0.500000
vt 0.792969 0.500000
vt 0.796875 0.500000
vt 0.800781 0.500000
vt 0.804688 0.500000
vt 0.777344 0.562500
vt 0.777344 0.625000
vt 0.773438 0.625000
vt 0.773438 0.562500
vt 0.777344 0.687500
vt 0.773438 0.687500
vt 0.777344 0.750000
vt 0.773438 0.750000
vt 0.777344 0.812500
vt 0.773438 0.812500
vt 0.777344 0.875000
vt 0.773438 0.875000
vt 0.777344 0.937500
vt 0.773438 0.937500
vt 0.769531 0.625000
vt 0.769531 0.562500
vt 0.769531 0.687500
vt 0.769531 0.750000
vt 0.769531 0.812500
vt 0.769531 0.875000
vt 0.769531 0.937500
vt 0.765625 0.625000
vt 0.765625 0.562500
vt 0.765625 0.687500
vt 0.765625 0.750000
vt 0.765625 0.812500
vt 0.765625 0.875000
vt 0.765625 0.937500
vt 0.761719 0.625000
vt 0.761719 0.562500
vt 0.761719 0.687500
vt 0.761719 0.750000
vt 0.761719 0.812500
vt 0.761719 0.875000
vt 0.761719 0.937500
vt 0.757813 0.625000
vt 0.757813 0.562500
vt 0.757813 0.687500
vt 0.757813 0.750000
vt 0.757813 0.812500
vt 0.757813 0.875000
vt 0.757813 0.937500
vt 0.753906 0.625000
vt 0.753906 0.562500
vt 0.753906 0.687500
vt 0.753906 0.750000
vt 0.753906 0.812500
vt 0.753906 0.875000
vt 0.753906 0.937500
vt 0.777344 0.500000
vt 0.777344 1.000000
vt 0.773438 1.000000
vt 0.769531 1.000000
vt 0.765625 1.000000
vt 0.761719 1.000000
vt 0.757813 1.000000
vt 0.753906 1.000000
vt 0.750000 1.000000
vt 0.750000 0.937500
vt 0.750000 0.875000
vt 0.750000 0.812500
vt 0.750000 0.750000
vt 0.750000 0.687500
vt 0.750000 0.625000
vt 0.750000 0.562500
vt 0.753906 0.500000
vt 0.750000 0.500000
vt 0.757813 0.500000
vt 0.761719 0.500000
vt 0.765625 0.500000
vt 0.769531 0.500000
vt 0.773438 0.500000
vt 0.746094 0.562500
vt 0.746094 0.625000
vt 0.742188 0.625000
vt 0.742188 0.562500
vt 0.746094 0.687500
vt 0.742188 0.687500
vt 0.746094 0.750000
vt 0.742188 0.750000
vt 0.746094 0.812500
vt 0.742188 0.812500
vt 0.746094 0.875000
vt 0.742188 0.875000
vt 0.746094 0.937500
vt 0.742188 0.937500
vt 0.738281 0.625000
vt 0.738281 0.562500
vt 0.738281 0.687500
vt 0.738281 0.750000
vt 0.738281 0.812500
vt 0.738281 0.875000
vt 0.738281 0.937500
vt 0.734375 0.625000
vt 0.734375 0.562500
vt 0.734375 0.687500
vt 0.734375 0.750000
vt 0.734375 0.812500
vt 0.734375 0.875000
vt 0.734375 0.937500
vt 0.730469 0.625000
vt 0.730469 0.562500
vt 0.730469 0.687500
vt 0.730469 0.750000
vt 0.730469 0.812500
vt 0.730469 0.875000
vt 0.730469 0.937500
vt 0.726563 0.625000
vt 0.726562 0.562500
vt 0.726562 0.687500
vt 0.726563 0.750000
vt 0.726562 0.812500
vt 0.726562 0.875000
vt 0.726562 0.937500
vt 0.722656 0.625000
vt 0.722656 0.562500
vt 0.722656 0.687500
vt 0.722656 0.750000
vt 0.722656 0.812500
vt 0.722656 0.875000
vt 0.722656 0.937500
vt 0.746094 0.500000
vt 0.746094 1.000000
vt 0.742188 1.000000
vt 0.738281 1.000000
vt 0.734375 1.000000
vt 0.730469 1.000000
vt 0.726563 1.000000
vt 0.722656 1.000000
vt 0.718750 1.000000
vt 0.718750 0.937500
vt 0.718750 0.875000
vt 0.718750 0.812500
vt 0.718750 0.750000
vt 0.718750 0.687500
vt 0.718750 0.625000
vt 0.718750 0.562500
vt 0.722656 0.500000
vt 0.718750 0.500000
vt 0.726563 0.500000
vt 0.730469 0.500000
vt 0.734375 0.500000
vt 0.738281 0.500000
vt 0.742188 0.500000
vt 0.714844 0.562500
vt 0.714844 0.625000
vt 0.710938 0.625000
vt 0.710938 0.562500
vt 0.714844 0.687500
vt 0.710938 0.687500
vt 0.714844 0.750000
vt 0.710938 0.750000
vt 0.714844 0.812500
vt 0.710938 0.812500
vt 0.714844 0.875000
vt 0.710938 0.875000
vt 0.714844 0.937500
vt 0.710938 0.937500
vt 0.707031 0.625000
vt 0.707031 0.562500
vt 0.707031 0.687500
vt 0.707031 0.750000
vt 0.707031 0.812500
vt 0.707031 0.875000
vt 0.707031 0.937500
vt 0.703125 0.625000
vt 0.703125 0.562500
vt 0.703125 0.687500
vt 0.703125 0.750000
vt 0.703125 0.812500
vt 0.703125 0.875000
vt 0.703125 0.937500
vt 0.699219 0.625000
vt 0.699219 0.562500
vt 0.699219 0.687500
vt 0.699219 0.750000
vt 0.699219 0.812500
vt 0.699219 0.875000
vt 0.699219 0.937500
vt 0.695312 0.625000
vt 0.695313 0.562500
vt 0.695313 0.687500
vt 0.695312 0.750000
vt 0.695313 0.812500
vt 0.695313 0.875000
vt 0.695313 0.937500
vt 0.691406 0.625000
vt 0.691406 0.562500
vt 0.691406 0.687500
vt 0.691406 0.750000
vt 0.691406 0.812500
vt 0.691406 0.875000
vt 0.691406 0.937500
vt 0.714844 0.500000
vt 0.714844 1.000000
vt 0.710938 1.000000
vt 0.707031 1.000000
vt 0.703125 1.000000
vt 0.699219 1.000000
vt 0.695313 1.000000
vt 0.691406 1.000000
vt 0.687500 1.000000
vt 0.687500 0.937500
vt 0.687500 0.875000
vt 0.687500 0.812500
vt 0.687500 0.750000
vt 0.687500 0.687500
vt 0.687500 0.625000
vt 0.687500 0.562500
vt 0.691406 0.500000
vt 0.687500 0.500000
vt 0.695313 0.500000
vt 0.699219 0.500000
vt 0.703125 0.500000
vt 0.707031 0.500000
vt 0.710938 0.500000
vt 0.683594 0.562500
vt 0.683594 0.625000
vt 0.679688 0.625000
vt 0.679688 0.562500
vt 0.683594 0.687500
vt 0.679688 0.687500
vt 0.683594 0.750000
vt 0.679688 0.750000
vt 0.683594 0.812500
vt 0.679688 0.812500
vt 0.683594 0.875000
vt 0.679688 0.875000
vt 0.683594 0.937500
vt 0.679688 0.937500
vt 0.675781 0.625000
vt 0.675781 0.562500
vt 0.675781 0.687500
vt 0.675781 0.750000
vt 0.675781 0.812500
vt 0.675781 0.875000
vt 0.675781 0.937500
vt 0.671875 0.625000
vt 0.671875 0.562500
vt 0.671875 0.687500
vt 0.671875 0.750000
vt 0.671875 0.812500
vt 0.671875 0.875000
vt 0.671875 0.937500
vt 0.667969 0.625000
vt 0.667969 0.562500
vt 0.667969 0.687500
vt 0.667969 0.750000
vt 0.667969 0.812500
vt 0.667969 0.875000
vt 0.667969 0.937500
vt 0.664063 0.625000
vt 0.664063 0.562500
vt 0.664063 0.687500
vt 0.664063 0.750000
vt 0.664063 0.812500
vt 0.664063 0.875000
vt 0.664063 0.937500
vt 0.660156 0.625000
vt 0.660156 0.562500
vt 0.660156 0.687500
vt 0.660156 0.750000
vt 0.660156 0.812500
vt 0.660156 0.875000
vt 0.660156 0.937500
vt 0.683594 0.500000
vt 0.683594 1.000000
vt 0.679688 1.000000
vt 0.675781 1.000000
vt 0.671875 1.000000
vt 0.667969 1.000000
vt 0.664063 1.000000
vt 0.660156 1.000000
vt 0.656250 1.000000
vt 0.656250 0.937500
vt 0.656250 0.875000
vt 0.656250 0.812500
vt 0.656250 0.750000
vt 0.656250 0.687500
vt 0.656250 0.625000
vt 0.656250 0.562500
vt 0.660156 0.500000
vt 0.656250 0.500000
vt 0.664063 0.500000
vt 0.667969 0.500000
vt 0.671875 0.500000
vt 0.675781 0.500000
vt 0.679688 0.500000
vt 0.652344 0.562500
vt 0.652344 0.625000
vt 0.648438 0.625000
vt 0.648438 0.562500
vt 0.652344 0.687500
vt 0.648438 0.687500
vt 0.652344 0.750000
vt 0.648438 0.750000
vt 0.652344 0.812500
vt 0.648438 0.812500
vt 0.652344 0.875000
vt 0.648438 0.875000
vt 0.652344 0.937500
vt 0.648438 0.937500
vt 0.644531 0.625000
vt 0.644531 0.562500
vt 0.644531 0.687500
vt 0.644531 0.750000
vt 0.644531 0.812500
vt 0.644531 0.875000
vt 0.644531 0.937500
vt 0.640625 0.625000
vt 0.640625 0.562500
vt 0.640625 0.687500
vt 0.640625 0.750000
vt 0.640625 0.812500
vt 0.640625 0.875000
vt 0.640625 0.937500
vt 0.636719 0.625000
vt 0.636719 0.562500
vt 0.636719 0.687500
vt 0.636719 0.750000
vt 0.636719 0.812500
vt 0.636719 0.875000
vt 0.636719 0.937500
vt 0.632813 0.625000
vt 0.632813 0.562500
vt 0.632813 0.687500
vt 0.632813 0.750000
vt 0.632813 0.812500
vt 0.632813 0.875000
vt 0.632813 0.937500
vt 0.628906 0.625000
vt 0.628906 0.562500
vt 0.628906 0.687500
vt 0.628906 0.750000
vt 0.628906 0.812500
vt 0.628906 0.875000
vt 0.628906 0.937500
vt 0.652344 0.500000
vt 0.652344 1.000000
vt 0.648438 1.000000
vt 0.644531 1.000000
vt 0.640625 1.000000
vt 0.636719 1.000000
vt 0.632813 1.000000
vt 0.628906 1.000000
vt 0.625000 1.000000
vt 0.625000 0.937500
vt 0.625000 0.875000
vt 0.625000 0.812500
vt 0.625000 0.750000
vt 0.625000 0.687500
vt 0.625000 0.625000
vt 0.625000 0.562500
vt 0.628906 0.500000
vt 0.625000 0.500000
vt 0.632813 0.500000
vt 0.636719 0.500000
vt 0.640625 0.500000
vt 0.644531 0.500000
vt 0.648438 0.500000
vt 0.621094 0.562500
vt 0.621094 0.625000
vt 0.617188 0.625000
vt 0.617188 0.562500
vt 0.621094 0.687500
vt 0.617188 0.687500
vt 0.621094 0.750000
vt 0.617188 0.750000
vt 0.621094 0.812500
vt 0.617188 0.812500
vt 0.621094 0.875000
vt 0.617188 0.875000
vt 0.621094 0.937500
vt 0.617188 0.937500
vt 0.613281 0.625000
vt 0.613281 0.562500
vt 0.613281 0.687500
vt 0.613281 0.750000
vt 0.613281 0.812500
vt 0.613281 0.875000
vt 0.613281 0.937500
vt 0.609375 0.625000
vt 0.609375 0.562500
vt 0.609375 0.687500
vt 0.609375 0.750000
vt 0.609375 0.812500
vt 0.609375 0.875000
vt 0.609375 0.937500
vt 0.605469 0.625000
vt 0.605469 0.562500
vt 0.605469 0.687500
vt 0.605469 0.750000
vt 0.605469 0.812500
vt 0.605469 0.875000
vt 0.605469 0.937500
vt 0.601563 0.625000
vt 0.601563 0.562500
vt 0.601562 0.687500
vt 0.601563 0.750000
vt 0.601562 0.812500
vt 0.601563 0.875000
vt 0.601563 0.937500
vt 0.597656 0.625000
vt 0.597656 0.562500
vt 0.597656 0.687500
vt 0.597656 0.750000
vt 0.597656 0.812500
vt 0.597656 0.875000
vt 0.597656 0.937500
vt 0.621094 0.500000
vt 0.621094 1.000000
vt 0.617188 1.000000
vt 0.613281 1.000000
vt 0.609375 1.000000
vt 0.605469 1.000000
vt 0.601563 1.000000
vt 0.597656 1.000000
vt 0.593750 1.000000
vt 0.593750 0.937500
vt 0.593750 0.875000
vt 0.593750 0.812500
vt 0.593750 0.750000
vt 0.593750 0.687500
vt 0.593750 0.625000
vt 0.593750 0.562500
vt 0.597656 0.500000
vt 0.593750 0.500000
vt 0.601563 0.500000
vt 0.605469 0.500000
vt 0.609375 0.500000
vt 0.613281 0.500000
vt 0.617188 0.500000
vt 0.589844 0.562500
vt 0.589844 0.625000
vt 0.585938 0.625000
vt 0.585938 0.562500
vt 0.589844 0.687500
vt 0.585938 0.687500
vt 0.589844 0.750000
vt 0.585938 0.750000
vt 0.589844 0.812500
vt 0.585938 0.812500
vt 0.589844 0.875000
vt 0.585938 0.875000
vt 0.589844 0.937500
vt 0.585938 0.937500
vt 0.582031 0.625000
vt 0.582031 0.562500
vt 0.582031 0.687500
vt 0.582031 0.750000
vt 0.582031 0.812500
vt 0.582031 0.875000
vt 0.582031 0.937500
vt 0.578125 0.625000
vt 0.578125 0.562500
vt 0.578125 0.687500
vt 0.578125 0.750000
vt 0.578125 0.812500
vt 0.578125 0.875000
vt 0.578125 0.937500
vt 0.574219 0.625000
vt 0.574219 0.562500
vt 0.574219 0.687500
vt 0.574219 0.750000
vt 0.574219 0.812500
vt 0.574219 0.875000
vt 0.574219 0.937500
vt 0.570313 0.625000
vt 0.570312 0.562500
vt 0.570313 0.687500
vt 0.570313 0.750000
vt 0.570313 0.812500
vt 0.570312 0.875000
vt 0.570312 0.937500
vt 0.566406 0.625000
vt 0.566406 0.562500
vt 0.566406 0.687500
vt 0.566406 0.750000
vt 0.566406 0.812500
vt 0.566406 0.875000
vt 0.566406 0.937500
vt 0.589844 0.500000
vt 0.589844 1.000000
vt 0.585938 1.000000
vt 0.582031 1.000000
vt 0.578125 1.000000
vt 0.574219 1.000000
vt 0.570313 1.000000
vt 0.566406 1.000000
vt 0.562500 1.000000
vt 0.562500 0.937500
vt 0.562500 0.875000
vt 0.562500 0.812500
vt 0.562500 0.750000
vt 0.562500 0.687500
vt 0.562500 0.625000
vt 0.562500 0.562500
vt 0.566406 0.500000
vt 0.562500 0.500000
vt 0.570313 0.500000
vt 0.574219 0.500000
vt 0.578125 0.500000
vt 0.582031 0.500000
vt 0.585938 0.500000
vt 0.558594 0.562500
vt 0.558594 0.625000
vt 0.554688 0.625000
vt 0.554688 0.562500
vt 0.558594 0.687500
vt 0.554688 0.687500
vt 0.558594 0.750000
vt 0.554688 0.750000
vt 0.558594 0.812500
vt 0.554688 0.812500
vt 0.558594 0.875000
vt 0.554688 0.875000
vt 0.558594 0.937500
vt 0.554688 0.937500
vt 0.550781 0.625000
vt 0.550781 0.562500
vt 0.550781 0.687500
vt 0.550781 0.750000
vt 0.550781 0.812500
vt 0.550781 0.875000
vt 0.550781 0.937500
vt 0.546875 0.625000
vt 0.546875 0.562500
vt 0.546875 0.687500
vt 0.546875 0.750000
vt 0.546875 0.812500
vt 0.546875 0.875000
vt 0.546875 0.937500
vt 0.542969 0.625000
vt 0.542969 0.562500
vt 0.542969 0.687500
vt 0.542969 0.750000
vt 0.542969 0.812500
vt 0.542969 0.875000
vt 0.542969 0.937500
vt 0.539062 0.625000
vt 0.539063 0.562500
vt 0.539063 0.687500
vt 0.539062 0.750000
vt 0.539063 0.812500
vt 0.539063 0.875000
vt 0.539063 0.937500
vt 0.535156 0.625000
vt 0.535156 0.562500
vt 0.535156 0.687500
vt 0.535156 0.750000
vt 0.535156 0.812500
vt 0.535156 0.875000
vt 0.535156 0.937500
vt 0.558594 0.500000
vt 0.558594 1.000000
vt 0.554688 1.000000
vt 0.550781 1.000000
vt 0.546875 1.000000
vt 0.542969 1.000000
vt 0.539063 1.000000
vt 0.535156 1.000000
vt 0.531250 1.000000
vt 0.531250 0.937500
vt 0.531250 0.875000
vt 0.531250 0.812500
vt 0.531250 0.750000
vt 0.531250 0.687500
vt 0.531250 0.625000
vt 0.531250 0.562500
vt 0.535156 0.500000
vt 0.531250 0.500000
vt 0.539063 0.500000
vt 0.542969 0.500000
vt 0.546875 0.500000
vt 0.550781 0.500000
vt 0.554688 0.500000
vt 0.527344 0.562500
vt 0.527344 0.625000
vt 0.523438 0.625000
vt 0.523438 0.562500
vt 0.527344 0.687500
vt 0.523438 0.687500
vt 0.527344 0.750000
vt 0.523438 0.750000
vt 0.527344 0.812500
vt 0.523438 0.812500
vt 0.527344 0.875000
vt 0.523438 0.875000
vt 0.527344 0.937500
vt 0.523438 0.937500
vt 0.519531 0.625000
vt 0.519531 0.562500
vt 0.519531 0.687500
vt 0.519531 0.750000
vt 0.519531 0.812500
vt 0.519531 0.875000
vt 0.519531 0.937500
vt 0.515625 0.625000
vt 0.515625 0.562500
vt 0.515625 0.687500
vt 0.515625 0.750000
vt 0.515625 0.812500
vt 0.515625 0.875000
vt 0.515625 0.937500
vt 0.511719 0.625000
vt 0.511719 0.562500
vt 0.511719 0.687500
vt 0.511719 0.750000
vt 0.511719 0.812500
vt 0.511719 0.875000
vt 0.511719 0.937500
vt 0.507812 0.625000
vt 0.507812 0.562500
vt 0.507813 0.687500
vt 0.507812 0.750000
vt 0.507813 0.812500
vt 0.507812 0.875000
vt 0.507812 0.937500
vt 0.503906 0.625000
vt 0.503906 0.562500
vt 0.503906 0.687500
vt 0.503906 0.750000
vt 0.503906 0.812500
vt 0.503906 0.875000
vt 0.503906 0.937500
vt 0.527344 0.500000
vt 0.527344 1.000000
vt 0.523438 1.000000
vt 0.519531 1.000000
vt 0.515625 1.000000
vt 0.511719 1.000000
vt 0.507813 1.000000
vt 0.503906 1.000000
vt 0.500000 1.000000
vt 0.500000 0.937500
vt 0.500000 0.875000
vt 0.500000 0.812500
vt 0.500000 0.750000
vt 0.500000 0.687500
vt 0.500000 0.625000
vt 0.500000 0.562500
vt 0.503906 0.500000
vt 0.500000 0.500000
vt 0.507813 0.500000
vt 0.511719 0.500000
vt 0.515625 0.500000
vt 0.519531 0.500000
vt 0.523438 0.500000
vt 0.496094 0.562500
vt 0.496094 0.625000
vt 0.492188 0.625000
vt 0.492188 0.562500
vt 0.496094 0.687500
vt 0.492188 0.687500
vt 0.496094 0.750000
vt 0.492188 0.750000
vt 0.496094 0.812500
vt 0.492188 0.812500
vt 0.496094 0.875000
vt 0.492188 0.875000
vt 0.496094 0.937500
vt 0.492188 0.937500
vt 0.488281 0.625000
vt 0.488281 0.562500
vt 0.488281 0.687500
vt 0.488281 0.750000
vt 0.488281 0.812500
vt 0.488281 0.875000
vt 0.488281 0.937500
vt 0.484375 0.625000
vt 0.484375 0.562500
vt 0.484375 0.687500
vt 0.484375 0.750000
vt 0.484375 0.812500
vt 0.484375 0.875000
vt 0.484375 0.937500
vt 0.480469 0.625000
vt 0.480469 0.562500
vt 0.480469 0.687500
vt 0.480469 0.750000
vt 0.480469 0.812500
vt 0.480469 0.875000
vt 0.480469 0.937500
vt 0.476563 0.625000
vt 0.476563 0.562500
vt 0.476562 0.687500
vt 0.476563 0.750000
vt 0.476562 0.812500
vt 0.476563 0.875000
vt 0.476563 0.937500
vt 0.472656 0.625000
vt 0.472656 0.562500
vt 0.472656 0.687500
vt 0.472656 0.750000
vt 0.472656 0.812500
vt 0.472656 0.875000
vt 0.472656 0.937500
vt 0.496094 0.500000
vt 0.496094 1.000000
vt 0.492188 1.000000
vt 0.488281 1.000000
vt 0.484375 1.000000
vt 0.480469 1.000000
vt 0.476563 1.000000
vt 0.472656 1.000000
vt 0.468750 1.000000
vt 0.468750 0.937500
vt 0.468750 0.875000
vt 0.468750 0.812500
vt 0.468750 0.750000
vt 0.468750 0.687500
vt 0.468750 0.625000
vt 0.468750 0.562500
vt 0.472656 0.500000
vt 0.468750 0.500000
vt 0.476563 0.500000
vt 0.480469 0.500000
vt 0.484375 0.500000
vt 0.488281 0.500000
vt 0.492188 0.500000
vt 0.464844 0.562500
vt 0.464844 0.625000
vt 0.460938 0.625000
vt 0.460938 0.562500
vt 0.464844 0.687500
vt 0.460938 0.687500
vt 0.464844 0.750000
vt 0.460938 0.750000
vt 0.464844 0.812500
vt 0.460938 0.812500
vt 0.464844 0.875000
vt 0.460938 0.875000
vt 0.464844 0.937500
vt 0.460938 0.937500
vt 0.457031 0.625000
vt 0.457031 0.562500
vt 0.457031 0.687500
vt 0.457031 0.750000
vt 0.457031 0.812500
vt 0.457031 0.875000
vt 0.457031 0.937500
vt 0.453125 0.625000
vt 0.453125 0.562500
vt 0.453125 0.687500
vt 0.453125 0.750000
vt 0.453125 0.812500
vt 0.453125 0.875000
vt 0.453125 0.937500
vt 0.449219 0.625000
vt 0.449219 0.562500
vt 0.449219 0.687500
vt 0.449219 0.750000
vt 0.449219 0.812500
vt 0.449219 0.875000
vt 0.449219 0.937500
vt 0.445313 0.625000
vt 0.445312 0.562500
vt 0.445313 0.687500
vt 0.445313 0.750000
vt 0.445313 0.812500
vt 0.445312 0.875000
vt 0.445312 0.937500
vt 0.441406 0.625000
vt 0.441406 0.562500
vt 0.441406 0.687500
vt 0.441406 0.750000
vt 0.441406 0.812500
vt 0.441406 0.875000
vt 0.441406 0.937500
vt 0.464844 0.500000
vt 0.464844 1.000000
vt 0.460938 1.000000
vt 0.457031 1.000000
vt 0.453125 1.000000
vt 0.449219 1.000000
vt 0.445313 1.000000
vt 0.441406 1.000000
vt 0.437500 1.000000
vt 0.437500 0.937500
vt 0.437500 0.875000
vt 0.437500 0.812500
vt 0.437500 0.750000
vt 0.437500 0.687500
vt 0.437500 0.625000
vt 0.437500 0.562500
vt 0.441406 0.500000
vt 0.437500 0.500000
vt 0.445313 0.500000
vt 0.449219 0.500000
vt 0.453125 0.500000
vt 0.457031 0.500000
vt 0.460938 0.500000
vt 0.433594 0.562500
vt 0.433594 0.625000
vt 0.429688 0.625000
vt 0.429688 0.562500
vt 0.433594 0.687500
vt 0.429688 0.687500
vt 0.433594 0.750000
vt 0.429688 0.750000
vt 0.433594 0.812500
vt 0.429688 0.812500
vt 0.433594 0.875000
vt 0.429688 0.875000
vt 0.433594 0.937500
vt 0.429688 0.937500
vt 0.425781 0.625000
vt 0.425781 0.562500
vt 0.425781 0.687500
vt 0.425781 0.750000
vt 0.425781 0.812500
vt 0.425781 0.875000
vt 0.425781 0.937500
vt 0.421875 0.625000
vt 0.421875 0.562500
vt 0.421875 0.687500
vt 0.421875 0.750000
vt 0.421875 0.812500
vt 0.421875 0.875000
vt 0.421875 0.937500
vt 0.417969 0.625000
vt 0.417969 0.562500
vt 0.417969 0.687500
vt 0.417969 0.750000
vt 0.417969 0.812500
vt 0.417969 0.875000
vt 0.417969 0.937500
vt 0.414062 0.625000
vt 0.414063 0.562500
vt 0.414063 0.687500
vt 0.414062 0.750000
vt 0.414063 0.812500
vt 0.414063 0.875000
vt 0.414063 0.937500
vt 0.410156 0.625000
vt 0.410156 0.562500
vt 0.410156 0.687500
vt 0.410156 0.750000
vt 0.410156 0.812500
vt 0.410156 0.875000
vt 0.410156 0.937500
vt 0.433594 0.500000
vt 0.433594 1.000000
vt 0.429688 1.000000
vt 0.425781 1.000000
vt 0.421875 1.000000
vt 0.417969 1.000000
vt 0.414063 1.000000
vt 0.410156 1.000000
vt 0.406250 1.000000
vt 0.406250 0.937500
vt 0.406250 0.875000
vt 0.406250 0.812500
vt 0.406250 0.750000
vt 0.406250 0.687500
vt 0.406250 0.625000
vt 0.406250 0.562500
vt 0.410156 0.500000
vt 0.406250 0.500000
vt 0.414063 0.500000
vt 0.417969 0.500000
vt 0.421875 0.500000
vt 0.425781 0.500000
vt 0.429688 0.500000
vt 0.402344 0.562500
vt 0.402344 0.625000
vt 0.398438 0.625000
vt 0.398438 0.562500
vt 0.402344 0.687500
vt 0.398438 0.687500
vt 0.402344 0.750000
vt 0.398438 0.750000
vt 0.402344 0.812500
vt 0.398438 0.812500
vt 0.402344 0.875000
vt 0.398438 0.875000
vt 0.402344 0.937500
vt 0.398438 0.937500
vt 0.394531 0.625000
vt 0.394531 0.562500
vt 0.394531 0.687500
vt 0.394531 0.750000
vt 0.394531 0.812500
vt 0.394531 0.875000
vt 0.394531 0.937500
vt 0.390625 0.625000
vt 0.390625 0.562500
vt 0.390625 0.687500
vt 0.390625 0.750000
vt 0.390625 0.812500
vt 0.390625 0.875000
vt 0.390625 0.937500
vt 0.386719 0.625000
vt 0.386719 0.562500
vt 0.386719 0.687500
vt 0.386719 0.750000
vt 0.386719 0.812500
vt 0.386719 0.875000
vt 0.386719 0.937500
vt 0.382812 0.625000
vt 0.382813 0.562500
vt 0.382813 0.687500
vt 0.382812 0.750000
vt 0.382813 0.812500
vt 0.382813 0.875000
vt 0.382813 0.937500
vt 0.378906 0.625000
vt 0.378906 0.562500
vt 0.378906 0.687500
vt 0.378906 0.750000
vt 0.378906 0.812500
vt 0.378906 0.875000
vt 0.378906 0.937500
vt 0.402344 0.500000
vt 0.402344 1.000000
vt 0.398438 1.000000
vt 0.394531 1.000000
vt 0.390625 1.000000
vt 0.386719 1.000000
vt 0.382813 1.000000
vt 0.378906 1.000000
vt 0.375000 1.000000
vt 0.375000 0.937500
vt 0.375000 0.875000
vt 0.375000 0.812500
vt 0.375000 0.750000
vt 0.375000 0.687500
vt 0.375000 0.625000
vt 0.375000 0.562500
vt 0.378906 0.500000
vt 0.375000 0.500000
vt 0.382813 0.500000
vt 0.386719 0.500000
vt 0.390625 0.500000
vt 0.394531 0.500000
vt 0.398438 0.500000
vt 0.371094 0.562500
vt 0.371094 0.625000
vt 0.367188 0.625000
vt 0.367188 0.562500
vt 0.371094 0.687500
vt 0.367188 0.687500
vt 0.371094 0.750000
vt 0.367188 0.750000
vt 0.371094 0.812500
vt 0.367188 0.812500
vt 0.371094 0.875000
vt 0.367188 0.875000
vt 0.371094 0.937500
vt 0.367188 0.937500
vt 0.363281 0.625000
vt 0.363281 0.562500
vt 0.363281 0.687500
vt 0.363281 0.750000
vt 0.363281 0.812500
vt 0.363281 0.875000
vt 0.363281 0.937500
vt 0.359375 0.625000
vt 0.359375 0.562500
vt 0.359375 0.687500
vt 0.359375 0.750000
vt 0.359375 0.812500
vt 0.359375 0.875000
vt 0.359375 0.937500
vt 0.355469 0.625000
vt 0.355469 0.562500
vt 0.355469 0.687500
vt 0.355469 0.750000
vt 0.355469 0.812500
vt 0.355469 0.875000
vt 0.355469 0.937500
vt 0.351563 0.625000
vt 0.351563 0.562500
vt 0.351563 0.687500
vt 0.351563 0.750000
vt 0.351563 0.812500
vt 0.351563 0.875000
vt 0.351563 0.937500
vt 0.347656 0.625000
vt 0.347656 0.562500
vt 0.347656 0.687500
vt 0.347656 0.750000
vt 0.347656 0.812500
vt 0.347656 0.875000
vt 0.347656 0.937500
vt 0.371094 0.500000
vt 0.371094 1.000000
vt 0.367188 1.000000
vt 0.363281 1.000000
vt 0.359375 1.000000
vt 0.355469 1.000000
vt 0.351563 1.000000
vt 0.347656 1.000000
vt 0.343750 1.000000
vt 0.343750 0.937500
vt 0.343750 0.875000
vt 0.343750 0.812500
vt 0.343750 0.750000
vt 0.343750 0.687500
vt 0.343750 0.625000
vt 0.343750 0.562500
vt 0.347656 0.500000
vt 0.343750 0.500000
vt 0.351563 0.500000
vt 0.355469 0.500000
vt 0.359375 0.500000
vt 0.363281 0.500000
vt 0.367188 0.500000
vt 0.339844 0.562500
vt 0.339844 0.625000
vt 0.335938 0.625000
vt 0.335938 0.562500
vt 0.339844 0.687500
vt 0.335938 0.687500
vt 0.339844 0.750000
vt 0.335938 0.750000
vt 0.339844 0.812500
vt 0.335938 0.812500
vt 0.339844 0.875000
vt 0.335938 0.875000
vt 0.339844 0.937500
vt 0.335938 0.937500
vt 0.332031 0.625000
vt 0.332031 0.562500
vt 0.332031 0.687500
vt 0.332031 0.750000
vt 0.332031 0.812500
vt 0.332031 0.875000
vt 0.332031 0.937500
vt 0.328125 0.625000
vt 0.328125 0.562500
vt 0.328125 0.687500
vt 0.328125 0.750000
vt 0.328125 0.812500
vt 0.328125 0.875000
vt 0.328125 0.937500
vt 0.324219 0.625000
vt 0.324219 0.562500
vt 0.324219 0.687500
vt 0.324219 0.750000
vt 0.324219 0.812500
vt 0.324219 0.875000
vt 0.324219 0.937500
vt 0.320313 0.625000
vt 0.320313 0.562500
vt 0.320313 0.687500
vt 0.320313 0.750000
vt 0.320313 0.812500
vt 0.320313 0.875000
vt 0.320313 0.937500
vt 0.316406 0.625000
vt 0.316406 0.562500
vt 0.316406 0.687500
vt 0.316406 0.750000
vt 0.316406 0.812500
vt 0.316406 0.875000
vt 0.316406 0.937500
vt 0.339844 0.500000
vt 0.339844 1.000000
vt 0.335938 1.000000
vt 0.332031 1.000000
vt 0.328125 1.000000
vt 0.324219 1.000000
vt 0.320313 1.000000
vt 0.316406 1.000000
vt 0.312500 1.000000
vt 0.312500 0.937500
vt 0.312500 0.875000
vt 0.312500 0.812500
vt 0.312500 0.750000
vt 0.312500 0.687500
vt 0.312500 0.625000
vt 0.312500 0.562500
vt 0.316406 0.500000
vt 0.312500 0.500000
vt 0.320313 0.500000
vt 0.324219 0.500000
vt 0.328125 0.500000
vt 0.332031 0.500000
vt 0.335938 0.500000
vt 0.308594 0.562500
vt 0.308594 0.625000
vt 0.304688 0.625000
vt 0.304688 0.562500
vt 0.308594 0.687500
vt 0.304688 0.687500
vt 0.308594 0.750000
vt 0.304688 0.750000
vt 0.308594 0.812500
vt 0.304688 0.812500
vt 0.308594 0.875000
vt 0.304688 0.875000
vt 0.308594 0.937500
vt 0.304688 0.937500
vt 0.300781 0.625000
vt 0.300781 0.562500
vt 0.300781 0.687500
vt 0.300781 0.750000
vt 0.300781 0.812500
vt 0.300781 0.875000
vt 0.300781 0.937500
vt 0.296875 0.625000
vt 0.296875 0.562500
vt 0.296875 0.687500
vt 0.296875 0.750000
vt 0.296875 0.812500
vt 0.296875 0.875000
vt 0.296875 0.937500
vt 0.292969 0.625000
vt 0.292969 0.562500
vt 0.292969 0.687500
vt 0.292969 0.750000
vt 0.292969 0.812500
vt 0.292969 0.875000
vt 0.292969 0.937500
vt 0.289063 0.625000
vt 0.289063 0.562500
vt 0.289063 0.687500
vt 0.289063 0.750000
vt 0.289063 0.812500
vt 0.289063 0.875000
vt 0.289063 0.937500
vt 0.285156 0.625000
vt 0.285156 0.562500
vt 0.285156 0.687500
vt 0.285156 0.750000
vt 0.285156 0.812500
vt 0.285156 0.875000
vt 0.285156 0.937500
vt 0.308594 0.500000
vt 0.308594 1.000000
vt 0.304688 1.000000
vt 0.300781 1.000000
vt 0.296875 1.000000
vt 0.292969 1.000000
vt 0.289063 1.000000
vt 0.285156 1.000000
vt 0.281250 1.000000
vt 0.281250 0.937500
vt 0.281250 0.875000
vt 0.281250 0.812500
vt 0.281250 0.750000
vt 0.281250 0.687500
vt 0.281250 0.625000
vt 0.281250 0.562500
vt 0.285156 0.500000
vt 0.281250 0.500000
vt 0.289063 0.500000
vt 0.292969 0.500000
vt 0.296875 0.500000
vt 0.300781 0.500000
vt 0.304688 0.500000
vt 0.277344 0.562500
vt 0.277344 0.625000
vt 0.273438 0.625000
vt 0.273438 0.562500
vt 0.277344 0.687500
vt 0.273438 0.687500
vt 0.277344 0.750000
vt 0.273438 0.750000
vt 0.277344 0.812500
vt 0.273438 0.812500
vt 0.277344 0.875000
vt 0.273438 0.875000
vt 0.277344 0.937500
vt 0.273438 0.937500
vt 0.269531 0.625000
vt 0.269531 0.562500
vt 0.269531 0.687500
vt 0.269531 0.750000
vt 0.269531 0.812500
vt 0.269531 0.875000
vt 0.269531 0.937500
vt 0.265625 0.625000
vt 0.265625 0.562500
vt 0.265625 0.687500
vt 0.265625 0.750000
vt 0.265625 0.812500
vt 0.265625 0.875000
vt 0.265625 0.937500
vt 0.261719 0.625000
vt 0.261719 0.562500
vt 0.261719 0.687500
vt 0.261719 0.750000
vt 0.261719 0.812500
vt 0.261719 0.875000
vt 0.261719 0.937500
vt 0.257813 0.625000
vt 0.257813 0.562500
vt 0.257813 0.687500
vt 0.257813 0.750000
vt 0.257813 0.812500
vt 0.257813 0.875000
vt 0.257813 0.937500
vt 0.253906 0.625000
vt 0.253906 0.562500
vt 0.253906 0.687500
vt 0.253906 0.750000
vt 0.253906 0.812500
vt 0.253906 0.875000
vt 0.253906 0.937500
vt 0.277344 0.500000
vt 0.277344 1.000000
vt 0.273438 1.000000
vt 0.269531 1.000000
vt 0.265625 1.000000
vt 0.261719 1.000000
vt 0.257813 1.000000
vt 0.253906 1.000000
vt 0.250000 1.000000
vt 0.250000 0.937500
vt 0.250000 0.875000
vt 0.250000 0.812500
vt 0.250000 0.750000
vt 0.250000 0.687500
vt 0.250000 0.625000
vt 0.250000 0.562500
vt 0.253906 0.500000
vt 0.250000 0.500000
vt 0.257813 0.500000
vt 0.261719 0.500000
vt 0.265625 0.500000
vt 0.269531 0.500000
vt 0.273438 0.500000
vt 0.246094 0.562500
vt 0.246094 0.625000
vt 0.242188 0.625000
vt 0.242188 0.562500
vt 0.246094 0.687500
vt 0.242188 0.687500
vt 0.246094 0.750000
vt 0.242188 0.750000
vt 0.246094 0.812500
vt 0.242188 0.812500
vt 0.246094 0.875000
vt 0.242188 0.875000
vt 0.246094 0.937500
vt 0.242188 0.937500
vt 0.238281 0.625000
vt 0.238281 0.562500
vt 0.238281 0.687500
vt 0.238281 0.750000
vt 0.238281 0.812500
vt 0.238281 0.875000
vt 0.238281 0.937500
vt 0.234375 0.625000
vt 0.234375 0.562500
vt 0.234375 0.687500
vt 0.234375 0.750000
vt 0.234375 0.812500
vt 0.234375 0.875000
vt 0.234375 0.937500
vt 0.230469 0.625000
vt 0.230469 0.562500
vt 0.230469 0.687500
vt 0.230469 0.750000
vt 0.230469 0.812500
vt 0.230469 0.875000
vt 0.230469 0.937500
vt 0.226563 0.625000
vt 0.226563 0.562500
vt 0.226562 0.687500
vt 0.226563 0.750000
vt 0.226562 0.812500
vt 0.226563 0.875000
vt 0.226563 0.937500
vt 0.222656 0.625000
vt 0.222656 0.562500
vt 0.222656 0.687500
vt 0.222656 0.750000
vt 0.222656 0.812500
vt 0.222656 0.875000
vt 0.222656 0.937500
vt 0.246094 0.500000
vt 0.246094 1.000000
vt 0.242188 1.000000
vt 0.238281 1.000000
vt 0.234375 1.000000
vt 0.230469 1.000000
vt 0.226563 1.000000
vt 0.222656 1.000000
vt 0.218750 1.000000
vt 0.218750 0.937500
vt 0.218750 0.875000
vt 0.218750 0.812500
vt 0.218750 0.750000
vt 0.218750 0.687500
vt 0.218750 0.625000
vt 0.218750 0.562500
vt 0.222656 0.500000
vt 0.218750 0.500000
vt 0.226563 0.500000
vt 0.230469 0.500000
vt 0.234375 0.500000
vt 0.238281 0.500000
vt 0.242188 0.500000
vt 0.214844 0.562500
vt 0.214844 0.625000
vt 0.210938 0.625000
vt 0.210938 0.562500
vt 0.214844 0.687500
vt 0.210938 0.687500
vt 0.214844 0.750000
vt 0.210938 0.750000
vt 0.214844 0.812500
vt 0.210938 0.812500
vt 0.214844 0.875000
vt 0.210938 0.875000
vt 0.214844 0.937500
vt 0.210938 0.937500
vt 0.207031 0.625000
vt 0.207031 0.562500
vt 0.207031 0.687500
vt 0.207031 0.750000
vt 0.207031 0.812500
vt 0.207031 0.875000
vt 0.207031 0.937500
vt 0.203125 0.625000
vt 0.203125 0.562500
vt 0.203125 0.687500
vt 0.203125 0.750000
vt 0.203125 0.812500
vt 0.203125 0.875000
vt 0.203125 0.937500
vt 0.199219 0.625000
vt 0.199219 0.562500
vt 0.199219 0.687500
vt 0.199219 0.750000
vt 0.199219 0.812500
vt 0.199219 0.875000
vt 0.199219 0.937500
vt 0.195313 0.625000
vt 0.195313 0.562500
vt 0.195313 0.687500
vt 0.195313 0.750000
vt 0.195313 0.812500
vt 0.195313 0.875000
vt 0.195313 0.937500
vt 0.191406 0.625000
vt 0.191406 0.562500
vt 0.191406 0.687500
vt 0.191406 0.750000
vt 0.191406 0.812500
vt 0.191406 0.875000
vt 0.191406 0.937500
vt 0.214844 0.500000
vt 0.214844 1.000000
vt 0.210938 1.000000
vt 0.207031 1.000000
vt 0.203125 1.000000
vt 0.199219 1.000000
vt 0.195313 1.000000
vt 0.191406 1.000000
vt 0.187500 1.000000
vt 0.187500 0.937500
vt 0.187500 0.875000
vt 0.187500 0.812500
vt 0.187500 0.750000
vt 0.187500 0.687500
vt 0.187500 0.625000
vt 0.187500 0.562500
vt 0.191406 0.500000
vt 0.187500 0.500000
vt 0.195313 0.500000
vt 0.199219 0.500000
vt 0.203125 0.500000
vt 0.207031 0.500000
vt 0.210938 0.500000
vt 0.183594 0.562500
vt 0.183594 0.625000
vt 0.179688 0.625000
vt 0.179688 0.562500
vt 0.183594 0.687500
vt 0.179688 0.687500
vt 0.183594 0.750000
vt 0.179688 0.750000
vt 0.183594 0.812500
vt 0.179688 0.812500
vt 0.183594 0.875000
vt 0.179688 0.875000
vt 0.183594 0.937500
vt 0.179688 0.937500
vt 0.175781 0.625000
vt 0.175781 0.562500
vt 0.175781 0.687500
vt 0.175781 0.750000
vt 0.175781 0.812500
vt 0.175781 0.875000
vt 0.175781 0.937500
vt 0.171875 0.625000
vt 0.171875 0.562500
vt 0.171875 0.687500
vt 0.171875 0.750000
vt 0.171875 0.812500
vt 0.171875 0.875000
vt 0.171875 0.937500
vt 0.167969 0.625000
vt 0.167969 0.562500
vt 0.167969 0.687500
vt 0.167969 0.750000
vt 0.167969 0.812500
vt 0.167969 0.875000
vt 0.167969 0.937500
vt 0.164063 0.625000
vt 0.164063 0.562500
vt 0.164063 0.687500
vt 0.164063 0.750000
vt 0.164063 0.812500
vt 0.164063 0.875000
vt 0.164063 0.937500
vt 0.160156 0.625000
vt 0.160156 0.562500
vt 0.160156 0.687500
vt 0.160156 0.750000
vt 0.160156 0.812500
vt 0.160156 0.875000
vt 0.160156 0.937500
vt 0.183594 0.500000
vt 0.183594 1.000000
vt 0.179688 1.000000
vt 0.175781 1.000000
vt 0.171875 1.000000
vt 0.167969 1.000000
vt 0.164063 1.000000
vt 0.160156 1.000000
vt 0.156250 1.000000
vt 0.156250 0.937500
vt 0.156250 0.875000
vt 0.156250 0.812500
vt 0.156250 0.750000
vt 0.156250 0.687500
vt 0.156250 0.625000
vt 0.156250 0.562500
vt 0.160156 0.500000
vt 0.156250 0.500000
vt 0.164063 0.500000
vt 0.167969 0.500000
vt 0.171875 0.500000
vt 0.175781 0.500000
vt 0.179688 0.500000
vt 0.152344 0.562500
vt 0.152344 0.625000
vt 0.148438 0.625000
vt 0.148438 0.562500
vt 0.152344 0.687500
vt 0.148438 0.687500
vt 0.152344 0.750000
vt 0.148438 0.750000
vt 0.152344 0.812500
vt 0.148438 0.812500
vt 0.152344 0.875000
vt 0.148438 0.875000
vt 0.152344 0.937500
vt 0.148438 0.937500
vt 0.144531 0.625000
vt 0.144531 0.562500
vt 0.144531 0.687500
vt 0.144531 0.750000
vt 0.144531 0.812500
vt 0.144531 0.875000
vt 0.144531 0.937500
vt 0.140625 0.625000
vt 0.140625 0.562500
vt 0.140625 0.687500
vt 0.140625 0.750000
vt 0.140625 0.812500
vt 0.140625 0.875000
vt 0.140625 0.937500
vt 0.136719 0.625000
vt 0.136719 0.562500
vt 0.136719 0.687500
vt 0.136719 0.750000
vt 0.136719 0.812500
vt 0.136719 0.875000
vt 0.136719 0.937500
vt 0.132813 0.625000
vt 0.132813 0.562500
vt 0.132813 0.687500
vt 0.132813 0.750000
vt 0.132813 0.812500
vt 0.132813 0.875000
vt 0.132813 0.937500
vt 0.128906 0.625000
vt 0.128906 0.562500
vt 0.128906 0.687500
vt 0.128906 0.750000
vt 0.128906 0.812500
vt 0.128906 0.875000
vt 0.128906 0.937500
vt 0.152344 0.500000
vt 0.152344 1.000000
vt 0.148438 1.000000
vt 0.144531 1.000000
vt 0.140625 1.000000
vt 0.136719 1.000000
vt 0.132813 1.000000
vt 0.128906 1.000000
vt 0.125000 1.000000
vt 0.125000 0.937500
vt 0.125000 0.875000
vt 0.125000 0.812500
vt 0.125000 0.750000
vt 0.125000 0.687500
vt 0.125000 0.625000
vt 0.125000 0.562500
vt 0.128906 0.500000
vt 0.125000 0.500000
vt 0.132813 0.500000
vt 0.136719 0.500000
vt 0.140625 0.500000
vt 0.144531 0.500000
vt 0.148438 0.500000
vt 0.121094 0.562500
vt 0.121094 0.625000
vt 0.117188 0.625000
vt 0.117188 0.562500
vt 0.121094 0.687500
vt 0.117187 0.687500
vt 0.121094 0.750000
vt 0.117188 0.750000
vt 0.121094 0.812500
vt 0.117187 0.812500
vt 0.121094 0.875000
vt 0.117188 0.875000
vt 0.121094 0.937500
vt 0.117188 0.937500
vt 0.113281 0.625000
vt 0.113281 0.562500
vt 0.113281 0.687500
vt 0.113281 0.750000
vt 0.113281 0.812500
vt 0.113281 0.875000
vt 0.113281 0.937500
vt 0.109375 0.625000
vt 0.109375 0.562500
vt 0.109375 0.687500
vt 0.109375 0.750000
vt 0.109375 0.812500
vt 0.109375 0.875000
vt 0.109375 0.937500
vt 0.105469 0.625000
vt 0.105469 0.562500
vt 0.105469 0.687500
vt 0.105469 0.750000
vt 0.105469 0.812500
vt 0.105469 0.875000
vt 0.105469 0.937500
vt 0.101563 0.625000
vt 0.101563 0.562500
vt 0.101563 0.687500
vt 0.101563 0.750000
vt 0.101563 0.812500
vt 0.101563 0.875000
vt 0.101563 0.937500
vt 0.097656 0.625000
vt 0.097656 0.562500
vt 0.097656 0.687500
vt 0.097656 0.750000
vt 0.097656 0.812500
vt 0.097656 0.875000
vt 0.097656 0.937500
vt 0.121094 0.500000
vt 0.121094 1.000000
vt 0.117188 1.000000
vt 0.113281 1.000000
vt 0.109375 1.000000
vt 0.105469 1.000000
vt 0.101563 1.000000
vt 0.097656 1.000000
vt 0.093750 1.000000
vt 0.093750 0.937500
vt 0.093750 0.875000
vt 0.093750 0.812500
vt 0.093750 0.750000
vt 0.093750 0.687500
vt 0.093750 0.625000
vt 0.093750 0.562500
vt 0.097656 0.500000
vt 0.093750 0.500000
vt 0.101563 0.500000
vt 0.105469 0.500000
vt 0.109375 0.500000
vt 0.113281 0.500000
vt 0.117188 0.500000
vt 0.089844 0.562500
vt 0.089844 0.625000
vt 0.085938 0.625000
vt 0.085938 0.562500
vt 0.089844 0.687500
vt 0.085938 0.687500
vt 0.089844 0.750000
vt 0.085938 0.750000
vt 0.089844 0.812500
vt 0.085938 0.812500
vt 0.089844 0.875000
vt 0.085938 0.875000
vt 0.089844 0.937500
vt 0.085938 0.937500
vt 0.082031 0.625000
vt 0.082031 0.562500
vt 0.082031 0.687500
vt 0.082031 0.750000
vt 0.082031 0.812500
vt 0.082031 0.875000
vt 0.082031 0.937500
vt 0.078125 0.625000
vt 0.078125 0.562500
vt 0.078125 0.687500
vt 0.078125 0.750000
vt 0.078125 0.812500
vt 0.078125 0.875000
vt 0.078125 0.937500
vt 0.074219 0.625000
vt 0.074219 0.562500
vt 0.074219 0.687500
vt 0.074219 0.750000
vt 0.074219 0.812500
vt 0.074219 0.875000
vt 0.074219 0.937500
vt 0.070313 0.625000
vt 0.070312 0.562500
vt 0.070313 0.687500
vt 0.070313 0.750000
vt 0.070313 0.812500
vt 0.070312 0.875000
vt 0.070312 0.937500
vt 0.066406 0.625000
vt 0.066406 0.562500
vt 0.066406 0.687500
vt 0.066406 0.750000
vt 0.066406 0.812500
vt 0.066406 0.875000
vt 0.066406 0.937500
vt 0.089844 0.500000
vt 0.089844 1.000000
vt 0.085938 1.000000
vt 0.082031 1.000000
vt 0.078125 1.000000
vt 0.074219 1.000000
vt 0.070313 1.000000
vt 0.066406 1.000000
vt 0.062500 1.000000
vt 0.062500 0.937500
vt 0.062500 0.875000
vt 0.062500 0.812500
vt 0.062500 0.750000
vt 0.062500 0.687500
vt 0.062500 0.625000
vt 0.062500 0.562500
vt 0.066406 0.500000
vt 0.062500 0.500000
vt 0.070313 0.500000
vt 0.074219 0.500000
vt 0.078125 0.500000
vt 0.082031 0.500000
vt 0.085938 0.500000
vt 0.293835 0.470374
vt 0.285341 0.458591
vt 0.286155 0.431762
vt 0.297174 0.456238
vt 0.277115 0.450030
vt 0.275123 0.411205
vt 0.269411 0.447087
vt 0.265051 0.402814
vt 0.288480 0.408548
vt 0.301498 0.445180
vt 0.274083 0.371073
vt 0.259808 0.349586
vt 0.250000 0.474692
vt 0.243968 0.461478
vt 0.250000 0.435323
vt 0.256032 0.461478
vt 0.237570 0.451476
vt 0.243191 0.413009
vt 0.230589 0.447087
vt 0.234949 0.402814
vt 0.256809 0.413009
vt 0.262430 0.451476
vt 0.250000 0.373445
vt 0.240192 0.349586
vt 0.206165 0.470374
vt 0.202827 0.456238
vt 0.213845 0.431762
vt 0.214659 0.458591
vt 0.198502 0.445180
vt 0.211520 0.408548
vt 0.192512 0.439513
vt 0.205426 0.396941
vt 0.224877 0.411205
vt 0.222886 0.450030
vt 0.225917 0.371073
vt 0.220952 0.345759
vt 0.164014 0.457588
vt 0.163498 0.443072
vt 0.179080 0.421216
vt 0.174644 0.447689
vt 0.161414 0.431383
vt 0.181328 0.397995
vt 0.156644 0.424656
vt 0.177616 0.385422
vt 0.193910 0.403206
vt 0.184383 0.440896
vt 0.202760 0.364048
vt 0.202828 0.338252
vt 0.125168 0.436824
vt 0.127494 0.422486
vt 0.147040 0.404090
vt 0.137525 0.429189
vt 0.127730 0.410615
vt 0.153776 0.381754
vt 0.124364 0.403087
vt 0.152587 0.368698
vt 0.165099 0.389320
vt 0.148401 0.424427
vt 0.181418 0.352641
vt 0.186518 0.327353
vt 0.091119 0.408881
vt 0.096197 0.395272
vt 0.118957 0.381043
vt 0.104728 0.403803
vt 0.098745 0.383675
vt 0.129921 0.360450
vt 0.096913 0.375636
vt 0.131302 0.347413
vt 0.139550 0.370079
vt 0.116325 0.401255
vt 0.162711 0.337289
vt 0.172647 0.313482
vt 0.063176 0.374832
vt 0.070811 0.362475
vt 0.095910 0.352960
vt 0.077514 0.372506
vt 0.075573 0.351599
vt 0.110680 0.334901
vt 0.075344 0.343356
vt 0.114578 0.322384
vt 0.118246 0.346224
vt 0.089385 0.372270
vt 0.147359 0.318582
vt 0.161748 0.297172
vt 0.042412 0.335986
vt 0.052312 0.325356
vt 0.078784 0.320920
vt 0.056928 0.336502
vt 0.059104 0.315617
vt 0.096794 0.306090
vt 0.060487 0.307488
vt 0.103059 0.294574
vt 0.102005 0.318672
vt 0.068617 0.338586
vt 0.135952 0.297240
vt 0.154241 0.279048
vt 0.029626 0.293835
vt 0.041409 0.285341
vt 0.068238 0.286155
vt 0.043762 0.297174
vt 0.049970 0.277115
vt 0.088795 0.275123
vt 0.052913 0.269411
vt 0.097186 0.265051
vt 0.091452 0.288480
vt 0.054820 0.301498
vt 0.128927 0.274083
vt 0.150414 0.259808
vt 0.025308 0.250000
vt 0.038522 0.243968
vt 0.064677 0.250000
vt 0.038522 0.256032
vt 0.048524 0.237570
vt 0.086991 0.243191
vt 0.052913 0.230589
vt 0.097186 0.234949
vt 0.086991 0.256809
vt 0.048524 0.262430
vt 0.126555 0.250000
vt 0.150414 0.240192
vt 0.029626 0.206165
vt 0.043762 0.202827
vt 0.068238 0.213845
vt 0.041409 0.214659
vt 0.054820 0.198502
vt 0.091452 0.211520
vt 0.060487 0.192512
vt 0.103059 0.205426
vt 0.088795 0.224877
vt 0.049970 0.222886
vt 0.128927 0.225917
vt 0.154241 0.220952
vt 0.042412 0.164014
vt 0.056928 0.163498
vt 0.078784 0.179080
vt 0.052312 0.174644
vt 0.068617 0.161414
vt 0.102005 0.181328
vt 0.075344 0.156644
vt 0.114578 0.177616
vt 0.096794 0.193910
vt 0.059104 0.184383
vt 0.135952 0.202760
vt 0.161748 0.202828
vt 0.063176 0.125168
vt 0.077514 0.127494
vt 0.095910 0.147040
vt 0.070811 0.137525
vt 0.089385 0.127730
vt 0.118246 0.153776
vt 0.096913 0.124364
vt 0.131302 0.152587
vt 0.110680 0.165099
vt 0.075573 0.148401
vt 0.147359 0.181418
vt 0.172647 0.186518
vt 0.091119 0.091119
vt 0.104728 0.096197
vt 0.118957 0.118957
vt 0.096197 0.104728
vt 0.116325 0.098745
vt 0.139550 0.129921
vt 0.124364 0.096913
vt 0.152587 0.131302
vt 0.129921 0.139550
vt 0.098745 0.116325
vt 0.162711 0.162711
vt 0.186518 0.172647
vt 0.125168 0.063176
vt 0.137525 0.070811
vt 0.147040 0.095910
vt 0.127494 0.077514
vt 0.148401 0.075573
vt 0.165099 0.110680
vt 0.156644 0.075344
vt 0.177616 0.114578
vt 0.153776 0.118246
vt 0.127730 0.089385
vt 0.181418 0.147359
vt 0.202828 0.161748
vt 0.164014 0.042412
vt 0.174644 0.052312
vt 0.179080 0.078784
vt 0.163498 0.056928
vt 0.184383 0.059104
vt 0.193910 0.096794
vt 0.192512 0.060487
vt 0.205426 0.103059
vt 0.181328 0.102005
vt 0.161414 0.068617
vt 0.202760 0.135952
vt 0.220952 0.154241
vt 0.206165 0.029626
vt 0.214659 0.041409
vt 0.213845 0.068238
vt 0.202827 0.043762
vt 0.222886 0.049970
vt 0.224877 0.088795
vt 0.230589 0.052913
vt 0.234949 0.097186
vt 0.211520 0.091452
vt 0.198502 0.054820
vt 0.225917 0.128927
vt 0.240192 0.150414
vt 0.250000 0.025308
vt 0.256032 0.038522
vt 0.250000 0.064677
vt 0.243968 0.038522
vt 0.262430 0.048524
vt 0.256809 0.086991
vt 0.269411 0.052913
vt 0.265051 0.097186
vt 0.243191 0.086991
vt 0.237570 0.048524
vt 0.250000 0.126555
vt 0.259808 0.150414
vt 0.293835 0.029626
vt 0.297174 0.043762
vt 0.286155 0.068238
vt 0.285341 0.041409
vt 0.301498 0.054820
vt 0.288480 0.091452
vt 0.307488 0.060487
vt 0.294574 0.103059
vt 0.275123 0.088795
vt 0.277115 0.049970
vt 0.274083 0.128927
vt 0.279048 0.154241
vt 0.335986 0.042412
vt 0.336502 0.056928
vt 0.320920 0.078784
vt 0.325356 0.052312
vt 0.338586 0.068617
vt 0.318672 0.102005
vt 0.343356 0.075344
vt 0.322384 0.114578
vt 0.306090 0.096794
vt 0.315617 0.059104
vt 0.297240 0.135952
vt 0.297172 0.161748
vt 0.374832 0.063176
vt 0.372506 0.077514
vt 0.352960 0.095910
vt 0.362475 0.070811
vt 0.372270 0.089385
vt 0.346224 0.118246
vt 0.375636 0.096913
vt 0.347413 0.131302
vt 0.334901 0.110680
vt 0.351599 0.075573
vt 0.318582 0.147359
vt 0.313482 0.172647
vt 0.408881 0.091119
vt 0.403803 0.104728
vt 0.381043 0.118957
vt 0.395272 0.096197
vt 0.401255 0.116325
vt 0.370079 0.139550
vt 0.403087 0.124364
vt 0.368698 0.152587
vt 0.360450 0.129921
vt 0.383675 0.098745
vt 0.337289 0.162711
vt 0.327353 0.186518
vt 0.436825 0.125168
vt 0.429189 0.137525
vt 0.404090 0.147040
vt 0.422486 0.127494
vt 0.424427 0.148401
vt 0.389320 0.165099
vt 0.424656 0.156644
vt 0.385422 0.177616
vt 0.381754 0.153776
vt 0.410615 0.127730
vt 0.352641 0.181418
vt 0.338252 0.202828
vt 0.457588 0.164014
vt 0.447689 0.174644
vt 0.421216 0.179080
vt 0.443072 0.163498
vt 0.440896 0.184383
vt 0.403206 0.193910
vt 0.439513 0.192512
vt 0.396941 0.205426
vt 0.397995 0.181328
vt 0.431383 0.161414
vt 0.364048 0.202760
vt 0.345759 0.220952
vt 0.470374 0.206165
vt 0.458591 0.214659
vt 0.431762 0.213845
vt 0.456238 0.202827
vt 0.450030 0.222886
vt 0.411205 0.224877
vt 0.447087 0.230589
vt 0.402814 0.234949
vt 0.408548 0.211520
vt 0.445180 0.198502
vt 0.371073 0.225917
vt 0.349586 0.240192
vt 0.474692 0.250000
vt 0.461478 0.256032
vt 0.435323 0.250000
vt 0.461478 0.243968
vt 0.451476 0.262430
vt 0.413009 0.256809
vt 0.447087 0.269411
vt 0.402814 0.265051
vt 0.413009 0.243191
vt 0.451476 0.237570
vt 0.373445 0.250000
vt 0.349586 0.259808
vt 0.470374 0.293835
vt 0.456238 0.297174
vt 0.431762 0.286155
vt 0.458591 0.285341
vt 0.445180 0.301498
vt 0.408548 0.288480
vt 0.439513 0.307488
vt 0.396941 0.294574
vt 0.411205 0.275123
vt 0.450030 0.277114
vt 0.371073 0.274083
vt 0.345759 0.279048
vt 0.457588 0.335986
vt 0.443072 0.336502
vt 0.421216 0.320920
vt 0.447689 0.325356
vt 0.431383 0.338586
vt 0.397995 0.318672
vt 0.424656 0.343356
vt 0.385422 0.322384
vt 0.403206 0.306090
vt 0.440896 0.315617
vt 0.364048 0.297240
vt 0.338252 0.297172
vt 0.436824 0.374832
vt 0.422486 0.372506
vt 0.404090 0.352960
vt 0.429189 0.362475
vt 0.410615 0.372270
vt 0.381754 0.346224
vt 0.403087 0.375636
vt 0.368698 0.347413
vt 0.389320 0.334901
vt 0.424427 0.351599
vt 0.352641 0.318582
vt 0.327353 0.313482
vt 0.408881 0.408881
vt 0.395272 0.403803
vt 0.381043 0.381043
vt 0.403803 0.395272
vt 0.383675 0.401255
vt 0.360450 0.370079
vt 0.375636 0.403087
vt 0.347413 0.368698
vt 0.370079 0.360450
vt 0.401255 0.383675
vt 0.337289 0.337289
vt 0.313482 0.327353
vt 0.374832 0.436825
vt 0.362475 0.429189
vt 0.352960 0.404090
vt 0.372506 0.422486
vt 0.351599 0.424427
vt 0.334901 0.389320
vt 0.343356 0.424656
vt 0.322384 0.385422
vt 0.346224 0.381754
vt 0.372270 0.410615
vt 0.318582 0.352641
vt 0.297172 0.338252
vt 0.335986 0.457588
vt 0.325356 0.447689
vt 0.320920 0.421216
vt 0.336502 0.443072
vt 0.315617 0.440896
vt 0.306090 0.403206
vt 0.307488 0.439513
vt 0.294574 0.396941
vt 0.318672 0.397995
vt 0.338586 0.431383
vt 0.297240 0.364048
vt 0.279048 0.345759
vt 0.269411 0.447087
vt 0.234949 0.402814
vt 0.230589 0.447087
vt 0.205426 0.396941
vt 0.192512 0.439513
vt 0.177616 0.385422
vt 0.156644 0.424656
vt 0.152587 0.368698
vt 0.124364 0.403087
vt 0.131302 0.347413
vt 0.096913 0.375636
vt 0.103059 0.294574
vt 0.097186 0.265051
vt 0.052913 0.269411
vt 0.052913 0.230589
vt 0.103059 0.205426
vt 0.060487 0.192512
vt 0.131302 0.152587
vt 0.096913 0.124364
vt 0.152587 0.131302
vt 0.124364 0.096913
vt 0.177616 0.114578
vt 0.156644 0.075344
vt 0.205426 0.103059
vt 0.234949 0.097186
vt 0.230589 0.052913
vt 0.269411 0.052913
vt 0.294574 0.103059
vt 0.307488 0.060487
vt 0.322384 0.114578
vt 0.343356 0.075344
vt 0.375636 0.096913
vt 0.368698 0.152587
vt 0.403087 0.124364
vt 0.424656 0.156644
vt 0.396941 0.205426
vt 0.439513 0.192512
vt 0.402814 0.234949
vt 0.447087 0.230589
vt 0.402814 0.265051
vt 0.447087 0.269411
vt 0.396941 0.294574
vt 0.439513 0.307488
vt 0.385422 0.322384
vt 0.424656 0.343356
vt 0.403087 0.375636
vt 0.347413 0.368698
vt 0.375636 0.403087
vt 0.322384 0.385422
vt 0.343356 0.424656
vt 0.307488 0.439513
vt 0.250000 0.250000
vt 0.296822 0.485389
vt 0.290969 0.485965
vt 0.302450 0.483681
vt 0.285116 0.486541
vt 0.279264 0.487118
vt 0.273411 0.487694
vt 0.308077 0.481974
vt 0.313705 0.480267
vt 0.319333 0.478560
vt 0.250000 0.490000
vt 0.244147 0.489424
vt 0.255853 0.489424
vt 0.238295 0.488847
vt 0.232442 0.488271
vt 0.226589 0.487694
vt 0.261705 0.488847
vt 0.267558 0.488271
vt 0.203178 0.485389
vt 0.197551 0.483681
vt 0.209031 0.485965
vt 0.191923 0.481974
vt 0.186295 0.480267
vt 0.180667 0.478560
vt 0.214884 0.486541
vt 0.220736 0.487118
vt 0.158156 0.471731
vt 0.152969 0.468959
vt 0.163784 0.473438
vt 0.147783 0.466187
vt 0.142596 0.463414
vt 0.137410 0.460642
vt 0.169412 0.475145
vt 0.175039 0.476853
vt 0.180667 0.478560
vt 0.116663 0.449553
vt 0.112117 0.445822
vt 0.121850 0.452325
vt 0.107571 0.442091
vt 0.103025 0.438360
vt 0.098479 0.434629
vt 0.127036 0.455097
vt 0.132223 0.457870
vt 0.137410 0.460642
vt 0.080294 0.419706
vt 0.076563 0.415160
vt 0.084840 0.423437
vt 0.072833 0.410613
vt 0.069102 0.406067
vt 0.065371 0.401521
vt 0.089387 0.427167
vt 0.093933 0.430898
vt 0.050447 0.383337
vt 0.047675 0.378150
vt 0.054178 0.387883
vt 0.044903 0.372964
vt 0.042130 0.367777
vt 0.039358 0.362590
vt 0.057909 0.392429
vt 0.061640 0.396975
vt 0.065371 0.401521
vt 0.028269 0.341844
vt 0.026562 0.336216
vt 0.031041 0.347031
vt 0.024855 0.330588
vt 0.023147 0.324961
vt 0.021440 0.319333
vt 0.033814 0.352217
vt 0.036586 0.357404
vt 0.039358 0.362590
vt 0.014612 0.296822
vt 0.014035 0.290969
vt 0.016319 0.302450
vt 0.013459 0.285116
vt 0.012882 0.279264
vt 0.012306 0.273411
vt 0.018026 0.308077
vt 0.019733 0.313705
vt 0.021440 0.319333
vt 0.010000 0.250000
vt 0.010576 0.244147
vt 0.010576 0.255853
vt 0.011153 0.238295
vt 0.011729 0.232442
vt 0.012306 0.226589
vt 0.011153 0.261705
vt 0.011729 0.267558
vt 0.014612 0.203178
vt 0.016319 0.197551
vt 0.014035 0.209031
vt 0.018026 0.191923
vt 0.019733 0.186295
vt 0.021440 0.180667
vt 0.013459 0.214884
vt 0.012882 0.220736
vt 0.028269 0.158156
vt 0.031041 0.152969
vt 0.026562 0.163784
vt 0.033814 0.147783
vt 0.036586 0.142596
vt 0.039358 0.137410
vt 0.024855 0.169412
vt 0.023147 0.175039
vt 0.021440 0.180667
vt 0.050447 0.116663
vt 0.054178 0.112117
vt 0.047675 0.121850
vt 0.057909 0.107571
vt 0.061640 0.103025
vt 0.065371 0.098479
vt 0.044903 0.127036
vt 0.042130 0.132223
vt 0.039358 0.137410
vt 0.080294 0.080294
vt 0.084840 0.076563
vt 0.076563 0.084840
vt 0.089387 0.072833
vt 0.093933 0.069102
vt 0.098479 0.065371
vt 0.072833 0.089387
vt 0.069102 0.093933
vt 0.116663 0.050447
vt 0.121850 0.047675
vt 0.112117 0.054178
vt 0.127036 0.044903
vt 0.132223 0.042130
vt 0.137410 0.039358
vt 0.107571 0.057909
vt 0.103025 0.061640
vt 0.158156 0.028269
vt 0.163784 0.026562
vt 0.152969 0.031041
vt 0.169412 0.024855
vt 0.175039 0.023147
vt 0.180667 0.021440
vt 0.147783 0.033814
vt 0.142596 0.036586
vt 0.137410 0.039358
vt 0.203178 0.014612
vt 0.209031 0.014035
vt 0.197551 0.016319
vt 0.214884 0.013459
vt 0.220736 0.012882
vt 0.226589 0.012306
vt 0.191923 0.018026
vt 0.186295 0.019733
vt 0.180667 0.021440
vt 0.250000 0.010000
vt 0.255853 0.010576
vt 0.244147 0.010576
vt 0.261705 0.011153
vt 0.267558 0.011729
vt 0.273411 0.012306
vt 0.238295 0.011153
vt 0.232442 0.011729
vt 0.296822 0.014612
vt 0.302450 0.016319
vt 0.290969 0.014035
vt 0.308077 0.018026
vt 0.313705 0.019733
vt 0.319333 0.021440
vt 0.285116 0.013459
vt 0.279264 0.012882
vt 0.341844 0.028269
vt 0.347031 0.031041
vt 0.336216 0.026562
vt 0.352217 0.033814
vt 0.357404 0.036586
vt 0.362590 0.039358
vt 0.330588 0.024855
vt 0.324961 0.023147
vt 0.319333 0.021440
vt 0.383337 0.050447
vt 0.387883 0.054178
vt 0.378150 0.047675
vt 0.392429 0.057909
vt 0.396975 0.061640
vt 0.401521 0.065371
vt 0.372964 0.044903
vt 0.367777 0.042130
vt 0.362590 0.039358
vt 0.419706 0.080294
vt 0.423437 0.084840
vt 0.415160 0.076563
vt 0.427167 0.089387
vt 0.430898 0.093933
vt 0.434629 0.098479
vt 0.410613 0.072833
vt 0.406067 0.069102
vt 0.401521 0.065371
vt 0.449553 0.116663
vt 0.452325 0.121850
vt 0.445822 0.112117
vt 0.455097 0.127036
vt 0.457870 0.132223
vt 0.460642 0.137410
vt 0.442091 0.107571
vt 0.438360 0.103025
vt 0.471731 0.158156
vt 0.473438 0.163784
vt 0.468959 0.152969
vt 0.475145 0.169412
vt 0.476853 0.175039
vt 0.478560 0.180667
vt 0.466187 0.147783
vt 0.463414 0.142596
vt 0.460642 0.137410
vt 0.485389 0.203178
vt 0.485965 0.209031
vt 0.483681 0.197551
vt 0.486541 0.214884
vt 0.487118 0.220736
vt 0.487694 0.226589
vt 0.481974 0.191923
vt 0.480267 0.186295
vt 0.478560 0.180667
vt 0.490000 0.250000
vt 0.489424 0.255853
vt 0.489424 0.244147
vt 0.488847 0.261705
vt 0.488271 0.267558
vt 0.487694 0.273411
vt 0.488847 0.238295
vt 0.488271 0.232442
vt 0.485389 0.296822
vt 0.483681 0.302450
vt 0.485965 0.290969
vt 0.481974 0.308077
vt 0.480267 0.313705
vt 0.478560 0.319333
vt 0.486541 0.285116
vt 0.487118 0.279264
vt 0.471731 0.341844
vt 0.468959 0.347031
vt 0.473438 0.336216
vt 0.466187 0.352217
vt 0.463414 0.357404
vt 0.460642 0.362590
vt 0.475145 0.330588
vt 0.476853 0.324961
vt 0.478560 0.319333
vt 0.449553 0.383337
vt 0.445822 0.387883
vt 0.452325 0.378150
vt 0.442091 0.392429
vt 0.438360 0.396975
vt 0.434629 0.401521
vt 0.455097 0.372964
vt 0.457870 0.367777
vt 0.460642 0.362590
vt 0.419706 0.419706
vt 0.415160 0.423437
vt 0.423437 0.415160
vt 0.410613 0.427167
vt 0.406067 0.430898
vt 0.401521 0.434629
vt 0.427167 0.410613
vt 0.430898 0.406067
vt 0.434629 0.401521
vt 0.383337 0.449553
vt 0.378150 0.452325
vt 0.387883 0.445822
vt 0.372964 0.455097
vt 0.367777 0.457870
vt 0.362590 0.460642
vt 0.392429 0.442091
vt 0.396975 0.438360
vt 0.401521 0.434629
vt 0.341844 0.471731
vt 0.336216 0.473438
vt 0.347031 0.468959
vt 0.330588 0.475145
vt 0.324961 0.476853
vt 0.319333 0.478560
vt 0.352217 0.466187
vt 0.357404 0.463414
vt 0.362590 0.460642
vt 0.058594 0.562500
vt 0.058594 0.625000
vt 0.054687 0.625000
vt 0.054688 0.562500
vt 0.058594 0.687500
vt 0.054688 0.687500
vt 0.058594 0.750000
vt 0.054687 0.750000
vt 0.058594 0.812500
vt 0.054688 0.812500
vt 0.058594 0.875000
vt 0.054687 0.875000
vt 0.058594 0.937500
vt 0.054688 0.937500
vt 0.050781 0.625000
vt 0.050781 0.562500
vt 0.050781 0.687500
vt 0.050781 0.750000
vt 0.050781 0.812500
vt 0.050781 0.875000
vt 0.050781 0.937500
vt 0.046875 0.625000
vt 0.046875 0.562500
vt 0.046875 0.687500
vt 0.046875 0.750000
vt 0.046875 0.812500
vt 0.046875 0.875000
vt 0.046875 0.937500
vt 0.042969 0.625000
vt 0.042969 0.562500
vt 0.042969 0.687500
vt 0.042969 0.750000
vt 0.042969 0.812500
vt 0.042969 0.875000
vt 0.042969 0.937500
vt 0.039063 0.625000
vt 0.039062 0.562500
vt 0.039063 0.687500
vt 0.039063 0.750000
vt 0.039063 0.812500
vt 0.039062 0.875000
vt 0.039062 0.937500
vt 0.035156 0.625000
vt 0.035156 0.562500
vt 0.035156 0.687500
vt 0.035156 0.750000
vt 0.035156 0.812500
vt 0.035156 0.875000
vt 0.035156 0.937500
vt 0.058594 0.500000
vt 0.058594 1.000000
vt 0.054688 1.000000
vt 0.050781 1.000000
vt 0.046875 1.000000
vt 0.042969 1.000000
vt 0.039063 1.000000
vt 0.035156 1.000000
vt 0.031250 1.000000
vt 0.031250 0.937500
vt 0.031250 0.875000
vt 0.031250 0.812500
vt 0.031250 0.750000
vt 0.031250 0.687500
vt 0.031250 0.625000
vt 0.031250 0.562500
vt 0.035156 0.500000
vt 0.031250 0.500000
vt 0.039063 0.500000
vt 0.042969 0.500000
vt 0.046875 0.500000
vt 0.050781 0.500000
vt 0.054688 0.500000
vt 0.027344 0.562500
vt 0.027344 0.625000
vt 0.023438 0.625000
vt 0.023438 0.562500
vt 0.027344 0.687500
vt 0.023438 0.687500
vt 0.027344 0.750000
vt 0.023438 0.750000
vt 0.027344 0.812500
vt 0.023438 0.812500
vt 0.027344 0.875000
vt 0.023438 0.875000
vt 0.027344 0.937500
vt 0.023438 0.937500
vt 0.019531 0.625000
vt 0.019531 0.562500
vt 0.019531 0.687500
vt 0.019531 0.750000
vt 0.019531 0.812500
vt 0.019531 0.875000
vt 0.019531 0.937500
vt 0.015625 0.625000
vt 0.015625 0.562500
vt 0.015625 0.687500
vt 0.015625 0.750000
vt 0.015625 0.812500
vt 0.015625 0.875000
vt 0.015625 0.937500
vt 0.011719 0.625000
vt 0.011719 0.562500
vt 0.011719 0.687500
vt 0.011719 0.750000
vt 0.011719 0.812500
vt 0.011719 0.875000
vt 0.011719 0.937500
vt 0.007813 0.625000
vt 0.007813 0.562500
vt 0.007813 0.687500
vt 0.007813 0.750000
vt 0.007813 0.812500
vt 0.007812 0.875000
vt 0.007812 0.937500
vt 0.003906 0.625000
vt 0.003906 0.562500
vt 0.003906 0.687500
vt 0.003906 0.750000
vt 0.003906 0.812500
vt 0.003906 0.875000
vt 0.003906 0.937500
vt 0.027344 0.500000
vt 0.027344 1.000000
vt 0.023438 1.000000
vt 0.019531 1.000000
vt 0.015625 1.000000
vt 0.011719 1.000000
vt 0.007813 1.000000
vt 0.003906 1.000000
vt 0.000000 1.000000
vt 0.000000 0.937500
vt 0.000000 0.875000
vt 0.000000 0.812500
vt 0.000000 0.750000
vt 0.000000 0.687500
vt 0.000000 0.625000
vt 0.000000 0.562500
vt 0.003906 0.500000
vt 0.000000 0.500000
vt 0.007813 0.500000
vt 0.011719 0.500000
vt 0.015625 0.500000
vt 0.019531 0.500000
vt 0.023438 0.500000
vt 0.750000 0.474692
vt 0.756032 0.461478
vt 0.750000 0.435323
vt 0.743968 0.461478
vt 0.762430 0.451476
vt 0.756809 0.413009
vt 0.769411 0.447087
vt 0.765051 0.402814
vt 0.743191 0.413009
vt 0.737570 0.451476
vt 0.750000 0.373445
vt 0.759808 0.349586
vt 0.793835 0.470374
vt 0.797174 0.456238
vt 0.786155 0.431762
vt 0.785341 0.458591
vt 0.801498 0.445180
vt 0.788480 0.408548
vt 0.807488 0.439513
vt 0.794574 0.396941
vt 0.775123 0.411205
vt 0.777115 0.450030
vt 0.774083 0.371073
vt 0.779048 0.345759
vt 0.835986 0.457588
vt 0.836502 0.443072
vt 0.820920 0.421216
vt 0.825356 0.447689
vt 0.838586 0.431383
vt 0.818672 0.397995
vt 0.843356 0.424656
vt 0.822385 0.385422
vt 0.806090 0.403206
vt 0.815617 0.440896
vt 0.797240 0.364048
vt 0.797171 0.338252
vt 0.874832 0.436824
vt 0.872506 0.422486
vt 0.852960 0.404090
vt 0.862476 0.429189
vt 0.872270 0.410615
vt 0.846225 0.381754
vt 0.875636 0.403087
vt 0.847413 0.368698
vt 0.834901 0.389320
vt 0.851599 0.424427
vt 0.818582 0.352641
vt 0.813482 0.327353
vt 0.908881 0.408881
vt 0.903803 0.395272
vt 0.881043 0.381043
vt 0.895272 0.403803
vt 0.901255 0.383675
vt 0.870080 0.360450
vt 0.903087 0.375636
vt 0.868698 0.347413
vt 0.860450 0.370079
vt 0.883675 0.401255
vt 0.837289 0.337289
vt 0.827353 0.313482
vt 0.936825 0.374832
vt 0.929189 0.362475
vt 0.904090 0.352960
vt 0.922486 0.372506
vt 0.924427 0.351599
vt 0.889320 0.334901
vt 0.924656 0.343356
vt 0.885422 0.322384
vt 0.881754 0.346224
vt 0.910615 0.372270
vt 0.852641 0.318582
vt 0.838252 0.297172
vt 0.957588 0.335986
vt 0.947689 0.325356
vt 0.921216 0.320920
vt 0.943072 0.336502
vt 0.940897 0.315617
vt 0.903206 0.306090
vt 0.939513 0.307488
vt 0.896941 0.294574
vt 0.897995 0.318672
vt 0.931383 0.338586
vt 0.864048 0.297240
vt 0.845759 0.279048
vt 0.970375 0.293835
vt 0.958591 0.285341
vt 0.931762 0.286155
vt 0.956238 0.297174
vt 0.950030 0.277115
vt 0.911205 0.275123
vt 0.947087 0.269411
vt 0.902814 0.265051
vt 0.908548 0.288480
vt 0.945180 0.301498
vt 0.871073 0.274083
vt 0.849586 0.259808
vt 0.974692 0.250000
vt 0.961478 0.243968
vt 0.935323 0.250000
vt 0.961478 0.256032
vt 0.951476 0.237570
vt 0.913009 0.243191
vt 0.947087 0.230589
vt 0.902814 0.234949
vt 0.913009 0.256809
vt 0.951476 0.262430
vt 0.873445 0.250000
vt 0.849586 0.240192
vt 0.970375 0.206165
vt 0.956238 0.202827
vt 0.931762 0.213845
vt 0.958591 0.214659
vt 0.945180 0.198502
vt 0.908548 0.211520
vt 0.939513 0.192512
vt 0.896941 0.205426
vt 0.911205 0.224877
vt 0.950030 0.222886
vt 0.871073 0.225917
vt 0.845759 0.220952
vt 0.957588 0.164014
vt 0.943072 0.163498
vt 0.921216 0.179080
vt 0.947689 0.174644
vt 0.931383 0.161414
vt 0.897995 0.181328
vt 0.924656 0.156644
vt 0.885422 0.177616
vt 0.903206 0.193910
vt 0.940897 0.184383
vt 0.864048 0.202760
vt 0.838252 0.202828
vt 0.936825 0.125168
vt 0.922486 0.127494
vt 0.904090 0.147040
vt 0.929189 0.137525
vt 0.910615 0.127730
vt 0.881754 0.153776
vt 0.903088 0.124364
vt 0.868698 0.152587
vt 0.889320 0.165099
vt 0.924427 0.148401
vt 0.852641 0.181418
vt 0.827353 0.186518
vt 0.908881 0.091119
vt 0.895272 0.096197
vt 0.881043 0.118957
vt 0.903803 0.104728
vt 0.883676 0.098745
vt 0.860450 0.129921
vt 0.875636 0.096913
vt 0.847413 0.131302
vt 0.870080 0.139550
vt 0.901255 0.116325
vt 0.837289 0.162711
vt 0.813482 0.172647
vt 0.874832 0.063176
vt 0.862475 0.070811
vt 0.852960 0.095910
vt 0.872506 0.077514
vt 0.851599 0.075573
vt 0.834902 0.110680
vt 0.843356 0.075344
vt 0.822384 0.114578
vt 0.846224 0.118246
vt 0.872270 0.089385
vt 0.818582 0.147359
vt 0.797171 0.161748
vt 0.835986 0.042412
vt 0.825356 0.052312
vt 0.820920 0.078784
vt 0.836502 0.056928
vt 0.815617 0.059104
vt 0.806090 0.096794
vt 0.807488 0.060487
vt 0.794574 0.103059
vt 0.818672 0.102005
vt 0.838586 0.068617
vt 0.797240 0.135952
vt 0.779048 0.154241
vt 0.793835 0.029626
vt 0.785341 0.041409
vt 0.786155 0.068238
vt 0.797174 0.043762
vt 0.777115 0.049970
vt 0.775123 0.088795
vt 0.769412 0.052913
vt 0.765051 0.097186
vt 0.788480 0.091452
vt 0.801498 0.054820
vt 0.774083 0.128927
vt 0.759808 0.150414
vt 0.750000 0.025308
vt 0.743968 0.038522
vt 0.750000 0.064677
vt 0.756032 0.038522
vt 0.737570 0.048524
vt 0.743191 0.086991
vt 0.730589 0.052913
vt 0.734949 0.097186
vt 0.756809 0.086991
vt 0.762430 0.048524
vt 0.750000 0.126555
vt 0.740192 0.150414
vt 0.706165 0.029626
vt 0.702827 0.043762
vt 0.713845 0.068238
vt 0.714659 0.041409
vt 0.698503 0.054820
vt 0.711520 0.091452
vt 0.692512 0.060487
vt 0.705426 0.103059
vt 0.724877 0.088795
vt 0.722885 0.049970
vt 0.725917 0.128927
vt 0.720952 0.154241
vt 0.664014 0.042412
vt 0.663498 0.056928
vt 0.679080 0.078784
vt 0.674644 0.052312
vt 0.661414 0.068617
vt 0.681328 0.102005
vt 0.656644 0.075344
vt 0.677616 0.114578
vt 0.693910 0.096794
vt 0.684383 0.059104
vt 0.702760 0.135952
vt 0.702828 0.161748
vt 0.625168 0.063176
vt 0.627494 0.077514
vt 0.647040 0.095910
vt 0.637525 0.070811
vt 0.627730 0.089385
vt 0.653776 0.118246
vt 0.624364 0.096913
vt 0.652587 0.131302
vt 0.665099 0.110680
vt 0.648401 0.075573
vt 0.681418 0.147359
vt 0.686518 0.172647
vt 0.591119 0.091119
vt 0.596197 0.104728
vt 0.618957 0.118957
vt 0.604728 0.096197
vt 0.598745 0.116325
vt 0.629921 0.139550
vt 0.596913 0.124364
vt 0.631302 0.152587
vt 0.639550 0.129921
vt 0.616325 0.098745
vt 0.662711 0.162711
vt 0.672647 0.186518
vt 0.563176 0.125168
vt 0.570811 0.137525
vt 0.595910 0.147040
vt 0.577514 0.127494
vt 0.575573 0.148401
vt 0.610680 0.165099
vt 0.575344 0.156644
vt 0.614578 0.177616
vt 0.618246 0.153776
vt 0.589385 0.127730
vt 0.647359 0.181418
vt 0.661748 0.202828
vt 0.542412 0.164014
vt 0.552312 0.174644
vt 0.578784 0.179080
vt 0.556928 0.163498
vt 0.559104 0.184383
vt 0.596794 0.193910
vt 0.560487 0.192512
vt 0.603059 0.205426
vt 0.602005 0.181328
vt 0.568617 0.161414
vt 0.635952 0.202760
vt 0.654241 0.220952
vt 0.529626 0.206165
vt 0.541409 0.214659
vt 0.568238 0.213845
vt 0.543762 0.202827
vt 0.549970 0.222886
vt 0.588795 0.224877
vt 0.552913 0.230589
vt 0.597186 0.234949
vt 0.591452 0.211520
vt 0.554820 0.198502
vt 0.628927 0.225917
vt 0.650414 0.240192
vt 0.525308 0.250000
vt 0.538522 0.256032
vt 0.564677 0.250000
vt 0.538522 0.243968
vt 0.548524 0.262430
vt 0.586991 0.256809
vt 0.552913 0.269411
vt 0.597186 0.265051
vt 0.586991 0.243191
vt 0.548524 0.237570
vt 0.626555 0.250000
vt 0.650414 0.259808
vt 0.529626 0.293835
vt 0.543762 0.297174
vt 0.568238 0.286155
vt 0.541409 0.285341
vt 0.554820 0.301498
vt 0.591452 0.288480
vt 0.560487 0.307488
vt 0.603059 0.294574
vt 0.588795 0.275123
vt 0.549970 0.277115
vt 0.628927 0.274083
vt 0.654241 0.279048
vt 0.542412 0.335986
vt 0.556928 0.336502
vt 0.578784 0.320920
vt 0.552312 0.325356
vt 0.568617 0.338586
vt 0.602005 0.318672
vt 0.575344 0.343356
vt 0.614578 0.322384
vt 0.596794 0.306090
vt 0.559104 0.315617
vt 0.635952 0.297240
vt 0.661748 0.297172
vt 0.563176 0.374832
vt 0.577514 0.372506
vt 0.595910 0.352960
vt 0.570811 0.362475
vt 0.589385 0.372270
vt 0.618246 0.346224
vt 0.596913 0.375636
vt 0.631302 0.347413
vt 0.610680 0.334901
vt 0.575573 0.351599
vt 0.647359 0.318582
vt 0.672647 0.313482
vt 0.591119 0.408881
vt 0.604728 0.403803
vt 0.618957 0.381043
vt 0.596197 0.395272
vt 0.616325 0.401255
vt 0.639550 0.370079
vt 0.624364 0.403087
vt 0.652587 0.368698
vt 0.629921 0.360450
vt 0.598745 0.383675
vt 0.662711 0.337289
vt 0.686518 0.327353
vt 0.625168 0.436825
vt 0.637525 0.429189
vt 0.647040 0.404090
vt 0.627494 0.422486
vt 0.648401 0.424427
vt 0.665099 0.389320
vt 0.656644 0.424656
vt 0.677616 0.385422
vt 0.653776 0.381754
vt 0.627730 0.410615
vt 0.681418 0.352641
vt 0.702828 0.338252
vt 0.664014 0.457588
vt 0.674644 0.447689
vt 0.679080 0.421216
vt 0.663498 0.443072
vt 0.684383 0.440896
vt 0.693910 0.403206
vt 0.692512 0.439513
vt 0.705426 0.396941
vt 0.681328 0.397995
vt 0.661414 0.431383
vt 0.702760 0.364048
vt 0.720952 0.345759
vt 0.706165 0.470374
vt 0.714659 0.458591
vt 0.713845 0.431762
vt 0.702827 0.456238
vt 0.722885 0.450030
vt 0.724877 0.411205
vt 0.730589 0.447087
vt 0.734949 0.402814
vt 0.711520 0.408548
vt 0.698502 0.445180
vt 0.725917 0.371073
vt 0.740192 0.349586
vt 0.765051 0.402814
vt 0.769412 0.447087
vt 0.794574 0.396941
vt 0.807488 0.439513
vt 0.822384 0.385422
vt 0.843356 0.424656
vt 0.875636 0.403087
vt 0.868698 0.347413
vt 0.903088 0.375636
vt 0.924656 0.343356
vt 0.896941 0.294574
vt 0.939513 0.307488
vt 0.902814 0.265051
vt 0.947087 0.269411
vt 0.902814 0.234949
vt 0.947087 0.230589
vt 0.896941 0.205426
vt 0.939513 0.192512
vt 0.924656 0.156644
vt 0.903088 0.124364
vt 0.875636 0.096913
vt 0.843356 0.075344
vt 0.794574 0.103059
vt 0.807488 0.060487
vt 0.769411 0.052913
vt 0.730589 0.052913
vt 0.705426 0.103059
vt 0.692512 0.060487
vt 0.677616 0.114578
vt 0.656644 0.075344
vt 0.652587 0.131302
vt 0.624364 0.096913
vt 0.631302 0.152587
vt 0.596913 0.124364
vt 0.614578 0.177616
vt 0.575344 0.156644
vt 0.560487 0.192512
vt 0.552913 0.230589
vt 0.552913 0.269411
vt 0.603059 0.294574
vt 0.560487 0.307488
vt 0.614578 0.322384
vt 0.631302 0.347413
vt 0.596913 0.375636
vt 0.677616 0.385422
vt 0.656644 0.424656
vt 0.692512 0.439513
vt 0.730589 0.447087
vt 0.750000 0.250000
vt 0.750000 0.490000
vt 0.755853 0.489424
vt 0.744147 0.489424
vt 0.761706 0.488847
vt 0.767558 0.488271
vt 0.773411 0.487694
vt 0.738295 0.488847
vt 0.732442 0.488271
vt 0.726589 0.487694
vt 0.796822 0.485389
vt 0.802450 0.483681
vt 0.790969 0.485965
vt 0.808077 0.481974
vt 0.813705 0.480267
vt 0.819333 0.478560
vt 0.785116 0.486541
vt 0.779264 0.487118
vt 0.773411 0.487694
vt 0.841844 0.471731
vt 0.847031 0.468959
vt 0.836216 0.473438
vt 0.852217 0.466187
vt 0.857404 0.463414
vt 0.862591 0.460642
vt 0.830589 0.475145
vt 0.824961 0.476853
vt 0.883337 0.449553
vt 0.887883 0.445822
vt 0.878150 0.452325
vt 0.892429 0.442091
vt 0.896975 0.438360
vt 0.901521 0.434629
vt 0.872964 0.455097
vt 0.867777 0.457870
vt 0.919706 0.419706
vt 0.923437 0.415160
vt 0.915160 0.423437
vt 0.927168 0.410613
vt 0.930898 0.406067
vt 0.934629 0.401521
vt 0.910614 0.427167
vt 0.906067 0.430898
vt 0.949553 0.383337
vt 0.952325 0.378150
vt 0.945822 0.387883
vt 0.955097 0.372964
vt 0.957870 0.367777
vt 0.960642 0.362590
vt 0.942091 0.392429
vt 0.938360 0.396975
vt 0.934629 0.401521
vt 0.971731 0.341844
vt 0.973438 0.336216
vt 0.968959 0.347031
vt 0.975146 0.330588
vt 0.976853 0.324961
vt 0.978560 0.319333
vt 0.966187 0.352217
vt 0.963414 0.357404
vt 0.960642 0.362590
vt 0.985389 0.296822
vt 0.985965 0.290969
vt 0.983681 0.302450
vt 0.986541 0.285116
vt 0.987118 0.279264
vt 0.987694 0.273411
vt 0.981974 0.308077
vt 0.980267 0.313705
vt 0.978560 0.319333
vt 0.990000 0.250000
vt 0.989424 0.244147
vt 0.989424 0.255853
vt 0.988847 0.238295
vt 0.988271 0.232442
vt 0.987694 0.226589
vt 0.988847 0.261705
vt 0.988271 0.267558
vt 0.985389 0.203178
vt 0.983681 0.197551
vt 0.985965 0.209031
vt 0.981974 0.191923
vt 0.980267 0.186295
vt 0.978560 0.180667
vt 0.986541 0.214884
vt 0.987118 0.220736
vt 0.971731 0.158156
vt 0.968959 0.152969
vt 0.973438 0.163784
vt 0.966187 0.147783
vt 0.963414 0.142596
vt 0.960642 0.137410
vt 0.975146 0.169412
vt 0.976853 0.175039
vt 0.978560 0.180667
vt 0.949553 0.116663
vt 0.945822 0.112117
vt 0.952325 0.121850
vt 0.942091 0.107571
vt 0.938360 0.103025
vt 0.934629 0.098479
vt 0.955097 0.127036
vt 0.957870 0.132223
vt 0.960642 0.137410
vt 0.919706 0.080294
vt 0.915160 0.076563
vt 0.923437 0.084840
vt 0.910614 0.072833
vt 0.906067 0.069102
vt 0.901521 0.065371
vt 0.927168 0.089387
vt 0.930898 0.093933
vt 0.883337 0.050447
vt 0.878150 0.047675
vt 0.887883 0.054178
vt 0.872964 0.044903
vt 0.867777 0.042130
vt 0.862591 0.039358
vt 0.892429 0.057909
vt 0.896975 0.061640
vt 0.841844 0.028269
vt 0.836216 0.026562
vt 0.847031 0.031041
vt 0.830589 0.024855
vt 0.824961 0.023147
vt 0.819333 0.021440
vt 0.852217 0.033814
vt 0.857404 0.036586
vt 0.796822 0.014612
vt 0.790969 0.014035
vt 0.802450 0.016319
vt 0.785116 0.013459
vt 0.779264 0.012882
vt 0.773411 0.012306
vt 0.808077 0.018026
vt 0.813705 0.019733
vt 0.750000 0.010000
vt 0.744147 0.010576
vt 0.755853 0.010576
vt 0.738295 0.011153
vt 0.732442 0.011729
vt 0.726589 0.012306
vt 0.761706 0.011153
vt 0.767558 0.011729
vt 0.773411 0.012306
vt 0.703178 0.014612
vt 0.697551 0.016319
vt 0.709031 0.014035
vt 0.691923 0.018026
vt 0.686295 0.019733
vt 0.680667 0.021440
vt 0.714884 0.013459
vt 0.720737 0.012882
vt 0.726589 0.012306
vt 0.658156 0.028269
vt 0.652969 0.031041
vt 0.663784 0.026562
vt 0.647783 0.033814
vt 0.642596 0.036586
vt 0.637410 0.039358
vt 0.669412 0.024855
vt 0.675039 0.023147
vt 0.616663 0.050447
vt 0.612117 0.054178
vt 0.621850 0.047675
vt 0.607571 0.057909
vt 0.603025 0.061640
vt 0.598479 0.065371
vt 0.627036 0.044903
vt 0.632223 0.042130
vt 0.580294 0.080294
vt 0.576564 0.084840
vt 0.584841 0.076563
vt 0.572833 0.089387
vt 0.569102 0.093933
vt 0.565371 0.098479
vt 0.589387 0.072833
vt 0.593933 0.069102
vt 0.598479 0.065371
vt 0.550447 0.116663
vt 0.547675 0.121850
vt 0.554178 0.112117
vt 0.544903 0.127036
vt 0.542130 0.132223
vt 0.539358 0.137410
vt 0.557909 0.107571
vt 0.561640 0.103025
vt 0.528269 0.158156
vt 0.526562 0.163784
vt 0.531041 0.152969
vt 0.524855 0.169412
vt 0.523147 0.175039
vt 0.521440 0.180667
vt 0.533814 0.147783
vt 0.536586 0.142596
vt 0.539358 0.137410
vt 0.514612 0.203178
vt 0.514035 0.209031
vt 0.516319 0.197551
vt 0.513459 0.214884
vt 0.512882 0.220736
vt 0.512306 0.226589
vt 0.518026 0.191923
vt 0.519733 0.186295
vt 0.521440 0.180667
vt 0.510000 0.250000
vt 0.510576 0.255853
vt 0.510576 0.244147
vt 0.511153 0.261705
vt 0.511729 0.267558
vt 0.512306 0.273411
vt 0.511153 0.238295
vt 0.511729 0.232442
vt 0.514612 0.296822
vt 0.516319 0.302450
vt 0.514035 0.290969
vt 0.518026 0.308077
vt 0.519733 0.313705
vt 0.521440 0.319333
vt 0.513459 0.285116
vt 0.512882 0.279264
vt 0.528269 0.341844
vt 0.531041 0.347031
vt 0.526562 0.336216
vt 0.533814 0.352217
vt 0.536586 0.357404
vt 0.539358 0.362590
vt 0.524855 0.330588
vt 0.523147 0.324961
vt 0.521440 0.319333
vt 0.550447 0.383337
vt 0.554178 0.387883
vt 0.547675 0.378150
vt 0.557909 0.392429
vt 0.561640 0.396975
vt 0.565371 0.401521
vt 0.544903 0.372964
vt 0.542130 0.367777
vt 0.539358 0.362590
vt 0.580294 0.419706
vt 0.584841 0.423437
vt 0.576564 0.415160
vt 0.589387 0.427167
vt 0.593933 0.430898
vt 0.598479 0.434629
vt 0.572833 0.410613
vt 0.569102 0.406067
vt 0.565371 0.401521
vt 0.616663 0.449553
vt 0.621850 0.452325
vt 0.612117 0.445822
vt 0.627036 0.455097
vt 0.632223 0.457870
vt 0.637410 0.460642
vt 0.607571 0.442091
vt 0.603025 0.438360
vt 0.598479 0.434629
vt 0.658156 0.471731
vt 0.663784 0.473438
vt 0.652969 0.468959
vt 0.669412 0.475145
vt 0.675039 0.476853
vt 0.680667 0.478560
vt 0.647783 0.466187
vt 0.642596 0.463414
vt 0.703178 0.485389
vt 0.709031 0.485965
vt 0.697551 0.483681
vt 0.714884 0.486541
vt 0.720737 0.487118
vt 0.726589 0.487694
vt 0.691923 0.481974
vt 0.686295 0.480267
s 0
usemtl Material.001
f 1249/1/1 1250/2/1 1257/3/1 1256/4/1
f 1250/2/1 1251/5/1 1258/6/1 1257/3/1
f 1251/5/1 1252/7/1 1259/8/1 1258/6/1
f 1252/7/1 1253/9/1 1260/10/1 1259/8/1
f 1253/9/1 1254/11/1 1261/12/1 1260/10/1
f 1254/11/1 1255/13/1 1262/14/1 1261/12/1
f 1256/4/2 1257/3/2 1264/15/2 1263/16/2
f 1257/3/2 1258/6/2 1265/17/2 1264/15/2
f 1258/6/2 1259/8/2 1266/18/2 1265/17/2
f 1259/8/2 1260/10/2 1267/19/2 1266/18/2
f 1260/10/2 1261/12/2 1268/20/2 1267/19/2
f 1261/12/2 1262/14/2 1269/21/2 1268/20/2
f 1263/16/3 1264/15/3 1271/22/3 1270/23/3
f 1264/15/3 1265/17/3 1272/24/3 1271/22/3
f 1265/17/3 1266/18/3 1273/25/3 1272/24/3
f 1266/18/3 1267/19/3 1274/26/3 1273/25/3
f 1267/19/3 1268/20/3 1275/27/3 1274/26/3
f 1268/20/3 1269/21/3 1276/28/3 1275/27/3
f 1270/23/4 1271/22/4 1278/29/4 1277/30/4
f 1271/22/4 1272/24/4 1279/31/4 1278/29/4
f 1272/24/4 1273/25/4 1280/32/4 1279/31/4
f 1273/25/4 1274/26/4 1281/33/4 1280/32/4
f 1274/26/4 1275/27/4 1282/34/4 1281/33/4
f 1275/27/4 1276/28/4 1283/35/4 1282/34/4
f 1277/30/5 1278/29/5 1285/36/5 1284/37/5
f 1278/29/5 1279/31/5 1286/38/5 1285/36/5
f 1279/31/5 1280/32/5 1287/39/5 1286/38/5
f 1280/32/5 1281/33/5 1288/40/5 1287/39/5
f 1281/33/5 1282/34/5 1289/41/5 1288/40/5
f 1282/34/5 1283/35/5 1290/42/5 1289/41/5
f 1284/37/6 1285/36/6 1292/43/6 1291/44/6
f 1285/36/6 1286/38/6 1293/45/6 1292/43/6
f 1286/38/6 1287/39/6 1294/46/6 1293/45/6
f 1287/39/6 1288/40/6 1295/47/6 1294/46/6
f 1288/40/6 1289/41/6 1296/48/6 1295/47/6
f 1289/41/6 1290/42/6 1297/49/6 1296/48/6
f 65/50/7 143/51/7 1249/1/7 129/52/7
f 143/51/7 144/53/7 1250/2/7 1249/1/7
f 144/53/7 145/54/7 1251/5/7 1250/2/7
f 145/54/7 146/55/7 1252/7/7 1251/5/7
f 146/55/7 147/56/7 1253/9/7 1252/7/7
f 147/56/7 148/57/7 1254/11/7 1253/9/7
f 148/57/7 149/58/7 1255/13/7 1254/11/7
f 149/58/7 68/59/7 142/60/7 1255/13/7
f 1255/13/1 142/60/1 141/61/1 1262/14/1
f 1262/14/2 141/61/2 140/62/2 1269/21/2
f 1269/21/3 140/62/3 139/63/3 1276/28/3
f 1276/28/4 139/63/4 138/64/4 1283/35/4
f 1283/35/5 138/64/5 137/65/5 1290/42/5
f 1290/42/6 137/65/6 136/66/6 1297/49/6
f 1297/49/8 136/66/8 67/67/8 150/68/8
f 1296/48/8 1297/49/8 150/68/8 151/69/8
f 1295/47/8 1296/48/8 151/69/8 152/70/8
f 1294/46/8 1295/47/8 152/70/8 153/71/8
f 1293/45/8 1294/46/8 153/71/8 154/72/8
f 1292/43/8 1293/45/8 154/72/8 155/73/8
f 1291/44/8 1292/43/8 155/73/8 156/74/8
f 135/75/8 1291/44/8 156/74/8 66/76/8
f 134/77/6 1284/37/6 1291/44/6 135/75/6
f 133/78/5 1277/30/5 1284/37/5 134/77/5
f 132/79/4 1270/23/4 1277/30/4 133/78/4
f 131/80/3 1263/16/3 1270/23/3 132/79/3
f 130/81/2 1256/4/2 1263/16/2 131/80/2
f 129/52/1 1249/1/1 1256/4/1 130/81/1
f 1298/82/9 1299/83/9 1306/84/9 1305/85/9
f 1299/83/9 1300/86/9 1307/87/9 1306/84/9
f 1300/86/9 1301/88/9 1308/89/9 1307/87/9
f 1301/88/9 1302/90/9 1309/91/9 1308/89/9
f 1302/90/9 1303/92/9 1310/93/9 1309/91/9
f 1303/92/9 1304/94/9 1311/95/9 1310/93/9
f 1305/85/10 1306/84/10 1313/96/10 1312/97/10
f 1306/84/10 1307/87/10 1314/98/10 1313/96/10
f 1307/87/10 1308/89/10 1315/99/10 1314/98/10
f 1308/89/10 1309/91/10 1316/100/10 1315/99/10
f 1309/91/10 1310/93/10 1317/101/10 1316/100/10
f 1310/93/10 1311/95/10 1318/102/10 1317/101/10
f 1312/97/11 1313/96/11 1320/103/11 1319/104/11
f 1313/96/11 1314/98/11 1321/105/11 1320/103/11
f 1314/98/11 1315/99/11 1322/106/11 1321/105/11
f 1315/99/11 1316/100/11 1323/107/11 1322/106/11
f 1316/100/11 1317/101/11 1324/108/11 1323/107/11
f 1317/101/11 1318/102/11 1325/109/11 1324/108/11
f 1319/104/12 1320/103/12 1327/110/12 1326/111/12
f 1320/103/12 1321/105/12 1328/112/12 1327/110/12
f 1321/105/12 1322/106/12 1329/113/12 1328/112/12
f 1322/106/12 1323/107/12 1330/114/12 1329/113/12
f 1323/107/12 1324/108/12 1331/115/12 1330/114/12
f 1324/108/12 1325/109/12 1332/116/12 1331/115/12
f 1326/111/13 1327/110/13 1334/117/13 1333/118/13
f 1327/110/13 1328/112/13 1335/119/13 1334/117/13
f 1328/112/13 1329/113/13 1336/120/13 1335/119/13
f 1329/113/13 1330/114/13 1337/121/13 1336/120/13
f 1330/114/13 1331/115/13 1338/122/13 1337/121/13
f 1331/115/13 1332/116/13 1339/123/13 1338/122/13
f 1333/118/14 1334/117/14 1341/124/14 1340/125/14
f 1334/117/14 1335/119/14 1342/126/14 1341/124/14
f 1335/119/14 1336/120/14 1343/127/14 1342/126/14
f 1336/120/14 1337/121/14 1344/128/14 1343/127/14
f 1337/121/14 1338/122/14 1345/129/14 1344/128/14
f 1338/122/14 1339/123/14 1346/130/14 1345/129/14
f 66/76/15 156/74/15 1298/82/15 157/131/15
f 156/74/15 155/73/15 1299/83/15 1298/82/15
f 155/73/15 154/72/15 1300/86/15 1299/83/15
f 154/72/15 153/71/15 1301/88/15 1300/86/15
f 153/71/15 152/70/15 1302/90/15 1301/88/15
f 152/70/15 151/69/15 1303/92/15 1302/90/15
f 151/69/15 150/68/15 1304/94/15 1303/92/15
f 150/68/15 67/67/15 170/132/15 1304/94/15
f 1304/94/9 170/132/9 169/133/9 1311/95/9
f 1311/95/10 169/133/10 168/134/10 1318/102/10
f 1318/102/11 168/134/11 167/135/11 1325/109/11
f 1325/109/12 167/135/12 166/136/12 1332/116/12
f 1332/116/13 166/136/13 165/137/13 1339/123/13
f 1339/123/14 165/137/14 164/138/14 1346/130/14
f 1346/130/16 164/138/16 70/139/16 171/140/16
f 1345/129/16 1346/130/16 171/140/16 172/141/16
f 1344/128/16 1345/129/16 172/141/16 173/142/16
f 1343/127/16 1344/128/16 173/142/16 174/143/16
f 1342/126/16 1343/127/16 174/143/16 175/144/16
f 1341/124/16 1342/126/16 175/144/16 176/145/16
f 1340/125/16 1341/124/16 176/145/16 177/146/16
f 163/147/16 1340/125/16 177/146/16 69/148/16
f 162/149/14 1333/118/14 1340/125/14 163/147/14
f 161/150/13 1326/111/13 1333/118/13 162/149/13
f 160/151/12 1319/104/12 1326/111/12 161/150/12
f 159/152/11 1312/97/11 1319/104/11 160/151/11
f 158/153/10 1305/85/10 1312/97/10 159/152/10
f 157/131/9 1298/82/9 1305/85/9 158/153/9
f 1347/154/17 1348/155/17 1355/156/17 1354/157/17
f 1348/155/17 1349/158/17 1356/159/17 1355/156/17
f 1349/158/17 1350/160/17 1357/161/17 1356/159/17
f 1350/160/17 1351/162/17 1358/163/17 1357/161/17
f 1351/162/17 1352/164/17 1359/165/17 1358/163/17
f 1352/164/17 1353/166/17 1360/167/17 1359/165/17
f 1354/157/18 1355/156/18 1362/168/18 1361/169/18
f 1355/156/18 1356/159/18 1363/170/18 1362/168/18
f 1356/159/18 1357/161/18 1364/171/18 1363/170/18
f 1357/161/18 1358/163/18 1365/172/18 1364/171/18
f 1358/163/18 1359/165/18 1366/173/18 1365/172/18
f 1359/165/18 1360/167/18 1367/174/18 1366/173/18
f 1361/169/19 1362/168/19 1369/175/19 1368/176/19
f 1362/168/19 1363/170/19 1370/177/19 1369/175/19
f 1363/170/19 1364/171/19 1371/178/19 1370/177/19
f 1364/171/19 1365/172/19 1372/179/19 1371/178/19
f 1365/172/19 1366/173/19 1373/180/19 1372/179/19
f 1366/173/19 1367/174/19 1374/181/19 1373/180/19
f 1368/176/20 1369/175/20 1376/182/20 1375/183/20
f 1369/175/20 1370/177/20 1377/184/20 1376/182/20
f 1370/177/20 1371/178/20 1378/185/20 1377/184/20
f 1371/178/20 1372/179/20 1379/186/20 1378/185/20
f 1372/179/20 1373/180/20 1380/187/20 1379/186/20
f 1373/180/20 1374/181/20 1381/188/20 1380/187/20
f 1375/183/21 1376/182/21 1383/189/21 1382/190/21
f 1376/182/21 1377/184/21 1384/191/21 1383/189/21
f 1377/184/21 1378/185/21 1385/192/21 1384/191/21
f 1378/185/21 1379/186/21 1386/193/21 1385/192/21
f 1379/186/21 1380/187/21 1387/194/21 1386/193/21
f 1380/187/21 1381/188/21 1388/195/21 1387/194/21
f 1382/190/22 1383/189/22 1390/196/22 1389/197/22
f 1383/189/22 1384/191/22 1391/198/22 1390/196/22
f 1384/191/22 1385/192/22 1392/199/22 1391/198/22
f 1385/192/22 1386/193/22 1393/200/22 1392/199/22
f 1386/193/22 1387/194/22 1394/201/22 1393/200/22
f 1387/194/22 1388/195/22 1395/202/22 1394/201/22
f 69/148/23 177/146/23 1347/154/23 178/203/23
f 177/146/23 176/145/23 1348/155/23 1347/154/23
f 176/145/23 175/144/23 1349/158/23 1348/155/23
f 175/144/23 174/143/23 1350/160/23 1349/158/23
f 174/143/23 173/142/23 1351/162/23 1350/160/23
f 173/142/23 172/141/23 1352/164/23 1351/162/23
f 172/141/23 171/140/23 1353/166/23 1352/164/23
f 171/140/23 70/139/23 191/204/23 1353/166/23
f 1353/166/17 191/204/17 190/205/17 1360/167/17
f 1360/167/18 190/205/18 189/206/18 1367/174/18
f 1367/174/19 189/206/19 188/207/19 1374/181/19
f 1374/181/20 188/207/20 187/208/20 1381/188/20
f 1381/188/21 187/208/21 186/209/21 1388/195/21
f 1388/195/22 186/209/22 185/210/22 1395/202/22
f 1395/202/24 185/210/24 72/211/24 192/212/24
f 1394/201/24 1395/202/24 192/212/24 193/213/24
f 1393/200/24 1394/201/24 193/213/24 194/214/24
f 1392/199/24 1393/200/24 194/214/24 195/215/24
f 1391/198/24 1392/199/24 195/215/24 196/216/24
f 1390/196/24 1391/198/24 196/216/24 197/217/24
f 1389/197/24 1390/196/24 197/217/24 198/218/24
f 184/219/24 1389/197/24 198/218/24 71/220/24
f 183/221/22 1382/190/22 1389/197/22 184/219/22
f 182/222/21 1375/183/21 1382/190/21 183/221/21
f 181/223/20 1368/176/20 1375/183/20 182/222/20
f 180/224/19 1361/169/19 1368/176/19 181/223/19
f 179/225/18 1354/157/18 1361/169/18 180/224/18
f 178/203/17 1347/154/17 1354/157/17 179/225/17
f 1396/226/25 1397/227/25 1404/228/25 1403/229/25
f 1397/227/25 1398/230/25 1405/231/25 1404/228/25
f 1398/230/25 1399/232/25 1406/233/25 1405/231/25
f 1399/232/25 1400/234/25 1407/235/25 1406/233/25
f 1400/234/25 1401/236/25 1408/237/25 1407/235/25
f 1401/236/25 1402/238/25 1409/239/25 1408/237/25
f 1403/229/26 1404/228/26 1411/240/26 1410/241/26
f 1404/228/26 1405/231/26 1412/242/26 1411/240/26
f 1405/231/26 1406/233/26 1413/243/26 1412/242/26
f 1406/233/27 1407/235/27 1414/244/27 1413/243/27
f 1407/235/27 1408/237/27 1415/245/27 1414/244/27
f 1408/237/27 1409/239/27 1416/246/27 1415/245/27
f 1410/241/28 1411/240/28 1418/247/28 1417/248/28
f 1411/240/28 1412/242/28 1419/249/28 1418/247/28
f 1412/242/28 1413/243/28 1420/250/28 1419/249/28
f 1413/243/28 1414/244/28 1421/251/28 1420/250/28
f 1414/244/28 1415/245/28 1422/252/28 1421/251/28
f 1415/245/28 1416/246/28 1423/253/28 1422/252/28
f 1417/248/29 1418/247/29 1425/254/29 1424/255/29
f 1418/247/29 1419/249/29 1426/256/29 1425/254/29
f 1419/249/29 1420/250/29 1427/257/29 1426/256/29
f 1420/250/29 1421/251/29 1428/258/29 1427/257/29
f 1421/251/29 1422/252/29 1429/259/29 1428/258/29
f 1422/252/29 1423/253/29 1430/260/29 1429/259/29
f 1424/255/30 1425/254/30 1432/261/30 1431/262/30
f 1425/254/30 1426/256/30 1433/263/30 1432/261/30
f 1426/256/30 1427/257/30 1434/264/30 1433/263/30
f 1427/257/30 1428/258/30 1435/265/30 1434/264/30
f 1428/258/30 1429/259/30 1436/266/30 1435/265/30
f 1429/259/30 1430/260/30 1437/267/30 1436/266/30
f 1431/262/31 1432/261/31 1439/268/31 1438/269/31
f 1432/261/31 1433/263/31 1440/270/31 1439/268/31
f 1433/263/31 1434/264/31 1441/271/31 1440/270/31
f 1434/264/31 1435/265/31 1442/272/31 1441/271/31
f 1435/265/31 1436/266/31 1443/273/31 1442/272/31
f 1436/266/31 1437/267/31 1444/274/31 1443/273/31
f 71/220/32 198/218/32 1396/226/32 199/275/32
f 198/218/32 197/217/32 1397/227/32 1396/226/32
f 197/217/32 196/216/32 1398/230/32 1397/227/32
f 196/216/32 195/215/32 1399/232/32 1398/230/32
f 195/215/32 194/214/32 1400/234/32 1399/232/32
f 194/214/32 193/213/32 1401/236/32 1400/234/32
f 193/213/32 192/212/32 1402/238/32 1401/236/32
f 192/212/32 72/211/32 212/276/32 1402/238/32
f 1402/238/25 212/276/25 211/277/25 1409/239/25
f 1409/239/26 211/277/26 210/278/26 1416/246/26
f 1416/246/28 210/278/28 209/279/28 1423/253/28
f 1423/253/29 209/279/29 208/280/29 1430/260/29
f 1430/260/30 208/280/30 207/281/30 1437/267/30
f 1437/267/31 207/281/31 206/282/31 1444/274/31
f 1444/274/33 206/282/33 74/283/33 213/284/33
f 1443/273/34 1444/274/34 213/284/34 214/285/34
f 1442/272/33 1443/273/33 214/285/33 215/286/33
f 1441/271/33 1442/272/33 215/286/33 216/287/33
f 1440/270/33 1441/271/33 216/287/33 217/288/33
f 1439/268/34 1440/270/34 217/288/34 218/289/34
f 1438/269/34 1439/268/34 218/289/34 219/290/34
f 205/291/33 1438/269/33 219/290/33 73/292/33
f 204/293/31 1431/262/31 1438/269/31 205/291/31
f 203/294/30 1424/255/30 1431/262/30 204/293/30
f 202/295/29 1417/248/29 1424/255/29 203/294/29
f 201/296/28 1410/241/28 1417/248/28 202/295/28
f 200/297/26 1403/229/26 1410/241/26 201/296/26
f 199/275/25 1396/226/25 1403/229/25 200/297/25
f 1445/298/35 1446/299/35 1453/300/35 1452/301/35
f 1446/299/35 1447/302/35 1454/303/35 1453/300/35
f 1447/302/35 1448/304/35 1455/305/35 1454/303/35
f 1448/304/35 1449/306/35 1456/307/35 1455/305/35
f 1449/306/35 1450/308/35 1457/309/35 1456/307/35
f 1450/308/35 1451/310/35 1458/311/35 1457/309/35
f 1452/301/36 1453/300/36 1460/312/36 1459/313/36
f 1453/300/36 1454/303/36 1461/314/36 1460/312/36
f 1454/303/36 1455/305/36 1462/315/36 1461/314/36
f 1455/305/36 1456/307/36 1463/316/36 1462/315/36
f 1456/307/36 1457/309/36 1464/317/36 1463/316/36
f 1457/309/36 1458/311/36 1465/318/36 1464/317/36
f 1459/313/37 1460/312/37 1467/319/37 1466/320/37
f 1460/312/37 1461/314/37 1468/321/37 1467/319/37
f 1461/314/37 1462/315/37 1469/322/37 1468/321/37
f 1462/315/37 1463/316/37 1470/323/37 1469/322/37
f 1463/316/37 1464/317/37 1471/324/37 1470/323/37
f 1464/317/37 1465/318/37 1472/325/37 1471/324/37
f 1466/320/38 1467/319/38 1474/326/38 1473/327/38
f 1467/319/38 1468/321/38 1475/328/38 1474/326/38
f 1468/321/38 1469/322/38 1476/329/38 1475/328/38
f 1469/322/38 1470/323/38 1477/330/38 1476/329/38
f 1470/323/38 1471/324/38 1478/331/38 1477/330/38
f 1471/324/38 1472/325/38 1479/332/38 1478/331/38
f 1473/327/39 1474/326/39 1481/333/39 1480/334/39
f 1474/326/39 1475/328/39 1482/335/39 1481/333/39
f 1475/328/39 1476/329/39 1483/336/39 1482/335/39
f 1476/329/39 1477/330/39 1484/337/39 1483/336/39
f 1477/330/39 1478/331/39 1485/338/39 1484/337/39
f 1478/331/40 1479/332/40 1486/339/40 1485/338/40
f 1480/334/41 1481/333/41 1488/340/41 1487/341/41
f 1481/333/41 1482/335/41 1489/342/41 1488/340/41
f 1482/335/41 1483/336/41 1490/343/41 1489/342/41
f 1483/336/41 1484/337/41 1491/344/41 1490/343/41
f 1484/337/41 1485/338/41 1492/345/41 1491/344/41
f 1485/338/41 1486/339/41 1493/346/41 1492/345/41
f 73/292/42 219/290/42 1445/298/42 220/347/42
f 219/290/42 218/289/42 1446/299/42 1445/298/42
f 218/289/42 217/288/42 1447/302/42 1446/299/42
f 217/288/42 216/287/42 1448/304/42 1447/302/42
f 216/287/42 215/286/42 1449/306/42 1448/304/42
f 215/286/42 214/285/42 1450/308/42 1449/306/42
f 214/285/42 213/284/42 1451/310/42 1450/308/42
f 213/284/42 74/283/42 233/348/42 1451/310/42
f 1451/310/35 233/348/35 232/349/35 1458/311/35
f 1458/311/36 232/349/36 231/350/36 1465/318/36
f 1465/318/37 231/350/37 230/351/37 1472/325/37
f 1472/325/38 230/351/38 229/352/38 1479/332/38
f 1479/332/39 229/352/39 228/353/39 1486/339/39
f 1486/339/41 228/353/41 227/354/41 1493/346/41
f 1493/346/43 227/354/43 76/355/43 234/356/43
f 1492/345/43 1493/346/43 234/356/43 235/357/43
f 1491/344/43 1492/345/43 235/357/43 236/358/43
f 1490/343/43 1491/344/43 236/358/43 237/359/43
f 1489/342/43 1490/343/43 237/359/43 238/360/43
f 1488/340/43 1489/342/43 238/360/43 239/361/43
f 1487/341/43 1488/340/43 239/361/43 240/362/43
f 226/363/43 1487/341/43 240/362/43 75/364/43
f 225/365/41 1480/334/41 1487/341/41 226/363/41
f 224/366/39 1473/327/39 1480/334/39 225/365/39
f 223/367/38 1466/320/38 1473/327/38 224/366/38
f 222/368/37 1459/313/37 1466/320/37 223/367/37
f 221/369/36 1452/301/36 1459/313/36 222/368/36
f 220/347/35 1445/298/35 1452/301/35 221/369/35
f 1494/370/44 1495/371/44 1502/372/44 1501/373/44
f 1495/371/44 1496/374/44 1503/375/44 1502/372/44
f 1496/374/44 1497/376/44 1504/377/44 1503/375/44
f 1497/376/44 1498/378/44 1505/379/44 1504/377/44
f 1498/378/44 1499/380/44 1506/381/44 1505/379/44
f 1499/380/44 1500/382/44 1507/383/44 1506/381/44
f 1501/373/45 1502/372/45 1509/384/45 1508/385/45
f 1502/372/45 1503/375/45 1510/386/45 1509/384/45
f 1503/375/45 1504/377/45 1511/387/45 1510/386/45
f 1504/377/45 1505/379/45 1512/388/45 1511/387/45
f 1505/379/45 1506/381/45 1513/389/45 1512/388/45
f 1506/381/45 1507/383/45 1514/390/45 1513/389/45
f 1508/385/46 1509/384/46 1516/391/46 1515/392/46
f 1509/384/46 1510/386/46 1517/393/46 1516/391/46
f 1510/386/46 1511/387/46 1518/394/46 1517/393/46
f 1511/387/46 1512/388/46 1519/395/46 1518/394/46
f 1512/388/46 1513/389/46 1520/396/46 1519/395/46
f 1513/389/46 1514/390/46 1521/397/46 1520/396/46
f 1515/392/47 1516/391/47 1523/398/47 1522/399/47
f 1516/391/47 1517/393/47 1524/400/47 1523/398/47
f 1517/393/47 1518/394/47 1525/401/47 1524/400/47
f 1518/394/47 1519/395/47 1526/402/47 1525/401/47
f 1519/395/47 1520/396/47 1527/403/47 1526/402/47
f 1520/396/47 1521/397/47 1528/404/47 1527/403/47
f 1522/399/48 1523/398/48 1530/405/48 1529/406/48
f 1523/398/48 1524/400/48 1531/407/48 1530/405/48
f 1524/400/48 1525/401/48 1532/408/48 1531/407/48
f 1525/401/48 1526/402/48 1533/409/48 1532/408/48
f 1526/402/48 1527/403/48 1534/410/48 1533/409/48
f 1527/403/48 1528/404/48 1535/411/48 1534/410/48
f 1529/406/49 1530/405/49 1537/412/49 1536/413/49
f 1530/405/49 1531/407/49 1538/414/49 1537/412/49
f 1531/407/49 1532/408/49 1539/415/49 1538/414/49
f 1532/408/49 1533/409/49 1540/416/49 1539/415/49
f 1533/409/49 1534/410/49 1541/417/49 1540/416/49
f 1534/410/49 1535/411/49 1542/418/49 1541/417/49
f 75/364/50 240/362/50 1494/370/50 241/419/50
f 240/362/50 239/361/50 1495/371/50 1494/370/50
f 239/361/50 238/360/50 1496/374/50 1495/371/50
f 238/360/50 237/359/50 1497/376/50 1496/374/50
f 237/359/50 236/358/50 1498/378/50 1497/376/50
f 236/358/50 235/357/50 1499/380/50 1498/378/50
f 235/357/50 234/356/50 1500/382/50 1499/380/50
f 234/356/50 76/355/50 254/420/50 1500/382/50
f 1500/382/44 254/420/44 253/421/44 1507/383/44
f 1507/383/45 253/421/45 252/422/45 1514/390/45
f 1514/390/46 252/422/46 251/423/46 1521/397/46
f 1521/397/47 251/423/47 250/424/47 1528/404/47
f 1528/404/51 250/424/51 249/425/51 1535/411/51
f 1535/411/49 249/425/49 248/426/49 1542/418/49
f 1542/418/52 248/426/52 78/427/52 255/428/52
f 1541/417/52 1542/418/52 255/428/52 256/429/52
f 1540/416/52 1541/417/52 256/429/52 257/430/52
f 1539/415/52 1540/416/52 257/430/52 258/431/52
f 1538/414/52 1539/415/52 258/431/52 259/432/52
f 1537/412/52 1538/414/52 259/432/52 260/433/52
f 1536/413/52 1537/412/52 260/433/52 261/434/52
f 247/435/52 1536/413/52 261/434/52 77/436/52
f 246/437/49 1529/406/49 1536/413/49 247/435/49
f 245/438/48 1522/399/48 1529/406/48 246/437/48
f 244/439/47 1515/392/47 1522/399/47 245/438/47
f 243/440/46 1508/385/46 1515/392/46 244/439/46
f 242/441/45 1501/373/45 1508/385/45 243/440/45
f 241/419/44 1494/370/44 1501/373/44 242/441/44
f 1543/442/53 1544/443/53 1551/444/53 1550/445/53
f 1544/443/53 1545/446/53 1552/447/53 1551/444/53
f 1545/446/53 1546/448/53 1553/449/53 1552/447/53
f 1546/448/53 1547/450/53 1554/451/53 1553/449/53
f 1547/450/53 1548/452/53 1555/453/53 1554/451/53
f 1548/452/53 1549/454/53 1556/455/53 1555/453/53
f 1550/445/54 1551/444/54 1558/456/54 1557/457/54
f 1551/444/54 1552/447/54 1559/458/54 1558/456/54
f 1552/447/54 1553/449/54 1560/459/54 1559/458/54
f 1553/449/54 1554/451/54 1561/460/54 1560/459/54
f 1554/451/54 1555/453/54 1562/461/54 1561/460/54
f 1555/453/54 1556/455/54 1563/462/54 1562/461/54
f 1557/457/55 1558/456/55 1565/463/55 1564/464/55
f 1558/456/55 1559/458/55 1566/465/55 1565/463/55
f 1559/458/55 1560/459/55 1567/466/55 1566/465/55
f 1560/459/55 1561/460/55 1568/467/55 1567/466/55
f 1561/460/55 1562/461/55 1569/468/55 1568/467/55
f 1562/461/55 1563/462/55 1570/469/55 1569/468/55
f 1564/464/56 1565/463/56 1572/470/56 1571/471/56
f 1565/463/56 1566/465/56 1573/472/56 1572/470/56
f 1566/465/56 1567/466/56 1574/473/56 1573/472/56
f 1567/466/56 1568/467/56 1575/474/56 1574/473/56
f 1568/467/56 1569/468/56 1576/475/56 1575/474/56
f 1569/468/56 1570/469/56 1577/476/56 1576/475/56
f 1571/471/57 1572/470/57 1579/477/57 1578/478/57
f 1572/470/57 1573/472/57 1580/479/57 1579/477/57
f 1573/472/57 1574/473/57 1581/480/57 1580/479/57
f 1574/473/57 1575/474/57 1582/481/57 1581/480/57
f 1575/474/57 1576/475/57 1583/482/57 1582/481/57
f 1576/475/57 1577/476/57 1584/483/57 1583/482/57
f 1578/478/58 1579/477/58 1586/484/58 1585/485/58
f 1579/477/58 1580/479/58 1587/486/58 1586/484/58
f 1580/479/58 1581/480/58 1588/487/58 1587/486/58
f 1581/480/58 1582/481/58 1589/488/58 1588/487/58
f 1582/481/58 1583/482/58 1590/489/58 1589/488/58
f 1583/482/58 1584/483/58 1591/490/58 1590/489/58
f 77/436/59 261/434/59 1543/442/59 262/491/59
f 261/434/59 260/433/59 1544/443/59 1543/442/59
f 260/433/59 259/432/59 1545/446/59 1544/443/59
f 259/432/59 258/431/59 1546/448/59 1545/446/59
f 258/431/59 257/430/59 1547/450/59 1546/448/59
f 257/430/59 256/429/59 1548/452/59 1547/450/59
f 256/429/59 255/428/59 1549/454/59 1548/452/59
f 255/428/59 78/427/59 275/492/59 1549/454/59
f 1549/454/53 275/492/53 274/493/53 1556/455/53
f 1556/455/54 274/493/54 273/494/54 1563/462/54
f 1563/462/55 273/494/55 272/495/55 1570/469/55
f 1570/469/56 272/495/56 271/496/56 1577/476/56
f 1577/476/57 271/496/57 270/497/57 1584/483/57
f 1584/483/58 270/497/58 269/498/58 1591/490/58
f 1591/490/60 269/498/60 80/499/60 276/500/60
f 1590/489/60 1591/490/60 276/500/60 277/501/60
f 1589/488/60 1590/489/60 277/501/60 278/502/60
f 1588/487/60 1589/488/60 278/502/60 279/503/60
f 1587/486/60 1588/487/60 279/503/60 280/504/60
f 1586/484/60 1587/486/60 280/504/60 281/505/60
f 1585/485/60 1586/484/60 281/505/60 282/506/60
f 268/507/60 1585/485/60 282/506/60 79/508/60
f 267/509/58 1578/478/58 1585/485/58 268/507/58
f 266/510/57 1571/471/57 1578/478/57 267/509/57
f 265/511/56 1564/464/56 1571/471/56 266/510/56
f 264/512/55 1557/457/55 1564/464/55 265/511/55
f 263/513/54 1550/445/54 1557/457/54 264/512/54
f 262/491/53 1543/442/53 1550/445/53 263/513/53
f 1592/514/61 1593/515/61 1600/516/61 1599/517/61
f 1593/515/61 1594/518/61 1601/519/61 1600/516/61
f 1594/518/61 1595/520/61 1602/521/61 1601/519/61
f 1595/520/61 1596/522/61 1603/523/61 1602/521/61
f 1596/522/61 1597/524/61 1604/525/61 1603/523/61
f 1597/524/61 1598/526/61 1605/527/61 1604/525/61
f 1599/517/62 1600/516/62 1607/528/62 1606/529/62
f 1600/516/62 1601/519/62 1608/530/62 1607/528/62
f 1601/519/62 1602/521/62 1609/531/62 1608/530/62
f 1602/521/62 1603/523/62 1610/532/62 1609/531/62
f 1603/523/62 1604/525/62 1611/533/62 1610/532/62
f 1604/525/62 1605/527/62 1612/534/62 1611/533/62
f 1606/529/63 1607/528/63 1614/535/63 1613/536/63
f 1607/528/63 1608/530/63 1615/537/63 1614/535/63
f 1608/530/63 1609/531/63 1616/538/63 1615/537/63
f 1609/531/63 1610/532/63 1617/539/63 1616/538/63
f 1610/532/63 1611/533/63 1618/540/63 1617/539/63
f 1611/533/63 1612/534/63 1619/541/63 1618/540/63
f 1613/536/64 1614/535/64 1621/542/64 1620/543/64
f 1614/535/64 1615/537/64 1622/544/64 1621/542/64
f 1615/537/64 1616/538/64 1623/545/64 1622/544/64
f 1616/538/64 1617/539/64 1624/546/64 1623/545/64
f 1617/539/64 1618/540/64 1625/547/64 1624/546/64
f 1618/540/64 1619/541/64 1626/548/64 1625/547/64
f 1620/543/65 1621/542/65 1628/549/65 1627/550/65
f 1621/542/65 1622/544/65 1629/551/65 1628/549/65
f 1622/544/65 1623/545/65 1630/552/65 1629/551/65
f 1623/545/65 1624/546/65 1631/553/65 1630/552/65
f 1624/546/65 1625/547/65 1632/554/65 1631/553/65
f 1625/547/65 1626/548/65 1633/555/65 1632/554/65
f 1627/550/66 1628/549/66 1635/556/66 1634/557/66
f 1628/549/66 1629/551/66 1636/558/66 1635/556/66
f 1629/551/66 1630/552/66 1637/559/66 1636/558/66
f 1630/552/66 1631/553/66 1638/560/66 1637/559/66
f 1631/553/66 1632/554/66 1639/561/66 1638/560/66
f 1632/554/66 1633/555/66 1640/562/66 1639/561/66
f 79/508/67 282/506/67 1592/514/67 283/563/67
f 282/506/67 281/505/67 1593/515/67 1592/514/67
f 281/505/67 280/504/67 1594/518/67 1593/515/67
f 280/504/67 279/503/67 1595/520/67 1594/518/67
f 279/503/67 278/502/67 1596/522/67 1595/520/67
f 278/502/67 277/501/67 1597/524/67 1596/522/67
f 277/501/67 276/500/67 1598/526/67 1597/524/67
f 276/500/67 80/499/67 296/564/67 1598/526/67
f 1598/526/61 296/564/61 295/565/61 1605/527/61
f 1605/527/62 295/565/62 294/566/62 1612/534/62
f 1612/534/63 294/566/63 293/567/63 1619/541/63
f 1619/541/64 293/567/64 292/568/64 1626/548/64
f 1626/548/65 292/568/65 291/569/65 1633/555/65
f 1633/555/66 291/569/66 290/570/66 1640/562/66
f 1640/562/68 290/570/68 82/571/68 297/572/68
f 1639/561/68 1640/562/68 297/572/68 298/573/68
f 1638/560/68 1639/561/68 298/573/68 299/574/68
f 1637/559/68 1638/560/68 299/574/68 300/575/68
f 1636/558/68 1637/559/68 300/575/68 301/576/68
f 1635/556/68 1636/558/68 301/576/68 302/577/68
f 1634/557/68 1635/556/68 302/577/68 303/578/68
f 289/579/68 1634/557/68 303/578/68 81/580/68
f 288/581/66 1627/550/66 1634/557/66 289/579/66
f 287/582/65 1620/543/65 1627/550/65 288/581/65
f 286/583/64 1613/536/64 1620/543/64 287/582/64
f 285/584/63 1606/529/63 1613/536/63 286/583/63
f 284/585/62 1599/517/62 1606/529/62 285/584/62
f 283/563/61 1592/514/61 1599/517/61 284/585/61
f 1641/586/69 1642/587/69 1649/588/69 1648/589/69
f 1642/587/69 1643/590/69 1650/591/69 1649/588/69
f 1643/590/69 1644/592/69 1651/593/69 1650/591/69
f 1644/592/69 1645/594/69 1652/595/69 1651/593/69
f 1645/594/69 1646/596/69 1653/597/69 1652/595/69
f 1646/596/69 1647/598/69 1654/599/69 1653/597/69
f 1648/589/70 1649/588/70 1656/600/70 1655/601/70
f 1649/588/70 1650/591/70 1657/602/70 1656/600/70
f 1650/591/70 1651/593/70 1658/603/70 1657/602/70
f 1651/593/70 1652/595/70 1659/604/70 1658/603/70
f 1652/595/70 1653/597/70 1660/605/70 1659/604/70
f 1653/597/70 1654/599/70 1661/606/70 1660/605/70
f 1655/601/71 1656/600/71 1663/607/71 1662/608/71
f 1656/600/71 1657/602/71 1664/609/71 1663/607/71
f 1657/602/71 1658/603/71 1665/610/71 1664/609/71
f 1658/603/71 1659/604/71 1666/611/71 1665/610/71
f 1659/604/71 1660/605/71 1667/612/71 1666/611/71
f 1660/605/71 1661/606/71 1668/613/71 1667/612/71
f 1662/608/72 1663/607/72 1670/614/72 1669/615/72
f 1663/607/72 1664/609/72 1671/616/72 1670/614/72
f 1664/609/72 1665/610/72 1672/617/72 1671/616/72
f 1665/610/72 1666/611/72 1673/618/72 1672/617/72
f 1666/611/72 1667/612/72 1674/619/72 1673/618/72
f 1667/612/72 1668/613/72 1675/620/72 1674/619/72
f 1669/615/73 1670/614/73 1677/621/73 1676/622/73
f 1670/614/73 1671/616/73 1678/623/73 1677/621/73
f 1671/616/73 1672/617/73 1679/624/73 1678/623/73
f 1672/617/73 1673/618/73 1680/625/73 1679/624/73
f 1673/618/73 1674/619/73 1681/626/73 1680/625/73
f 1674/619/73 1675/620/73 1682/627/73 1681/626/73
f 1676/622/74 1677/621/74 1684/628/74 1683/629/74
f 1677/621/74 1678/623/74 1685/630/74 1684/628/74
f 1678/623/74 1679/624/74 1686/631/74 1685/630/74
f 1679/624/74 1680/625/74 1687/632/74 1686/631/74
f 1680/625/74 1681/626/74 1688/633/74 1687/632/74
f 1681/626/74 1682/627/74 1689/634/74 1688/633/74
f 81/580/75 303/578/75 1641/586/75 304/635/75
f 303/578/75 302/577/75 1642/587/75 1641/586/75
f 302/577/75 301/576/75 1643/590/75 1642/587/75
f 301/576/75 300/575/75 1644/592/75 1643/590/75
f 300/575/75 299/574/75 1645/594/75 1644/592/75
f 299/574/75 298/573/75 1646/596/75 1645/594/75
f 298/573/75 297/572/75 1647/598/75 1646/596/75
f 297/572/75 82/571/75 317/636/75 1647/598/75
f 1647/598/69 317/636/69 316/637/69 1654/599/69
f 1654/599/70 316/637/70 315/638/70 1661/606/70
f 1661/606/71 315/638/71 314/639/71 1668/613/71
f 1668/613/72 314/639/72 313/640/72 1675/620/72
f 1675/620/73 313/640/73 312/641/73 1682/627/73
f 1682/627/74 312/641/74 311/642/74 1689/634/74
f 1689/634/76 311/642/76 84/643/76 318/644/76
f 1688/633/76 1689/634/76 318/644/76 319/645/76
f 1687/632/76 1688/633/76 319/645/76 320/646/76
f 1686/631/76 1687/632/76 320/646/76 321/647/76
f 1685/630/76 1686/631/76 321/647/76 322/648/76
f 1684/628/76 1685/630/76 322/648/76 323/649/76
f 1683/629/76 1684/628/76 323/649/76 324/650/76
f 310/651/76 1683/629/76 324/650/76 83/652/76
f 309/653/74 1676/622/74 1683/629/74 310/651/74
f 308/654/73 1669/615/73 1676/622/73 309/653/73
f 307/655/72 1662/608/72 1669/615/72 308/654/72
f 306/656/71 1655/601/71 1662/608/71 307/655/71
f 305/657/70 1648/589/70 1655/601/70 306/656/70
f 304/635/69 1641/586/69 1648/589/69 305/657/69
f 1690/658/77 1691/659/77 1698/660/77 1697/661/77
f 1691/659/77 1692/662/77 1699/663/77 1698/660/77
f 1692/662/77 1693/664/77 1700/665/77 1699/663/77
f 1693/664/77 1694/666/77 1701/667/77 1700/665/77
f 1694/666/77 1695/668/77 1702/669/77 1701/667/77
f 1695/668/77 1696/670/77 1703/671/77 1702/669/77
f 1697/661/78 1698/660/78 1705/672/78 1704/673/78
f 1698/660/78 1699/663/78 1706/674/78 1705/672/78
f 1699/663/78 1700/665/78 1707/675/78 1706/674/78
f 1700/665/78 1701/667/78 1708/676/78 1707/675/78
f 1701/667/78 1702/669/78 1709/677/78 1708/676/78
f 1702/669/78 1703/671/78 1710/678/78 1709/677/78
f 1704/673/79 1705/672/79 1712/679/79 1711/680/79
f 1705/672/79 1706/674/79 1713/681/79 1712/679/79
f 1706/674/79 1707/675/79 1714/682/79 1713/681/79
f 1707/675/79 1708/676/79 1715/683/79 1714/682/79
f 1708/676/79 1709/677/79 1716/684/79 1715/683/79
f 1709/677/79 1710/678/79 1717/685/79 1716/684/79
f 1711/680/80 1712/679/80 1719/686/80 1718/687/80
f 1712/679/80 1713/681/80 1720/688/80 1719/686/80
f 1713/681/80 1714/682/80 1721/689/80 1720/688/80
f 1714/682/80 1715/683/80 1722/690/80 1721/689/80
f 1715/683/80 1716/684/80 1723/691/80 1722/690/80
f 1716/684/80 1717/685/80 1724/692/80 1723/691/80
f 1718/687/81 1719/686/81 1726/693/81 1725/694/81
f 1719/686/81 1720/688/81 1727/695/81 1726/693/81
f 1720/688/81 1721/689/81 1728/696/81 1727/695/81
f 1721/689/81 1722/690/81 1729/697/81 1728/696/81
f 1722/690/81 1723/691/81 1730/698/81 1729/697/81
f 1723/691/81 1724/692/81 1731/699/81 1730/698/81
f 1725/694/82 1726/693/82 1733/700/82 1732/701/82
f 1726/693/82 1727/695/82 1734/702/82 1733/700/82
f 1727/695/82 1728/696/82 1735/703/82 1734/702/82
f 1728/696/82 1729/697/82 1736/704/82 1735/703/82
f 1729/697/82 1730/698/82 1737/705/82 1736/704/82
f 1730/698/82 1731/699/82 1738/706/82 1737/705/82
f 83/652/83 324/650/83 1690/658/83 325/707/83
f 324/650/83 323/649/83 1691/659/83 1690/658/83
f 323/649/83 322/648/83 1692/662/83 1691/659/83
f 322/648/83 321/647/83 1693/664/83 1692/662/83
f 321/647/84 320/646/84 1694/666/84 1693/664/84
f 320/646/83 319/645/83 1695/668/83 1694/666/83
f 319/645/83 318/644/83 1696/670/83 1695/668/83
f 318/644/83 84/643/83 338/708/83 1696/670/83
f 1696/670/77 338/708/77 337/709/77 1703/671/77
f 1703/671/78 337/709/78 336/710/78 1710/678/78
f 1710/678/79 336/710/79 335/711/79 1717/685/79
f 1717/685/80 335/711/80 334/712/80 1724/692/80
f 1724/692/81 334/712/81 333/713/81 1731/699/81
f 1731/699/82 333/713/82 332/714/82 1738/706/82
f 1738/706/85 332/714/85 86/715/85 339/716/85
f 1737/705/85 1738/706/85 339/716/85 340/717/85
f 1736/704/85 1737/705/85 340/717/85 341/718/85
f 1735/703/85 1736/704/85 341/718/85 342/719/85
f 1734/702/85 1735/703/85 342/719/85 343/720/85
f 1733/700/85 1734/702/85 343/720/85 344/721/85
f 1732/701/85 1733/700/85 344/721/85 345/722/85
f 331/723/85 1732/701/85 345/722/85 85/724/85
f 330/725/82 1725/694/82 1732/701/82 331/723/82
f 329/726/81 1718/687/81 1725/694/81 330/725/81
f 328/727/80 1711/680/80 1718/687/80 329/726/80
f 327/728/79 1704/673/79 1711/680/79 328/727/79
f 326/729/78 1697/661/78 1704/673/78 327/728/78
f 325/707/77 1690/658/77 1697/661/77 326/729/77
f 1739/730/86 1740/731/86 1747/732/86 1746/733/86
f 1740/731/86 1741/734/86 1748/735/86 1747/732/86
f 1741/734/86 1742/736/86 1749/737/86 1748/735/86
f 1742/736/86 1743/738/86 1750/739/86 1749/737/86
f 1743/738/86 1744/740/86 1751/741/86 1750/739/86
f 1744/740/86 1745/742/86 1752/743/86 1751/741/86
f 1746/733/87 1747/732/87 1754/744/87 1753/745/87
f 1747/732/87 1748/735/87 1755/746/87 1754/744/87
f 1748/735/87 1749/737/87 1756/747/87 1755/746/87
f 1749/737/87 1750/739/87 1757/748/87 1756/747/87
f 1750/739/87 1751/741/87 1758/749/87 1757/748/87
f 1751/741/87 1752/743/87 1759/750/87 1758/749/87
f 1753/745/88 1754/744/88 1761/751/88 1760/752/88
f 1754/744/88 1755/746/88 1762/753/88 1761/751/88
f 1755/746/88 1756/747/88 1763/754/88 1762/753/88
f 1756/747/88 1757/748/88 1764/755/88 1763/754/88
f 1757/748/88 1758/749/88 1765/756/88 1764/755/88
f 1758/749/88 1759/750/88 1766/757/88 1765/756/88
f 1760/752/89 1761/751/89 1768/758/89 1767/759/89
f 1761/751/89 1762/753/89 1769/760/89 1768/758/89
f 1762/753/89 1763/754/89 1770/761/89 1769/760/89
f 1763/754/89 1764/755/89 1771/762/89 1770/761/89
f 1764/755/89 1765/756/89 1772/763/89 1771/762/89
f 1765/756/89 1766/757/89 1773/764/89 1772/763/89
f 1767/759/90 1768/758/90 1775/765/90 1774/766/90
f 1768/758/90 1769/760/90 1776/767/90 1775/765/90
f 1769/760/90 1770/761/90 1777/768/90 1776/767/90
f 1770/761/90 1771/762/90 1778/769/90 1777/768/90
f 1771/762/90 1772/763/90 1779/770/90 1778/769/90
f 1772/763/90 1773/764/90 1780/771/90 1779/770/90
f 1774/766/91 1775/765/91 1782/772/91 1781/773/91
f 1775/765/91 1776/767/91 1783/774/91 1782/772/91
f 1776/767/91 1777/768/91 1784/775/91 1783/774/91
f 1777/768/91 1778/769/91 1785/776/91 1784/775/91
f 1778/769/91 1779/770/91 1786/777/91 1785/776/91
f 1779/770/91 1780/771/91 1787/778/91 1786/777/91
f 85/724/92 345/722/92 1739/730/92 346/779/92
f 345/722/92 344/721/92 1740/731/92 1739/730/92
f 344/721/92 343/720/92 1741/734/92 1740/731/92
f 343/720/92 342/719/92 1742/736/92 1741/734/92
f 342/719/92 341/718/92 1743/738/92 1742/736/92
f 341/718/92 340/717/92 1744/740/92 1743/738/92
f 340/717/92 339/716/92 1745/742/92 1744/740/92
f 339/716/92 86/715/92 359/780/92 1745/742/92
f 1745/742/86 359/780/86 358/781/86 1752/743/86
f 1752/743/87 358/781/87 357/782/87 1759/750/87
f 1759/750/88 357/782/88 356/783/88 1766/757/88
f 1766/757/89 356/783/89 355/784/89 1773/764/89
f 1773/764/90 355/784/90 354/785/90 1780/771/90
f 1780/771/91 354/785/91 353/786/91 1787/778/91
f 1787/778/93 353/786/93 88/787/93 360/788/93
f 1786/777/93 1787/778/93 360/788/93 361/789/93
f 1785/776/93 1786/777/93 361/789/93 362/790/93
f 1784/775/93 1785/776/93 362/790/93 363/791/93
f 1783/774/93 1784/775/93 363/791/93 364/792/93
f 1782/772/93 1783/774/93 364/792/93 365/793/93
f 1781/773/93 1782/772/93 365/793/93 366/794/93
f 352/795/93 1781/773/93 366/794/93 87/796/93
f 351/797/91 1774/766/91 1781/773/91 352/795/91
f 350/798/90 1767/759/90 1774/766/90 351/797/90
f 349/799/89 1760/752/89 1767/759/89 350/798/89
f 348/800/88 1753/745/88 1760/752/88 349/799/88
f 347/801/87 1746/733/87 1753/745/87 348/800/87
f 346/779/86 1739/730/86 1746/733/86 347/801/86
f 1788/802/94 1789/803/94 1796/804/94 1795/805/94
f 1789/803/94 1790/806/94 1797/807/94 1796/804/94
f 1790/806/94 1791/808/94 1798/809/94 1797/807/94
f 1791/808/94 1792/810/94 1799/811/94 1798/809/94
f 1792/810/94 1793/812/94 1800/813/94 1799/811/94
f 1793/812/94 1794/814/94 1801/815/94 1800/813/94
f 1795/805/95 1796/804/95 1803/816/95 1802/817/95
f 1796/804/96 1797/807/96 1804/818/96 1803/816/96
f 1797/807/95 1798/809/95 1805/819/95 1804/818/95
f 1798/809/96 1799/811/96 1806/820/96 1805/819/96
f 1799/811/95 1800/813/95 1807/821/95 1806/820/95
f 1800/813/95 1801/815/95 1808/822/95 1807/821/95
f 1802/817/97 1803/816/97 1810/823/97 1809/824/97
f 1803/816/97 1804/818/97 1811/825/97 1810/823/97
f 1804/818/97 1805/819/97 1812/826/97 1811/825/97
f 1805/819/97 1806/820/97 1813/827/97 1812/826/97
f 1806/820/97 1807/821/97 1814/828/97 1813/827/97
f 1807/821/97 1808/822/97 1815/829/97 1814/828/97
f 1809/824/98 1810/823/98 1817/830/98 1816/831/98
f 1810/823/98 1811/825/98 1818/832/98 1817/830/98
f 1811/825/98 1812/826/98 1819/833/98 1818/832/98
f 1812/826/98 1813/827/98 1820/834/98 1819/833/98
f 1813/827/98 1814/828/98 1821/835/98 1820/834/98
f 1814/828/98 1815/829/98 1822/836/98 1821/835/98
f 1816/831/99 1817/830/99 1824/837/99 1823/838/99
f 1817/830/99 1818/832/99 1825/839/99 1824/837/99
f 1818/832/99 1819/833/99 1826/840/99 1825/839/99
f 1819/833/99 1820/834/99 1827/841/99 1826/840/99
f 1820/834/99 1821/835/99 1828/842/99 1827/841/99
f 1821/835/99 1822/836/99 1829/843/99 1828/842/99
f 1823/838/100 1824/837/100 1831/844/100 1830/845/100
f 1824/837/100 1825/839/100 1832/846/100 1831/844/100
f 1825/839/100 1826/840/100 1833/847/100 1832/846/100
f 1826/840/100 1827/841/100 1834/848/100 1833/847/100
f 1827/841/100 1828/842/100 1835/849/100 1834/848/100
f 1828/842/100 1829/843/100 1836/850/100 1835/849/100
f 87/796/101 366/794/101 1788/802/101 367/851/101
f 366/794/101 365/793/101 1789/803/101 1788/802/101
f 365/793/101 364/792/101 1790/806/101 1789/803/101
f 364/792/101 363/791/101 1791/808/101 1790/806/101
f 363/791/101 362/790/101 1792/810/101 1791/808/101
f 362/790/101 361/789/101 1793/812/101 1792/810/101
f 361/789/101 360/788/101 1794/814/101 1793/812/101
f 360/788/101 88/787/101 380/852/101 1794/814/101
f 1794/814/94 380/852/94 379/853/94 1801/815/94
f 1801/815/95 379/853/95 378/854/95 1808/822/95
f 1808/822/97 378/854/97 377/855/97 1815/829/97
f 1815/829/98 377/855/98 376/856/98 1822/836/98
f 1822/836/99 376/856/99 375/857/99 1829/843/99
f 1829/843/100 375/857/100 374/858/100 1836/850/100
f 1836/850/102 374/858/102 90/859/102 381/860/102
f 1835/849/102 1836/850/102 381/860/102 382/861/102
f 1834/848/103 1835/849/103 382/861/103 383/862/103
f 1833/847/103 1834/848/103 383/862/103 384/863/103
f 1832/846/103 1833/847/103 384/863/103 385/864/103
f 1831/844/102 1832/846/102 385/864/102 386/865/102
f 1830/845/102 1831/844/102 386/865/102 387/866/102
f 373/867/103 1830/845/103 387/866/103 89/868/103
f 372/869/100 1823/838/100 1830/845/100 373/867/100
f 371/870/99 1816/831/99 1823/838/99 372/869/99
f 370/871/98 1809/824/98 1816/831/98 371/870/98
f 369/872/97 1802/817/97 1809/824/97 370/871/97
f 368/873/95 1795/805/95 1802/817/95 369/872/95
f 367/851/94 1788/802/94 1795/805/94 368/873/94
f 1837/874/104 1838/875/104 1845/876/104 1844/877/104
f 1838/875/104 1839/878/104 1846/879/104 1845/876/104
f 1839/878/104 1840/880/104 1847/881/104 1846/879/104
f 1840/880/104 1841/882/104 1848/883/104 1847/881/104
f 1841/882/104 1842/884/104 1849/885/104 1848/883/104
f 1842/884/104 1843/886/104 1850/887/104 1849/885/104
f 1844/877/105 1845/876/105 1852/888/105 1851/889/105
f 1845/876/105 1846/879/105 1853/890/105 1852/888/105
f 1846/879/105 1847/881/105 1854/891/105 1853/890/105
f 1847/881/105 1848/883/105 1855/892/105 1854/891/105
f 1848/883/105 1849/885/105 1856/893/105 1855/892/105
f 1849/885/105 1850/887/105 1857/894/105 1856/893/105
f 1851/889/106 1852/888/106 1859/895/106 1858/896/106
f 1852/888/106 1853/890/106 1860/897/106 1859/895/106
f 1853/890/106 1854/891/106 1861/898/106 1860/897/106
f 1854/891/106 1855/892/106 1862/899/106 1861/898/106
f 1855/892/106 1856/893/106 1863/900/106 1862/899/106
f 1856/893/106 1857/894/106 1864/901/106 1863/900/106
f 1858/896/107 1859/895/107 1866/902/107 1865/903/107
f 1859/895/107 1860/897/107 1867/904/107 1866/902/107
f 1860/897/107 1861/898/107 1868/905/107 1867/904/107
f 1861/898/107 1862/899/107 1869/906/107 1868/905/107
f 1862/899/107 1863/900/107 1870/907/107 1869/906/107
f 1863/900/107 1864/901/107 1871/908/107 1870/907/107
f 1865/903/108 1866/902/108 1873/909/108 1872/910/108
f 1866/902/109 1867/904/109 1874/911/109 1873/909/109
f 1867/904/109 1868/905/109 1875/912/109 1874/911/109
f 1868/905/109 1869/906/109 1876/913/109 1875/912/109
f 1869/906/109 1870/907/109 1877/914/109 1876/913/109
f 1870/907/108 1871/908/108 1878/915/108 1877/914/108
f 1872/910/110 1873/909/110 1880/916/110 1879/917/110
f 1873/909/110 1874/911/110 1881/918/110 1880/916/110
f 1874/911/110 1875/912/110 1882/919/110 1881/918/110
f 1875/912/110 1876/913/110 1883/920/110 1882/919/110
f 1876/913/110 1877/914/110 1884/921/110 1883/920/110
f 1877/914/110 1878/915/110 1885/922/110 1884/921/110
f 89/868/111 387/866/111 1837/874/111 388/923/111
f 387/866/112 386/865/112 1838/875/112 1837/874/112
f 386/865/111 385/864/111 1839/878/111 1838/875/111
f 385/864/111 384/863/111 1840/880/111 1839/878/111
f 384/863/111 383/862/111 1841/882/111 1840/880/111
f 383/862/111 382/861/111 1842/884/111 1841/882/111
f 382/861/111 381/860/111 1843/886/111 1842/884/111
f 381/860/111 90/859/111 401/924/111 1843/886/111
f 1843/886/104 401/924/104 400/925/104 1850/887/104
f 1850/887/105 400/925/105 399/926/105 1857/894/105
f 1857/894/106 399/926/106 398/927/106 1864/901/106
f 1864/901/107 398/927/107 397/928/107 1871/908/107
f 1871/908/108 397/928/108 396/929/108 1878/915/108
f 1878/915/110 396/929/110 395/930/110 1885/922/110
f 1885/922/113 395/930/113 92/931/113 402/932/113
f 1884/921/113 1885/922/113 402/932/113 403/933/113
f 1883/920/113 1884/921/113 403/933/113 404/934/113
f 1882/919/113 1883/920/113 404/934/113 405/935/113
f 1881/918/113 1882/919/113 405/935/113 406/936/113
f 1880/916/113 1881/918/113 406/936/113 407/937/113
f 1879/917/113 1880/916/113 407/937/113 408/938/113
f 394/939/113 1879/917/113 408/938/113 91/940/113
f 393/941/110 1872/910/110 1879/917/110 394/939/110
f 392/942/109 1865/903/109 1872/910/109 393/941/109
f 391/943/107 1858/896/107 1865/903/107 392/942/107
f 390/944/106 1851/889/106 1858/896/106 391/943/106
f 389/945/105 1844/877/105 1851/889/105 390/944/105
f 388/923/104 1837/874/104 1844/877/104 389/945/104
f 1886/946/114 1887/947/114 1894/948/114 1893/949/114
f 1887/947/114 1888/950/114 1895/951/114 1894/948/114
f 1888/950/114 1889/952/114 1896/953/114 1895/951/114
f 1889/952/114 1890/954/114 1897/955/114 1896/953/114
f 1890/954/114 1891/956/114 1898/957/114 1897/955/114
f 1891/956/114 1892/958/114 1899/959/114 1898/957/114
f 1893/949/115 1894/948/115 1901/960/115 1900/961/115
f 1894/948/115 1895/951/115 1902/962/115 1901/960/115
f 1895/951/115 1896/953/115 1903/963/115 1902/962/115
f 1896/953/115 1897/955/115 1904/964/115 1903/963/115
f 1897/955/115 1898/957/115 1905/965/115 1904/964/115
f 1898/957/115 1899/959/115 1906/966/115 1905/965/115
f 1900/961/116 1901/960/116 1908/967/116 1907/968/116
f 1901/960/116 1902/962/116 1909/969/116 1908/967/116
f 1902/962/116 1903/963/116 1910/970/116 1909/969/116
f 1903/963/116 1904/964/116 1911/971/116 1910/970/116
f 1904/964/116 1905/965/116 1912/972/116 1911/971/116
f 1905/965/116 1906/966/116 1913/973/116 1912/972/116
f 1907/968/117 1908/967/117 1915/974/117 1914/975/117
f 1908/967/117 1909/969/117 1916/976/117 1915/974/117
f 1909/969/117 1910/970/117 1917/977/117 1916/976/117
f 1910/970/117 1911/971/117 1918/978/117 1917/977/117
f 1911/971/117 1912/972/117 1919/979/117 1918/978/117
f 1912/972/117 1913/973/117 1920/980/117 1919/979/117
f 1914/975/118 1915/974/118 1922/981/118 1921/982/118
f 1915/974/118 1916/976/118 1923/983/118 1922/981/118
f 1916/976/118 1917/977/118 1924/984/118 1923/983/118
f 1917/977/118 1918/978/118 1925/985/118 1924/984/118
f 1918/978/118 1919/979/118 1926/986/118 1925/985/118
f 1919/979/118 1920/980/118 1927/987/118 1926/986/118
f 1921/982/119 1922/981/119 1929/988/119 1928/989/119
f 1922/981/119 1923/983/119 1930/990/119 1929/988/119
f 1923/983/119 1924/984/119 1931/991/119 1930/990/119
f 1924/984/119 1925/985/119 1932/992/119 1931/991/119
f 1925/985/119 1926/986/119 1933/993/119 1932/992/119
f 1926/986/119 1927/987/119 1934/994/119 1933/993/119
f 91/940/120 408/938/120 1886/946/120 409/995/120
f 408/938/120 407/937/120 1887/947/120 1886/946/120
f 407/937/120 406/936/120 1888/950/120 1887/947/120
f 406/936/120 405/935/120 1889/952/120 1888/950/120
f 405/935/120 404/934/120 1890/954/120 1889/952/120
f 404/934/120 403/933/120 1891/956/120 1890/954/120
f 403/933/120 402/932/120 1892/958/120 1891/956/120
f 402/932/120 92/931/120 422/996/120 1892/958/120
f 1892/958/114 422/996/114 421/997/114 1899/959/114
f 1899/959/115 421/997/115 420/998/115 1906/966/115
f 1906/966/116 420/998/116 419/999/116 1913/973/116
f 1913/973/117 419/999/117 418/1000/117 1920/980/117
f 1920/980/118 418/1000/118 417/1001/118 1927/987/118
f 1927/987/119 417/1001/119 416/1002/119 1934/994/119
f 1934/994/121 416/1002/121 94/1003/121 423/1004/121
f 1933/993/121 1934/994/121 423/1004/121 424/1005/121
f 1932/992/121 1933/993/121 424/1005/121 425/1006/121
f 1931/991/121 1932/992/121 425/1006/121 426/1007/121
f 1930/990/121 1931/991/121 426/1007/121 427/1008/121
f 1929/988/121 1930/990/121 427/1008/121 428/1009/121
f 1928/989/121 1929/988/121 428/1009/121 429/1010/121
f 415/1011/121 1928/989/121 429/1010/121 93/1012/121
f 414/1013/119 1921/982/119 1928/989/119 415/1011/119
f 413/1014/118 1914/975/118 1921/982/118 414/1013/118
f 412/1015/117 1907/968/117 1914/975/117 413/1014/117
f 411/1016/116 1900/961/116 1907/968/116 412/1015/116
f 410/1017/115 1893/949/115 1900/961/115 411/1016/115
f 409/995/114 1886/946/114 1893/949/114 410/1017/114
f 1935/1018/122 1936/1019/122 1943/1020/122 1942/1021/122
f 1936/1019/122 1937/1022/122 1944/1023/122 1943/1020/122
f 1937/1022/122 1938/1024/122 1945/1025/122 1944/1023/122
f 1938/1024/122 1939/1026/122 1946/1027/122 1945/1025/122
f 1939/1026/122 1940/1028/122 1947/1029/122 1946/1027/122
f 1940/1028/122 1941/1030/122 1948/1031/122 1947/1029/122
f 1942/1021/123 1943/1020/123 1950/1032/123 1949/1033/123
f 1943/1020/123 1944/1023/123 1951/1034/123 1950/1032/123
f 1944/1023/123 1945/1025/123 1952/1035/123 1951/1034/123
f 1945/1025/123 1946/1027/123 1953/1036/123 1952/1035/123
f 1946/1027/123 1947/1029/123 1954/1037/123 1953/1036/123
f 1947/1029/123 1948/1031/123 1955/1038/123 1954/1037/123
f 1949/1033/124 1950/1032/124 1957/1039/124 1956/1040/124
f 1950/1032/124 1951/1034/124 1958/1041/124 1957/1039/124
f 1951/1034/124 1952/1035/124 1959/1042/124 1958/1041/124
f 1952/1035/124 1953/1036/124 1960/1043/124 1959/1042/124
f 1953/1036/124 1954/1037/124 1961/1044/124 1960/1043/124
f 1954/1037/124 1955/1038/124 1962/1045/124 1961/1044/124
f 1956/1040/125 1957/1039/125 1964/1046/125 1963/1047/125
f 1957/1039/125 1958/1041/125 1965/1048/125 1964/1046/125
f 1958/1041/125 1959/1042/125 1966/1049/125 1965/1048/125
f 1959/1042/125 1960/1043/125 1967/1050/125 1966/1049/125
f 1960/1043/125 1961/1044/125 1968/1051/125 1967/1050/125
f 1961/1044/125 1962/1045/125 1969/1052/125 1968/1051/125
f 1963/1047/126 1964/1046/126 1971/1053/126 1970/1054/126
f 1964/1046/126 1965/1048/126 1972/1055/126 1971/1053/126
f 1965/1048/126 1966/1049/126 1973/1056/126 1972/1055/126
f 1966/1049/126 1967/1050/126 1974/1057/126 1973/1056/126
f 1967/1050/126 1968/1051/126 1975/1058/126 1974/1057/126
f 1968/1051/126 1969/1052/126 1976/1059/126 1975/1058/126
f 1970/1054/127 1971/1053/127 1978/1060/127 1977/1061/127
f 1971/1053/127 1972/1055/127 1979/1062/127 1978/1060/127
f 1972/1055/127 1973/1056/127 1980/1063/127 1979/1062/127
f 1973/1056/127 1974/1057/127 1981/1064/127 1980/1063/127
f 1974/1057/127 1975/1058/127 1982/1065/127 1981/1064/127
f 1975/1058/127 1976/1059/127 1983/1066/127 1982/1065/127
f 93/1012/128 429/1010/128 1935/1018/128 430/1067/128
f 429/1010/128 428/1009/128 1936/1019/128 1935/1018/128
f 428/1009/128 427/1008/128 1937/1022/128 1936/1019/128
f 427/1008/128 426/1007/128 1938/1024/128 1937/1022/128
f 426/1007/128 425/1006/128 1939/1026/128 1938/1024/128
f 425/1006/128 424/1005/128 1940/1028/128 1939/1026/128
f 424/1005/128 423/1004/128 1941/1030/128 1940/1028/128
f 423/1004/128 94/1003/128 443/1068/128 1941/1030/128
f 1941/1030/122 443/1068/122 442/1069/122 1948/1031/122
f 1948/1031/123 442/1069/123 441/1070/123 1955/1038/123
f 1955/1038/124 441/1070/124 440/1071/124 1962/1045/124
f 1962/1045/125 440/1071/125 439/1072/125 1969/1052/125
f 1969/1052/126 439/1072/126 438/1073/126 1976/1059/126
f 1976/1059/127 438/1073/127 437/1074/127 1983/1066/127
f 1983/1066/129 437/1074/129 96/1075/129 444/1076/129
f 1982/1065/129 1983/1066/129 444/1076/129 445/1077/129
f 1981/1064/129 1982/1065/129 445/1077/129 446/1078/129
f 1980/1063/129 1981/1064/129 446/1078/129 447/1079/129
f 1979/1062/129 1980/1063/129 447/1079/129 448/1080/129
f 1978/1060/129 1979/1062/129 448/1080/129 449/1081/129
f 1977/1061/129 1978/1060/129 449/1081/129 450/1082/129
f 436/1083/129 1977/1061/129 450/1082/129 95/1084/129
f 435/1085/127 1970/1054/127 1977/1061/127 436/1083/127
f 434/1086/126 1963/1047/126 1970/1054/126 435/1085/126
f 433/1087/125 1956/1040/125 1963/1047/125 434/1086/125
f 432/1088/124 1949/1033/124 1956/1040/124 433/1087/124
f 431/1089/123 1942/1021/123 1949/1033/123 432/1088/123
f 430/1067/122 1935/1018/122 1942/1021/122 431/1089/122
f 1984/1090/130 1985/1091/130 1992/1092/130 1991/1093/130
f 1985/1091/130 1986/1094/130 1993/1095/130 1992/1092/130
f 1986/1094/130 1987/1096/130 1994/1097/130 1993/1095/130
f 1987/1096/130 1988/1098/130 1995/1099/130 1994/1097/130
f 1988/1098/130 1989/1100/130 1996/1101/130 1995/1099/130
f 1989/1100/130 1990/1102/130 1997/1103/130 1996/1101/130
f 1991/1093/131 1992/1092/131 1999/1104/131 1998/1105/131
f 1992/1092/131 1993/1095/131 2000/1106/131 1999/1104/131
f 1993/1095/131 1994/1097/131 2001/1107/131 2000/1106/131
f 1994/1097/131 1995/1099/131 2002/1108/131 2001/1107/131
f 1995/1099/131 1996/1101/131 2003/1109/131 2002/1108/131
f 1996/1101/131 1997/1103/131 2004/1110/131 2003/1109/131
f 1998/1105/132 1999/1104/132 2006/1111/132 2005/1112/132
f 1999/1104/132 2000/1106/132 2007/1113/132 2006/1111/132
f 2000/1106/132 2001/1107/132 2008/1114/132 2007/1113/132
f 2001/1107/132 2002/1108/132 2009/1115/132 2008/1114/132
f 2002/1108/132 2003/1109/132 2010/1116/132 2009/1115/132
f 2003/1109/132 2004/1110/132 2011/1117/132 2010/1116/132
f 2005/1112/133 2006/1111/133 2013/1118/133 2012/1119/133
f 2006/1111/133 2007/1113/133 2014/1120/133 2013/1118/133
f 2007/1113/133 2008/1114/133 2015/1121/133 2014/1120/133
f 2008/1114/133 2009/1115/133 2016/1122/133 2015/1121/133
f 2009/1115/133 2010/1116/133 2017/1123/133 2016/1122/133
f 2010/1116/133 2011/1117/133 2018/1124/133 2017/1123/133
f 2012/1119/134 2013/1118/134 2020/1125/134 2019/1126/134
f 2013/1118/134 2014/1120/134 2021/1127/134 2020/1125/134
f 2014/1120/134 2015/1121/134 2022/1128/134 2021/1127/134
f 2015/1121/134 2016/1122/134 2023/1129/134 2022/1128/134
f 2016/1122/134 2017/1123/134 2024/1130/134 2023/1129/134
f 2017/1123/134 2018/1124/134 2025/1131/134 2024/1130/134
f 2019/1126/135 2020/1125/135 2027/1132/135 2026/1133/135
f 2020/1125/135 2021/1127/135 2028/1134/135 2027/1132/135
f 2021/1127/135 2022/1128/135 2029/1135/135 2028/1134/135
f 2022/1128/135 2023/1129/135 2030/1136/135 2029/1135/135
f 2023/1129/135 2024/1130/135 2031/1137/135 2030/1136/135
f 2024/1130/135 2025/1131/135 2032/1138/135 2031/1137/135
f 95/1084/136 450/1082/136 1984/1090/136 451/1139/136
f 450/1082/136 449/1081/136 1985/1091/136 1984/1090/136
f 449/1081/136 448/1080/136 1986/1094/136 1985/1091/136
f 448/1080/136 447/1079/136 1987/1096/136 1986/1094/136
f 447/1079/136 446/1078/136 1988/1098/136 1987/1096/136
f 446/1078/136 445/1077/136 1989/1100/136 1988/1098/136
f 445/1077/136 444/1076/136 1990/1102/136 1989/1100/136
f 444/1076/136 96/1075/136 464/1140/136 1990/1102/136
f 1990/1102/130 464/1140/130 463/1141/130 1997/1103/130
f 1997/1103/131 463/1141/131 462/1142/131 2004/1110/131
f 2004/1110/132 462/1142/132 461/1143/132 2011/1117/132
f 2011/1117/133 461/1143/133 460/1144/133 2018/1124/133
f 2018/1124/134 460/1144/134 459/1145/134 2025/1131/134
f 2025/1131/135 459/1145/135 458/1146/135 2032/1138/135
f 2032/1138/137 458/1146/137 98/1147/137 465/1148/137
f 2031/1137/137 2032/1138/137 465/1148/137 466/1149/137
f 2030/1136/137 2031/1137/137 466/1149/137 467/1150/137
f 2029/1135/137 2030/1136/137 467/1150/137 468/1151/137
f 2028/1134/137 2029/1135/137 468/1151/137 469/1152/137
f 2027/1132/137 2028/1134/137 469/1152/137 470/1153/137
f 2026/1133/137 2027/1132/137 470/1153/137 471/1154/137
f 457/1155/137 2026/1133/137 471/1154/137 97/1156/137
f 456/1157/135 2019/1126/135 2026/1133/135 457/1155/135
f 455/1158/134 2012/1119/134 2019/1126/134 456/1157/134
f 454/1159/133 2005/1112/133 2012/1119/133 455/1158/133
f 453/1160/132 1998/1105/132 2005/1112/132 454/1159/132
f 452/1161/131 1991/1093/131 1998/1105/131 453/1160/131
f 451/1139/130 1984/1090/130 1991/1093/130 452/1161/130
f 2033/1162/138 2034/1163/138 2041/1164/138 2040/1165/138
f 2034/1163/138 2035/1166/138 2042/1167/138 2041/1164/138
f 2035/1166/138 2036/1168/138 2043/1169/138 2042/1167/138
f 2036/1168/138 2037/1170/138 2044/1171/138 2043/1169/138
f 2037/1170/138 2038/1172/138 2045/1173/138 2044/1171/138
f 2038/1172/138 2039/1174/138 2046/1175/138 2045/1173/138
f 2040/1165/139 2041/1164/139 2048/1176/139 2047/1177/139
f 2041/1164/139 2042/1167/139 2049/1178/139 2048/1176/139
f 2042/1167/139 2043/1169/139 2050/1179/139 2049/1178/139
f 2043/1169/139 2044/1171/139 2051/1180/139 2050/1179/139
f 2044/1171/139 2045/1173/139 2052/1181/139 2051/1180/139
f 2045/1173/139 2046/1175/139 2053/1182/139 2052/1181/139
f 2047/1177/140 2048/1176/140 2055/1183/140 2054/1184/140
f 2048/1176/140 2049/1178/140 2056/1185/140 2055/1183/140
f 2049/1178/140 2050/1179/140 2057/1186/140 2056/1185/140
f 2050/1179/140 2051/1180/140 2058/1187/140 2057/1186/140
f 2051/1180/140 2052/1181/140 2059/1188/140 2058/1187/140
f 2052/1181/140 2053/1182/140 2060/1189/140 2059/1188/140
f 2054/1184/141 2055/1183/141 2062/1190/141 2061/1191/141
f 2055/1183/141 2056/1185/141 2063/1192/141 2062/1190/141
f 2056/1185/141 2057/1186/141 2064/1193/141 2063/1192/141
f 2057/1186/141 2058/1187/141 2065/1194/141 2064/1193/141
f 2058/1187/141 2059/1188/141 2066/1195/141 2065/1194/141
f 2059/1188/141 2060/1189/141 2067/1196/141 2066/1195/141
f 2061/1191/142 2062/1190/142 2069/1197/142 2068/1198/142
f 2062/1190/142 2063/1192/142 2070/1199/142 2069/1197/142
f 2063/1192/142 2064/1193/142 2071/1200/142 2070/1199/142
f 2064/1193/142 2065/1194/142 2072/1201/142 2071/1200/142
f 2065/1194/142 2066/1195/142 2073/1202/142 2072/1201/142
f 2066/1195/142 2067/1196/142 2074/1203/142 2073/1202/142
f 2068/1198/143 2069/1197/143 2076/1204/143 2075/1205/143
f 2069/1197/143 2070/1199/143 2077/1206/143 2076/1204/143
f 2070/1199/143 2071/1200/143 2078/1207/143 2077/1206/143
f 2071/1200/143 2072/1201/143 2079/1208/143 2078/1207/143
f 2072/1201/143 2073/1202/143 2080/1209/143 2079/1208/143
f 2073/1202/143 2074/1203/143 2081/1210/143 2080/1209/143
f 97/1156/144 471/1154/144 2033/1162/144 472/1211/144
f 471/1154/144 470/1153/144 2034/1163/144 2033/1162/144
f 470/1153/144 469/1152/144 2035/1166/144 2034/1163/144
f 469/1152/144 468/1151/144 2036/1168/144 2035/1166/144
f 468/1151/144 467/1150/144 2037/1170/144 2036/1168/144
f 467/1150/144 466/1149/144 2038/1172/144 2037/1170/144
f 466/1149/144 465/1148/144 2039/1174/144 2038/1172/144
f 465/1148/144 98/1147/144 485/1212/144 2039/1174/144
f 2039/1174/138 485/1212/138 484/1213/138 2046/1175/138
f 2046/1175/139 484/1213/139 483/1214/139 2053/1182/139
f 2053/1182/140 483/1214/140 482/1215/140 2060/1189/140
f 2060/1189/141 482/1215/141 481/1216/141 2067/1196/141
f 2067/1196/142 481/1216/142 480/1217/142 2074/1203/142
f 2074/1203/143 480/1217/143 479/1218/143 2081/1210/143
f 2081/1210/145 479/1218/145 100/1219/145 486/1220/145
f 2080/1209/145 2081/1210/145 486/1220/145 487/1221/145
f 2079/1208/145 2080/1209/145 487/1221/145 488/1222/145
f 2078/1207/145 2079/1208/145 488/1222/145 489/1223/145
f 2077/1206/145 2078/1207/145 489/1223/145 490/1224/145
f 2076/1204/145 2077/1206/145 490/1224/145 491/1225/145
f 2075/1205/145 2076/1204/145 491/1225/145 492/1226/145
f 478/1227/145 2075/1205/145 492/1226/145 99/1228/145
f 477/1229/143 2068/1198/143 2075/1205/143 478/1227/143
f 476/1230/142 2061/1191/142 2068/1198/142 477/1229/142
f 475/1231/141 2054/1184/141 2061/1191/141 476/1230/141
f 474/1232/140 2047/1177/140 2054/1184/140 475/1231/140
f 473/1233/139 2040/1165/139 2047/1177/139 474/1232/139
f 472/1211/138 2033/1162/138 2040/1165/138 473/1233/138
f 2082/1234/146 2083/1235/146 2090/1236/146 2089/1237/146
f 2083/1235/146 2084/1238/146 2091/1239/146 2090/1236/146
f 2084/1238/146 2085/1240/146 2092/1241/146 2091/1239/146
f 2085/1240/146 2086/1242/146 2093/1243/146 2092/1241/146
f 2086/1242/146 2087/1244/146 2094/1245/146 2093/1243/146
f 2087/1244/146 2088/1246/146 2095/1247/146 2094/1245/146
f 2089/1237/147 2090/1236/147 2097/1248/147 2096/1249/147
f 2090/1236/147 2091/1239/147 2098/1250/147 2097/1248/147
f 2091/1239/147 2092/1241/147 2099/1251/147 2098/1250/147
f 2092/1241/147 2093/1243/147 2100/1252/147 2099/1251/147
f 2093/1243/147 2094/1245/147 2101/1253/147 2100/1252/147
f 2094/1245/147 2095/1247/147 2102/1254/147 2101/1253/147
f 2096/1249/148 2097/1248/148 2104/1255/148 2103/1256/148
f 2097/1248/148 2098/1250/148 2105/1257/148 2104/1255/148
f 2098/1250/148 2099/1251/148 2106/1258/148 2105/1257/148
f 2099/1251/148 2100/1252/148 2107/1259/148 2106/1258/148
f 2100/1252/148 2101/1253/148 2108/1260/148 2107/1259/148
f 2101/1253/148 2102/1254/148 2109/1261/148 2108/1260/148
f 2103/1256/149 2104/1255/149 2111/1262/149 2110/1263/149
f 2104/1255/149 2105/1257/149 2112/1264/149 2111/1262/149
f 2105/1257/149 2106/1258/149 2113/1265/149 2112/1264/149
f 2106/1258/149 2107/1259/149 2114/1266/149 2113/1265/149
f 2107/1259/149 2108/1260/149 2115/1267/149 2114/1266/149
f 2108/1260/149 2109/1261/149 2116/1268/149 2115/1267/149
f 2110/1263/150 2111/1262/150 2118/1269/150 2117/1270/150
f 2111/1262/150 2112/1264/150 2119/1271/150 2118/1269/150
f 2112/1264/150 2113/1265/150 2120/1272/150 2119/1271/150
f 2113/1265/150 2114/1266/150 2121/1273/150 2120/1272/150
f 2114/1266/150 2115/1267/150 2122/1274/150 2121/1273/150
f 2115/1267/150 2116/1268/150 2123/1275/150 2122/1274/150
f 2117/1270/151 2118/1269/151 2125/1276/151 2124/1277/151
f 2118/1269/151 2119/1271/151 2126/1278/151 2125/1276/151
f 2119/1271/151 2120/1272/151 2127/1279/151 2126/1278/151
f 2120/1272/151 2121/1273/151 2128/1280/151 2127/1279/151
f 2121/1273/151 2122/1274/151 2129/1281/151 2128/1280/151
f 2122/1274/151 2123/1275/151 2130/1282/151 2129/1281/151
f 99/1228/152 492/1226/152 2082/1234/152 493/1283/152
f 492/1226/152 491/1225/152 2083/1235/152 2082/1234/152
f 491/1225/152 490/1224/152 2084/1238/152 2083/1235/152
f 490/1224/152 489/1223/152 2085/1240/152 2084/1238/152
f 489/1223/152 488/1222/152 2086/1242/152 2085/1240/152
f 488/1222/152 487/1221/152 2087/1244/152 2086/1242/152
f 487/1221/152 486/1220/152 2088/1246/152 2087/1244/152
f 486/1220/152 100/1219/152 506/1284/152 2088/1246/152
f 2088/1246/146 506/1284/146 505/1285/146 2095/1247/146
f 2095/1247/147 505/1285/147 504/1286/147 2102/1254/147
f 2102/1254/148 504/1286/148 503/1287/148 2109/1261/148
f 2109/1261/149 503/1287/149 502/1288/149 2116/1268/149
f 2116/1268/150 502/1288/150 501/1289/150 2123/1275/150
f 2123/1275/151 501/1289/151 500/1290/151 2130/1282/151
f 2130/1282/153 500/1290/153 102/1291/153 507/1292/153
f 2129/1281/153 2130/1282/153 507/1292/153 508/1293/153
f 2128/1280/153 2129/1281/153 508/1293/153 509/1294/153
f 2127/1279/153 2128/1280/153 509/1294/153 510/1295/153
f 2126/1278/153 2127/1279/153 510/1295/153 511/1296/153
f 2125/1276/153 2126/1278/153 511/1296/153 512/1297/153
f 2124/1277/153 2125/1276/153 512/1297/153 513/1298/153
f 499/1299/153 2124/1277/153 513/1298/153 101/1300/153
f 498/1301/151 2117/1270/151 2124/1277/151 499/1299/151
f 497/1302/150 2110/1263/150 2117/1270/150 498/1301/150
f 496/1303/149 2103/1256/149 2110/1263/149 497/1302/149
f 495/1304/148 2096/1249/148 2103/1256/148 496/1303/148
f 494/1305/147 2089/1237/147 2096/1249/147 495/1304/147
f 493/1283/146 2082/1234/146 2089/1237/146 494/1305/146
f 2131/1306/154 2132/1307/154 2139/1308/154 2138/1309/154
f 2132/1307/154 2133/1310/154 2140/1311/154 2139/1308/154
f 2133/1310/154 2134/1312/154 2141/1313/154 2140/1311/154
f 2134/1312/154 2135/1314/154 2142/1315/154 2141/1313/154
f 2135/1314/154 2136/1316/154 2143/1317/154 2142/1315/154
f 2136/1316/154 2137/1318/154 2144/1319/154 2143/1317/154
f 2138/1309/155 2139/1308/155 2146/1320/155 2145/1321/155
f 2139/1308/155 2140/1311/155 2147/1322/155 2146/1320/155
f 2140/1311/155 2141/1313/155 2148/1323/155 2147/1322/155
f 2141/1313/155 2142/1315/155 2149/1324/155 2148/1323/155
f 2142/1315/155 2143/1317/155 2150/1325/155 2149/1324/155
f 2143/1317/155 2144/1319/155 2151/1326/155 2150/1325/155
f 2145/1321/156 2146/1320/156 2153/1327/156 2152/1328/156
f 2146/1320/156 2147/1322/156 2154/1329/156 2153/1327/156
f 2147/1322/156 2148/1323/156 2155/1330/156 2154/1329/156
f 2148/1323/156 2149/1324/156 2156/1331/156 2155/1330/156
f 2149/1324/156 2150/1325/156 2157/1332/156 2156/1331/156
f 2150/1325/156 2151/1326/156 2158/1333/156 2157/1332/156
f 2152/1328/157 2153/1327/157 2160/1334/157 2159/1335/157
f 2153/1327/157 2154/1329/157 2161/1336/157 2160/1334/157
f 2154/1329/157 2155/1330/157 2162/1337/157 2161/1336/157
f 2155/1330/157 2156/1331/157 2163/1338/157 2162/1337/157
f 2156/1331/157 2157/1332/157 2164/1339/157 2163/1338/157
f 2157/1332/157 2158/1333/157 2165/1340/157 2164/1339/157
f 2159/1335/158 2160/1334/158 2167/1341/158 2166/1342/158
f 2160/1334/158 2161/1336/158 2168/1343/158 2167/1341/158
f 2161/1336/158 2162/1337/158 2169/1344/158 2168/1343/158
f 2162/1337/158 2163/1338/158 2170/1345/158 2169/1344/158
f 2163/1338/158 2164/1339/158 2171/1346/158 2170/1345/158
f 2164/1339/158 2165/1340/158 2172/1347/158 2171/1346/158
f 2166/1342/159 2167/1341/159 2174/1348/159 2173/1349/159
f 2167/1341/159 2168/1343/159 2175/1350/159 2174/1348/159
f 2168/1343/159 2169/1344/159 2176/1351/159 2175/1350/159
f 2169/1344/159 2170/1345/159 2177/1352/159 2176/1351/159
f 2170/1345/159 2171/1346/159 2178/1353/159 2177/1352/159
f 2171/1346/159 2172/1347/159 2179/1354/159 2178/1353/159
f 101/1300/160 513/1298/160 2131/1306/160 514/1355/160
f 513/1298/160 512/1297/160 2132/1307/160 2131/1306/160
f 512/1297/160 511/1296/160 2133/1310/160 2132/1307/160
f 511/1296/160 510/1295/160 2134/1312/160 2133/1310/160
f 510/1295/160 509/1294/160 2135/1314/160 2134/1312/160
f 509/1294/160 508/1293/160 2136/1316/160 2135/1314/160
f 508/1293/160 507/1292/160 2137/1318/160 2136/1316/160
f 507/1292/160 102/1291/160 527/1356/160 2137/1318/160
f 2137/1318/154 527/1356/154 526/1357/154 2144/1319/154
f 2144/1319/155 526/1357/155 525/1358/155 2151/1326/155
f 2151/1326/156 525/1358/156 524/1359/156 2158/1333/156
f 2158/1333/157 524/1359/157 523/1360/157 2165/1340/157
f 2165/1340/158 523/1360/158 522/1361/158 2172/1347/158
f 2172/1347/159 522/1361/159 521/1362/159 2179/1354/159
f 2179/1354/161 521/1362/161 104/1363/161 528/1364/161
f 2178/1353/161 2179/1354/161 528/1364/161 529/1365/161
f 2177/1352/161 2178/1353/161 529/1365/161 530/1366/161
f 2176/1351/161 2177/1352/161 530/1366/161 531/1367/161
f 2175/1350/161 2176/1351/161 531/1367/161 532/1368/161
f 2174/1348/161 2175/1350/161 532/1368/161 533/1369/161
f 2173/1349/161 2174/1348/161 533/1369/161 534/1370/161
f 520/1371/161 2173/1349/161 534/1370/161 103/1372/161
f 519/1373/159 2166/1342/159 2173/1349/159 520/1371/159
f 518/1374/158 2159/1335/158 2166/1342/158 519/1373/158
f 517/1375/157 2152/1328/157 2159/1335/157 518/1374/157
f 516/1376/156 2145/1321/156 2152/1328/156 517/1375/156
f 515/1377/155 2138/1309/155 2145/1321/155 516/1376/155
f 514/1355/154 2131/1306/154 2138/1309/154 515/1377/154
f 2180/1378/162 2181/1379/162 2188/1380/162 2187/1381/162
f 2181/1379/162 2182/1382/162 2189/1383/162 2188/1380/162
f 2182/1382/162 2183/1384/162 2190/1385/162 2189/1383/162
f 2183/1384/162 2184/1386/162 2191/1387/162 2190/1385/162
f 2184/1386/162 2185/1388/162 2192/1389/162 2191/1387/162
f 2185/1388/162 2186/1390/162 2193/1391/162 2192/1389/162
f 2187/1381/163 2188/1380/163 2195/1392/163 2194/1393/163
f 2188/1380/163 2189/1383/163 2196/1394/163 2195/1392/163
f 2189/1383/163 2190/1385/163 2197/1395/163 2196/1394/163
f 2190/1385/164 2191/1387/164 2198/1396/164 2197/1395/164
f 2191/1387/164 2192/1389/164 2199/1397/164 2198/1396/164
f 2192/1389/163 2193/1391/163 2200/1398/163 2199/1397/163
f 2194/1393/165 2195/1392/165 2202/1399/165 2201/1400/165
f 2195/1392/165 2196/1394/165 2203/1401/165 2202/1399/165
f 2196/1394/165 2197/1395/165 2204/1402/165 2203/1401/165
f 2197/1395/165 2198/1396/165 2205/1403/165 2204/1402/165
f 2198/1396/165 2199/1397/165 2206/1404/165 2205/1403/165
f 2199/1397/165 2200/1398/165 2207/1405/165 2206/1404/165
f 2201/1400/166 2202/1399/166 2209/1406/166 2208/1407/166
f 2202/1399/166 2203/1401/166 2210/1408/166 2209/1406/166
f 2203/1401/166 2204/1402/166 2211/1409/166 2210/1408/166
f 2204/1402/166 2205/1403/166 2212/1410/166 2211/1409/166
f 2205/1403/166 2206/1404/166 2213/1411/166 2212/1410/166
f 2206/1404/166 2207/1405/166 2214/1412/166 2213/1411/166
f 2208/1407/167 2209/1406/167 2216/1413/167 2215/1414/167
f 2209/1406/167 2210/1408/167 2217/1415/167 2216/1413/167
f 2210/1408/167 2211/1409/167 2218/1416/167 2217/1415/167
f 2211/1409/167 2212/1410/167 2219/1417/167 2218/1416/167
f 2212/1410/167 2213/1411/167 2220/1418/167 2219/1417/167
f 2213/1411/167 2214/1412/167 2221/1419/167 2220/1418/167
f 2215/1414/168 2216/1413/168 2223/1420/168 2222/1421/168
f 2216/1413/168 2217/1415/168 2224/1422/168 2223/1420/168
f 2217/1415/168 2218/1416/168 2225/1423/168 2224/1422/168
f 2218/1416/168 2219/1417/168 2226/1424/168 2225/1423/168
f 2219/1417/168 2220/1418/168 2227/1425/168 2226/1424/168
f 2220/1418/168 2221/1419/168 2228/1426/168 2227/1425/168
f 103/1372/169 534/1370/169 2180/1378/169 535/1427/169
f 534/1370/169 533/1369/169 2181/1379/169 2180/1378/169
f 533/1369/169 532/1368/169 2182/1382/169 2181/1379/169
f 532/1368/169 531/1367/169 2183/1384/169 2182/1382/169
f 531/1367/169 530/1366/169 2184/1386/169 2183/1384/169
f 530/1366/169 529/1365/169 2185/1388/169 2184/1386/169
f 529/1365/169 528/1364/169 2186/1390/169 2185/1388/169
f 528/1364/169 104/1363/169 548/1428/169 2186/1390/169
f 2186/1390/162 548/1428/162 547/1429/162 2193/1391/162
f 2193/1391/163 547/1429/163 546/1430/163 2200/1398/163
f 2200/1398/165 546/1430/165 545/1431/165 2207/1405/165
f 2207/1405/166 545/1431/166 544/1432/166 2214/1412/166
f 2214/1412/167 544/1432/167 543/1433/167 2221/1419/167
f 2221/1419/168 543/1433/168 542/1434/168 2228/1426/168
f 2228/1426/170 542/1434/170 106/1435/170 549/1436/170
f 2227/1425/171 2228/1426/171 549/1436/171 550/1437/171
f 2226/1424/170 2227/1425/170 550/1437/170 551/1438/170
f 2225/1423/170 2226/1424/170 551/1438/170 552/1439/170
f 2224/1422/170 2225/1423/170 552/1439/170 553/1440/170
f 2223/1420/171 2224/1422/171 553/1440/171 554/1441/171
f 2222/1421/171 2223/1420/171 554/1441/171 555/1442/171
f 541/1443/170 2222/1421/170 555/1442/170 105/1444/170
f 540/1445/168 2215/1414/168 2222/1421/168 541/1443/168
f 539/1446/167 2208/1407/167 2215/1414/167 540/1445/167
f 538/1447/166 2201/1400/166 2208/1407/166 539/1446/166
f 537/1448/165 2194/1393/165 2201/1400/165 538/1447/165
f 536/1449/163 2187/1381/163 2194/1393/163 537/1448/163
f 535/1427/162 2180/1378/162 2187/1381/162 536/1449/162
f 2229/1450/172 2230/1451/172 2237/1452/172 2236/1453/172
f 2230/1451/172 2231/1454/172 2238/1455/172 2237/1452/172
f 2231/1454/172 2232/1456/172 2239/1457/172 2238/1455/172
f 2232/1456/172 2233/1458/172 2240/1459/172 2239/1457/172
f 2233/1458/172 2234/1460/172 2241/1461/172 2240/1459/172
f 2234/1460/172 2235/1462/172 2242/1463/172 2241/1461/172
f 2236/1453/173 2237/1452/173 2244/1464/173 2243/1465/173
f 2237/1452/173 2238/1455/173 2245/1466/173 2244/1464/173
f 2238/1455/173 2239/1457/173 2246/1467/173 2245/1466/173
f 2239/1457/173 2240/1459/173 2247/1468/173 2246/1467/173
f 2240/1459/173 2241/1461/173 2248/1469/173 2247/1468/173
f 2241/1461/173 2242/1463/173 2249/1470/173 2248/1469/173
f 2243/1465/174 2244/1464/174 2251/1471/174 2250/1472/174
f 2244/1464/174 2245/1466/174 2252/1473/174 2251/1471/174
f 2245/1466/174 2246/1467/174 2253/1474/174 2252/1473/174
f 2246/1467/174 2247/1468/174 2254/1475/174 2253/1474/174
f 2247/1468/174 2248/1469/174 2255/1476/174 2254/1475/174
f 2248/1469/174 2249/1470/174 2256/1477/174 2255/1476/174
f 2250/1472/175 2251/1471/175 2258/1478/175 2257/1479/175
f 2251/1471/175 2252/1473/175 2259/1480/175 2258/1478/175
f 2252/1473/175 2253/1474/175 2260/1481/175 2259/1480/175
f 2253/1474/175 2254/1475/175 2261/1482/175 2260/1481/175
f 2254/1475/175 2255/1476/175 2262/1483/175 2261/1482/175
f 2255/1476/175 2256/1477/175 2263/1484/175 2262/1483/175
f 2257/1479/176 2258/1478/176 2265/1485/176 2264/1486/176
f 2258/1478/176 2259/1480/176 2266/1487/176 2265/1485/176
f 2259/1480/176 2260/1481/176 2267/1488/176 2266/1487/176
f 2260/1481/176 2261/1482/176 2268/1489/176 2267/1488/176
f 2261/1482/176 2262/1483/176 2269/1490/176 2268/1489/176
f 2262/1483/177 2263/1484/177 2270/1491/177 2269/1490/177
f 2264/1486/178 2265/1485/178 2272/1492/178 2271/1493/178
f 2265/1485/178 2266/1487/178 2273/1494/178 2272/1492/178
f 2266/1487/178 2267/1488/178 2274/1495/178 2273/1494/178
f 2267/1488/178 2268/1489/178 2275/1496/178 2274/1495/178
f 2268/1489/178 2269/1490/178 2276/1497/178 2275/1496/178
f 2269/1490/178 2270/1491/178 2277/1498/178 2276/1497/178
f 105/1444/179 555/1442/179 2229/1450/179 556/1499/179
f 555/1442/179 554/1441/179 2230/1451/179 2229/1450/179
f 554/1441/179 553/1440/179 2231/1454/179 2230/1451/179
f 553/1440/179 552/1439/179 2232/1456/179 2231/1454/179
f 552/1439/179 551/1438/179 2233/1458/179 2232/1456/179
f 551/1438/179 550/1437/179 2234/1460/179 2233/1458/179
f 550/1437/179 549/1436/179 2235/1462/179 2234/1460/179
f 549/1436/179 106/1435/179 569/1500/179 2235/1462/179
f 2235/1462/172 569/1500/172 568/1501/172 2242/1463/172
f 2242/1463/173 568/1501/173 567/1502/173 2249/1470/173
f 2249/1470/174 567/1502/174 566/1503/174 2256/1477/174
f 2256/1477/175 566/1503/175 565/1504/175 2263/1484/175
f 2263/1484/176 565/1504/176 564/1505/176 2270/1491/176
f 2270/1491/178 564/1505/178 563/1506/178 2277/1498/178
f 2277/1498/180 563/1506/180 108/1507/180 570/1508/180
f 2276/1497/180 2277/1498/180 570/1508/180 571/1509/180
f 2275/1496/180 2276/1497/180 571/1509/180 572/1510/180
f 2274/1495/180 2275/1496/180 572/1510/180 573/1511/180
f 2273/1494/180 2274/1495/180 573/1511/180 574/1512/180
f 2272/1492/180 2273/1494/180 574/1512/180 575/1513/180
f 2271/1493/180 2272/1492/180 575/1513/180 576/1514/180
f 562/1515/180 2271/1493/180 576/1514/180 107/1516/180
f 561/1517/178 2264/1486/178 2271/1493/178 562/1515/178
f 560/1518/176 2257/1479/176 2264/1486/176 561/1517/176
f 559/1519/175 2250/1472/175 2257/1479/175 560/1518/175
f 558/1520/174 2243/1465/174 2250/1472/174 559/1519/174
f 557/1521/173 2236/1453/173 2243/1465/173 558/1520/173
f 556/1499/172 2229/1450/172 2236/1453/172 557/1521/172
f 2278/1522/181 2279/1523/181 2286/1524/181 2285/1525/181
f 2279/1523/181 2280/1526/181 2287/1527/181 2286/1524/181
f 2280/1526/181 2281/1528/181 2288/1529/181 2287/1527/181
f 2281/1528/181 2282/1530/181 2289/1531/181 2288/1529/181
f 2282/1530/181 2283/1532/181 2290/1533/181 2289/1531/181
f 2283/1532/181 2284/1534/181 2291/1535/181 2290/1533/181
f 2285/1525/182 2286/1524/182 2293/1536/182 2292/1537/182
f 2286/1524/182 2287/1527/182 2294/1538/182 2293/1536/182
f 2287/1527/182 2288/1529/182 2295/1539/182 2294/1538/182
f 2288/1529/182 2289/1531/182 2296/1540/182 2295/1539/182
f 2289/1531/182 2290/1533/182 2297/1541/182 2296/1540/182
f 2290/1533/182 2291/1535/182 2298/1542/182 2297/1541/182
f 2292/1537/183 2293/1536/183 2300/1543/183 2299/1544/183
f 2293/1536/183 2294/1538/183 2301/1545/183 2300/1543/183
f 2294/1538/183 2295/1539/183 2302/1546/183 2301/1545/183
f 2295/1539/183 2296/1540/183 2303/1547/183 2302/1546/183
f 2296/1540/183 2297/1541/183 2304/1548/183 2303/1547/183
f 2297/1541/183 2298/1542/183 2305/1549/183 2304/1548/183
f 2299/1544/184 2300/1543/184 2307/1550/184 2306/1551/184
f 2300/1543/184 2301/1545/184 2308/1552/184 2307/1550/184
f 2301/1545/184 2302/1546/184 2309/1553/184 2308/1552/184
f 2302/1546/184 2303/1547/184 2310/1554/184 2309/1553/184
f 2303/1547/184 2304/1548/184 2311/1555/184 2310/1554/184
f 2304/1548/184 2305/1549/184 2312/1556/184 2311/1555/184
f 2306/1551/185 2307/1550/185 2314/1557/185 2313/1558/185
f 2307/1550/185 2308/1552/185 2315/1559/185 2314/1557/185
f 2308/1552/185 2309/1553/185 2316/1560/185 2315/1559/185
f 2309/1553/185 2310/1554/185 2317/1561/185 2316/1560/185
f 2310/1554/185 2311/1555/185 2318/1562/185 2317/1561/185
f 2311/1555/185 2312/1556/185 2319/1563/185 2318/1562/185
f 2313/1558/186 2314/1557/186 2321/1564/186 2320/1565/186
f 2314/1557/186 2315/1559/186 2322/1566/186 2321/1564/186
f 2315/1559/186 2316/1560/186 2323/1567/186 2322/1566/186
f 2316/1560/186 2317/1561/186 2324/1568/186 2323/1567/186
f 2317/1561/186 2318/1562/186 2325/1569/186 2324/1568/186
f 2318/1562/186 2319/1563/186 2326/1570/186 2325/1569/186
f 107/1516/187 576/1514/187 2278/1522/187 577/1571/187
f 576/1514/187 575/1513/187 2279/1523/187 2278/1522/187
f 575/1513/187 574/1512/187 2280/1526/187 2279/1523/187
f 574/1512/187 573/1511/187 2281/1528/187 2280/1526/187
f 573/1511/187 572/1510/187 2282/1530/187 2281/1528/187
f 572/1510/187 571/1509/187 2283/1532/187 2282/1530/187
f 571/1509/187 570/1508/187 2284/1534/187 2283/1532/187
f 570/1508/187 108/1507/187 590/1572/187 2284/1534/187
f 2284/1534/181 590/1572/181 589/1573/181 2291/1535/181
f 2291/1535/182 589/1573/182 588/1574/182 2298/1542/182
f 2298/1542/183 588/1574/183 587/1575/183 2305/1549/183
f 2305/1549/184 587/1575/184 586/1576/184 2312/1556/184
f 2312/1556/188 586/1576/188 585/1577/188 2319/1563/188
f 2319/1563/186 585/1577/186 584/1578/186 2326/1570/186
f 2326/1570/189 584/1578/189 110/1579/189 591/1580/189
f 2325/1569/189 2326/1570/189 591/1580/189 592/1581/189
f 2324/1568/189 2325/1569/189 592/1581/189 593/1582/189
f 2323/1567/189 2324/1568/189 593/1582/189 594/1583/189
f 2322/1566/189 2323/1567/189 594/1583/189 595/1584/189
f 2321/1564/189 2322/1566/189 595/1584/189 596/1585/189
f 2320/1565/189 2321/1564/189 596/1585/189 597/1586/189
f 583/1587/189 2320/1565/189 597/1586/189 109/1588/189
f 582/1589/186 2313/1558/186 2320/1565/186 583/1587/186
f 581/1590/185 2306/1551/185 2313/1558/185 582/1589/185
f 580/1591/184 2299/1544/184 2306/1551/184 581/1590/184
f 579/1592/183 2292/1537/183 2299/1544/183 580/1591/183
f 578/1593/182 2285/1525/182 2292/1537/182 579/1592/182
f 577/1571/181 2278/1522/181 2285/1525/181 578/1593/181
f 2327/1594/190 2328/1595/190 2335/1596/190 2334/1597/190
f 2328/1595/190 2329/1598/190 2336/1599/190 2335/1596/190
f 2329/1598/190 2330/1600/190 2337/1601/190 2336/1599/190
f 2330/1600/190 2331/1602/190 2338/1603/190 2337/1601/190
f 2331/1602/190 2332/1604/190 2339/1605/190 2338/1603/190
f 2332/1604/190 2333/1606/190 2340/1607/190 2339/1605/190
f 2334/1597/191 2335/1596/191 2342/1608/191 2341/1609/191
f 2335/1596/191 2336/1599/191 2343/1610/191 2342/1608/191
f 2336/1599/191 2337/1601/191 2344/1611/191 2343/1610/191
f 2337/1601/191 2338/1603/191 2345/1612/191 2344/1611/191
f 2338/1603/191 2339/1605/191 2346/1613/191 2345/1612/191
f 2339/1605/191 2340/1607/191 2347/1614/191 2346/1613/191
f 2341/1609/192 2342/1608/192 2349/1615/192 2348/1616/192
f 2342/1608/192 2343/1610/192 2350/1617/192 2349/1615/192
f 2343/1610/192 2344/1611/192 2351/1618/192 2350/1617/192
f 2344/1611/192 2345/1612/192 2352/1619/192 2351/1618/192
f 2345/1612/192 2346/1613/192 2353/1620/192 2352/1619/192
f 2346/1613/192 2347/1614/192 2354/1621/192 2353/1620/192
f 2348/1616/193 2349/1615/193 2356/1622/193 2355/1623/193
f 2349/1615/193 2350/1617/193 2357/1624/193 2356/1622/193
f 2350/1617/193 2351/1618/193 2358/1625/193 2357/1624/193
f 2351/1618/193 2352/1619/193 2359/1626/193 2358/1625/193
f 2352/1619/193 2353/1620/193 2360/1627/193 2359/1626/193
f 2353/1620/193 2354/1621/193 2361/1628/193 2360/1627/193
f 2355/1623/194 2356/1622/194 2363/1629/194 2362/1630/194
f 2356/1622/194 2357/1624/194 2364/1631/194 2363/1629/194
f 2357/1624/194 2358/1625/194 2365/1632/194 2364/1631/194
f 2358/1625/194 2359/1626/194 2366/1633/194 2365/1632/194
f 2359/1626/194 2360/1627/194 2367/1634/194 2366/1633/194
f 2360/1627/194 2361/1628/194 2368/1635/194 2367/1634/194
f 2362/1630/195 2363/1629/195 2370/1636/195 2369/1637/195
f 2363/1629/195 2364/1631/195 2371/1638/195 2370/1636/195
f 2364/1631/195 2365/1632/195 2372/1639/195 2371/1638/195
f 2365/1632/195 2366/1633/195 2373/1640/195 2372/1639/195
f 2366/1633/195 2367/1634/195 2374/1641/195 2373/1640/195
f 2367/1634/195 2368/1635/195 2375/1642/195 2374/1641/195
f 109/1588/196 597/1586/196 2327/1594/196 598/1643/196
f 597/1586/196 596/1585/196 2328/1595/196 2327/1594/196
f 596/1585/196 595/1584/196 2329/1598/196 2328/1595/196
f 595/1584/196 594/1583/196 2330/1600/196 2329/1598/196
f 594/1583/196 593/1582/196 2331/1602/196 2330/1600/196
f 593/1582/196 592/1581/196 2332/1604/196 2331/1602/196
f 592/1581/196 591/1580/196 2333/1606/196 2332/1604/196
f 591/1580/196 110/1579/196 611/1644/196 2333/1606/196
f 2333/1606/190 611/1644/190 610/1645/190 2340/1607/190
f 2340/1607/191 610/1645/191 609/1646/191 2347/1614/191
f 2347/1614/192 609/1646/192 608/1647/192 2354/1621/192
f 2354/1621/193 608/1647/193 607/1648/193 2361/1628/193
f 2361/1628/194 607/1648/194 606/1649/194 2368/1635/194
f 2368/1635/195 606/1649/195 605/1650/195 2375/1642/195
f 2375/1642/197 605/1650/197 112/1651/197 612/1652/197
f 2374/1641/197 2375/1642/197 612/1652/197 613/1653/197
f 2373/1640/197 2374/1641/197 613/1653/197 614/1654/197
f 2372/1639/197 2373/1640/197 614/1654/197 615/1655/197
f 2371/1638/197 2372/1639/197 615/1655/197 616/1656/197
f 2370/1636/197 2371/1638/197 616/1656/197 617/1657/197
f 2369/1637/197 2370/1636/197 617/1657/197 618/1658/197
f 604/1659/197 2369/1637/197 618/1658/197 111/1660/197
f 603/1661/195 2362/1630/195 2369/1637/195 604/1659/195
f 602/1662/194 2355/1623/194 2362/1630/194 603/1661/194
f 601/1663/193 2348/1616/193 2355/1623/193 602/1662/193
f 600/1664/192 2341/1609/192 2348/1616/192 601/1663/192
f 599/1665/191 2334/1597/191 2341/1609/191 600/1664/191
f 598/1643/190 2327/1594/190 2334/1597/190 599/1665/190
f 2376/1666/198 2377/1667/198 2384/1668/198 2383/1669/198
f 2377/1667/198 2378/1670/198 2385/1671/198 2384/1668/198
f 2378/1670/198 2379/1672/198 2386/1673/198 2385/1671/198
f 2379/1672/198 2380/1674/198 2387/1675/198 2386/1673/198
f 2380/1674/198 2381/1676/198 2388/1677/198 2387/1675/198
f 2381/1676/198 2382/1678/198 2389/1679/198 2388/1677/198
f 2383/1669/199 2384/1668/199 2391/1680/199 2390/1681/199
f 2384/1668/199 2385/1671/199 2392/1682/199 2391/1680/199
f 2385/1671/199 2386/1673/199 2393/1683/199 2392/1682/199
f 2386/1673/199 2387/1675/199 2394/1684/199 2393/1683/199
f 2387/1675/199 2388/1677/199 2395/1685/199 2394/1684/199
f 2388/1677/199 2389/1679/199 2396/1686/199 2395/1685/199
f 2390/1681/200 2391/1680/200 2398/1687/200 2397/1688/200
f 2391/1680/200 2392/1682/200 2399/1689/200 2398/1687/200
f 2392/1682/200 2393/1683/200 2400/1690/200 2399/1689/200
f 2393/1683/200 2394/1684/200 2401/1691/200 2400/1690/200
f 2394/1684/200 2395/1685/200 2402/1692/200 2401/1691/200
f 2395/1685/200 2396/1686/200 2403/1693/200 2402/1692/200
f 2397/1688/201 2398/1687/201 2405/1694/201 2404/1695/201
f 2398/1687/201 2399/1689/201 2406/1696/201 2405/1694/201
f 2399/1689/201 2400/1690/201 2407/1697/201 2406/1696/201
f 2400/1690/201 2401/1691/201 2408/1698/201 2407/1697/201
f 2401/1691/201 2402/1692/201 2409/1699/201 2408/1698/201
f 2402/1692/201 2403/1693/201 2410/1700/201 2409/1699/201
f 2404/1695/202 2405/1694/202 2412/1701/202 2411/1702/202
f 2405/1694/202 2406/1696/202 2413/1703/202 2412/1701/202
f 2406/1696/202 2407/1697/202 2414/1704/202 2413/1703/202
f 2407/1697/202 2408/1698/202 2415/1705/202 2414/1704/202
f 2408/1698/202 2409/1699/202 2416/1706/202 2415/1705/202
f 2409/1699/202 2410/1700/202 2417/1707/202 2416/1706/202
f 2411/1702/203 2412/1701/203 2419/1708/203 2418/1709/203
f 2412/1701/203 2413/1703/203 2420/1710/203 2419/1708/203
f 2413/1703/203 2414/1704/203 2421/1711/203 2420/1710/203
f 2414/1704/203 2415/1705/203 2422/1712/203 2421/1711/203
f 2415/1705/203 2416/1706/203 2423/1713/203 2422/1712/203
f 2416/1706/203 2417/1707/203 2424/1714/203 2423/1713/203
f 111/1660/204 618/1658/204 2376/1666/204 619/1715/204
f 618/1658/204 617/1657/204 2377/1667/204 2376/1666/204
f 617/1657/204 616/1656/204 2378/1670/204 2377/1667/204
f 616/1656/204 615/1655/204 2379/1672/204 2378/1670/204
f 615/1655/204 614/1654/204 2380/1674/204 2379/1672/204
f 614/1654/204 613/1653/204 2381/1676/204 2380/1674/204
f 613/1653/204 612/1652/204 2382/1678/204 2381/1676/204
f 612/1652/204 112/1651/204 632/1716/204 2382/1678/204
f 2382/1678/198 632/1716/198 631/1717/198 2389/1679/198
f 2389/1679/199 631/1717/199 630/1718/199 2396/1686/199
f 2396/1686/200 630/1718/200 629/1719/200 2403/1693/200
f 2403/1693/201 629/1719/201 628/1720/201 2410/1700/201
f 2410/1700/202 628/1720/202 627/1721/202 2417/1707/202
f 2417/1707/203 627/1721/203 626/1722/203 2424/1714/203
f 2424/1714/205 626/1722/205 114/1723/205 633/1724/205
f 2423/1713/205 2424/1714/205 633/1724/205 634/1725/205
f 2422/1712/205 2423/1713/205 634/1725/205 635/1726/205
f 2421/1711/205 2422/1712/205 635/1726/205 636/1727/205
f 2420/1710/205 2421/1711/205 636/1727/205 637/1728/205
f 2419/1708/205 2420/1710/205 637/1728/205 638/1729/205
f 2418/1709/205 2419/1708/205 638/1729/205 639/1730/205
f 625/1731/205 2418/1709/205 639/1730/205 113/1732/205
f 624/1733/203 2411/1702/203 2418/1709/203 625/1731/203
f 623/1734/202 2404/1695/202 2411/1702/202 624/1733/202
f 622/1735/201 2397/1688/201 2404/1695/201 623/1734/201
f 621/1736/200 2390/1681/200 2397/1688/200 622/1735/200
f 620/1737/199 2383/1669/199 2390/1681/199 621/1736/199
f 619/1715/198 2376/1666/198 2383/1669/198 620/1737/198
f 2425/1738/206 2426/1739/206 2433/1740/206 2432/1741/206
f 2426/1739/206 2427/1742/206 2434/1743/206 2433/1740/206
f 2427/1742/206 2428/1744/206 2435/1745/206 2434/1743/206
f 2428/1744/206 2429/1746/206 2436/1747/206 2435/1745/206
f 2429/1746/206 2430/1748/206 2437/1749/206 2436/1747/206
f 2430/1748/206 2431/1750/206 2438/1751/206 2437/1749/206
f 2432/1741/207 2433/1740/207 2440/1752/207 2439/1753/207
f 2433/1740/207 2434/1743/207 2441/1754/207 2440/1752/207
f 2434/1743/207 2435/1745/207 2442/1755/207 2441/1754/207
f 2435/1745/207 2436/1747/207 2443/1756/207 2442/1755/207
f 2436/1747/207 2437/1749/207 2444/1757/207 2443/1756/207
f 2437/1749/207 2438/1751/207 2445/1758/207 2444/1757/207
f 2439/1753/208 2440/1752/208 2447/1759/208 2446/1760/208
f 2440/1752/208 2441/1754/208 2448/1761/208 2447/1759/208
f 2441/1754/208 2442/1755/208 2449/1762/208 2448/1761/208
f 2442/1755/208 2443/1756/208 2450/1763/208 2449/1762/208
f 2443/1756/208 2444/1757/208 2451/1764/208 2450/1763/208
f 2444/1757/208 2445/1758/208 2452/1765/208 2451/1764/208
f 2446/1760/209 2447/1759/209 2454/1766/209 2453/1767/209
f 2447/1759/209 2448/1761/209 2455/1768/209 2454/1766/209
f 2448/1761/209 2449/1762/209 2456/1769/209 2455/1768/209
f 2449/1762/209 2450/1763/209 2457/1770/209 2456/1769/209
f 2450/1763/209 2451/1764/209 2458/1771/209 2457/1770/209
f 2451/1764/209 2452/1765/209 2459/1772/209 2458/1771/209
f 2453/1767/210 2454/1766/210 2461/1773/210 2460/1774/210
f 2454/1766/210 2455/1768/210 2462/1775/210 2461/1773/210
f 2455/1768/210 2456/1769/210 2463/1776/210 2462/1775/210
f 2456/1769/210 2457/1770/210 2464/1777/210 2463/1776/210
f 2457/1770/210 2458/1771/210 2465/1778/210 2464/1777/210
f 2458/1771/210 2459/1772/210 2466/1779/210 2465/1778/210
f 2460/1774/211 2461/1773/211 2468/1780/211 2467/1781/211
f 2461/1773/211 2462/1775/211 2469/1782/211 2468/1780/211
f 2462/1775/211 2463/1776/211 2470/1783/211 2469/1782/211
f 2463/1776/211 2464/1777/211 2471/1784/211 2470/1783/211
f 2464/1777/211 2465/1778/211 2472/1785/211 2471/1784/211
f 2465/1778/211 2466/1779/211 2473/1786/211 2472/1785/211
f 113/1732/212 639/1730/212 2425/1738/212 640/1787/212
f 639/1730/212 638/1729/212 2426/1739/212 2425/1738/212
f 638/1729/212 637/1728/212 2427/1742/212 2426/1739/212
f 637/1728/212 636/1727/212 2428/1744/212 2427/1742/212
f 636/1727/212 635/1726/212 2429/1746/212 2428/1744/212
f 635/1726/212 634/1725/212 2430/1748/212 2429/1746/212
f 634/1725/212 633/1724/212 2431/1750/212 2430/1748/212
f 633/1724/212 114/1723/212 653/1788/212 2431/1750/212
f 2431/1750/206 653/1788/206 652/1789/206 2438/1751/206
f 2438/1751/207 652/1789/207 651/1790/207 2445/1758/207
f 2445/1758/208 651/1790/208 650/1791/208 2452/1765/208
f 2452/1765/209 650/1791/209 649/1792/209 2459/1772/209
f 2459/1772/210 649/1792/210 648/1793/210 2466/1779/210
f 2466/1779/211 648/1793/211 647/1794/211 2473/1786/211
f 2473/1786/213 647/1794/213 116/1795/213 654/1796/213
f 2472/1785/213 2473/1786/213 654/1796/213 655/1797/213
f 2471/1784/213 2472/1785/213 655/1797/213 656/1798/213
f 2470/1783/213 2471/1784/213 656/1798/213 657/1799/213
f 2469/1782/213 2470/1783/213 657/1799/213 658/1800/213
f 2468/1780/213 2469/1782/213 658/1800/213 659/1801/213
f 2467/1781/213 2468/1780/213 659/1801/213 660/1802/213
f 646/1803/213 2467/1781/213 660/1802/213 115/1804/213
f 645/1805/211 2460/1774/211 2467/1781/211 646/1803/211
f 644/1806/210 2453/1767/210 2460/1774/210 645/1805/210
f 643/1807/209 2446/1760/209 2453/1767/209 644/1806/209
f 642/1808/208 2439/1753/208 2446/1760/208 643/1807/208
f 641/1809/207 2432/1741/207 2439/1753/207 642/1808/207
f 640/1787/206 2425/1738/206 2432/1741/206 641/1809/206
f 2474/1810/214 2475/1811/214 2482/1812/214 2481/1813/214
f 2475/1811/214 2476/1814/214 2483/1815/214 2482/1812/214
f 2476/1814/214 2477/1816/214 2484/1817/214 2483/1815/214
f 2477/1816/214 2478/1818/214 2485/1819/214 2484/1817/214
f 2478/1818/214 2479/1820/214 2486/1821/214 2485/1819/214
f 2479/1820/214 2480/1822/214 2487/1823/214 2486/1821/214
f 2481/1813/215 2482/1812/215 2489/1824/215 2488/1825/215
f 2482/1812/215 2483/1815/215 2490/1826/215 2489/1824/215
f 2483/1815/215 2484/1817/215 2491/1827/215 2490/1826/215
f 2484/1817/215 2485/1819/215 2492/1828/215 2491/1827/215
f 2485/1819/215 2486/1821/215 2493/1829/215 2492/1828/215
f 2486/1821/215 2487/1823/215 2494/1830/215 2493/1829/215
f 2488/1825/216 2489/1824/216 2496/1831/216 2495/1832/216
f 2489/1824/216 2490/1826/216 2497/1833/216 2496/1831/216
f 2490/1826/216 2491/1827/216 2498/1834/216 2497/1833/216
f 2491/1827/216 2492/1828/216 2499/1835/216 2498/1834/216
f 2492/1828/216 2493/1829/216 2500/1836/216 2499/1835/216
f 2493/1829/216 2494/1830/216 2501/1837/216 2500/1836/216
f 2495/1832/217 2496/1831/217 2503/1838/217 2502/1839/217
f 2496/1831/217 2497/1833/217 2504/1840/217 2503/1838/217
f 2497/1833/217 2498/1834/217 2505/1841/217 2504/1840/217
f 2498/1834/217 2499/1835/217 2506/1842/217 2505/1841/217
f 2499/1835/217 2500/1836/217 2507/1843/217 2506/1842/217
f 2500/1836/217 2501/1837/217 2508/1844/217 2507/1843/217
f 2502/1839/218 2503/1838/218 2510/1845/218 2509/1846/218
f 2503/1838/218 2504/1840/218 2511/1847/218 2510/1845/218
f 2504/1840/218 2505/1841/218 2512/1848/218 2511/1847/218
f 2505/1841/218 2506/1842/218 2513/1849/218 2512/1848/218
f 2506/1842/218 2507/1843/218 2514/1850/218 2513/1849/218
f 2507/1843/218 2508/1844/218 2515/1851/218 2514/1850/218
f 2509/1846/219 2510/1845/219 2517/1852/219 2516/1853/219
f 2510/1845/219 2511/1847/219 2518/1854/219 2517/1852/219
f 2511/1847/219 2512/1848/219 2519/1855/219 2518/1854/219
f 2512/1848/219 2513/1849/219 2520/1856/219 2519/1855/219
f 2513/1849/219 2514/1850/219 2521/1857/219 2520/1856/219
f 2514/1850/219 2515/1851/219 2522/1858/219 2521/1857/219
f 115/1804/220 660/1802/220 2474/1810/220 661/1859/220
f 660/1802/220 659/1801/220 2475/1811/220 2474/1810/220
f 659/1801/220 658/1800/220 2476/1814/220 2475/1811/220
f 658/1800/220 657/1799/220 2477/1816/220 2476/1814/220
f 657/1799/221 656/1798/221 2478/1818/221 2477/1816/221
f 656/1798/220 655/1797/220 2479/1820/220 2478/1818/220
f 655/1797/220 654/1796/220 2480/1822/220 2479/1820/220
f 654/1796/220 116/1795/220 674/1860/220 2480/1822/220
f 2480/1822/214 674/1860/214 673/1861/214 2487/1823/214
f 2487/1823/215 673/1861/215 672/1862/215 2494/1830/215
f 2494/1830/216 672/1862/216 671/1863/216 2501/1837/216
f 2501/1837/217 671/1863/217 670/1864/217 2508/1844/217
f 2508/1844/218 670/1864/218 669/1865/218 2515/1851/218
f 2515/1851/219 669/1865/219 668/1866/219 2522/1858/219
f 2522/1858/222 668/1866/222 118/1867/222 675/1868/222
f 2521/1857/222 2522/1858/222 675/1868/222 676/1869/222
f 2520/1856/222 2521/1857/222 676/1869/222 677/1870/222
f 2519/1855/222 2520/1856/222 677/1870/222 678/1871/222
f 2518/1854/222 2519/1855/222 678/1871/222 679/1872/222
f 2517/1852/222 2518/1854/222 679/1872/222 680/1873/222
f 2516/1853/222 2517/1852/222 680/1873/222 681/1874/222
f 667/1875/222 2516/1853/222 681/1874/222 117/1876/222
f 666/1877/219 2509/1846/219 2516/1853/219 667/1875/219
f 665/1878/218 2502/1839/218 2509/1846/218 666/1877/218
f 664/1879/217 2495/1832/217 2502/1839/217 665/1878/217
f 663/1880/216 2488/1825/216 2495/1832/216 664/1879/216
f 662/1881/215 2481/1813/215 2488/1825/215 663/1880/215
f 661/1859/214 2474/1810/214 2481/1813/214 662/1881/214
f 2523/1882/223 2524/1883/223 2531/1884/223 2530/1885/223
f 2524/1883/223 2525/1886/223 2532/1887/223 2531/1884/223
f 2525/1886/223 2526/1888/223 2533/1889/223 2532/1887/223
f 2526/1888/223 2527/1890/223 2534/1891/223 2533/1889/223
f 2527/1890/223 2528/1892/223 2535/1893/223 2534/1891/223
f 2528/1892/223 2529/1894/223 2536/1895/223 2535/1893/223
f 2530/1885/224 2531/1884/224 2538/1896/224 2537/1897/224
f 2531/1884/224 2532/1887/224 2539/1898/224 2538/1896/224
f 2532/1887/224 2533/1889/224 2540/1899/224 2539/1898/224
f 2533/1889/224 2534/1891/224 2541/1900/224 2540/1899/224
f 2534/1891/224 2535/1893/224 2542/1901/224 2541/1900/224
f 2535/1893/224 2536/1895/224 2543/1902/224 2542/1901/224
f 2537/1897/225 2538/1896/225 2545/1903/225 2544/1904/225
f 2538/1896/225 2539/1898/225 2546/1905/225 2545/1903/225
f 2539/1898/225 2540/1899/225 2547/1906/225 2546/1905/225
f 2540/1899/225 2541/1900/225 2548/1907/225 2547/1906/225
f 2541/1900/225 2542/1901/225 2549/1908/225 2548/1907/225
f 2542/1901/225 2543/1902/225 2550/1909/225 2549/1908/225
f 2544/1904/226 2545/1903/226 2552/1910/226 2551/1911/226
f 2545/1903/226 2546/1905/226 2553/1912/226 2552/1910/226
f 2546/1905/226 2547/1906/226 2554/1913/226 2553/1912/226
f 2547/1906/226 2548/1907/226 2555/1914/226 2554/1913/226
f 2548/1907/226 2549/1908/226 2556/1915/226 2555/1914/226
f 2549/1908/226 2550/1909/226 2557/1916/226 2556/1915/226
f 2551/1911/227 2552/1910/227 2559/1917/227 2558/1918/227
f 2552/1910/227 2553/1912/227 2560/1919/227 2559/1917/227
f 2553/1912/227 2554/1913/227 2561/1920/227 2560/1919/227
f 2554/1913/227 2555/1914/227 2562/1921/227 2561/1920/227
f 2555/1914/227 2556/1915/227 2563/1922/227 2562/1921/227
f 2556/1915/227 2557/1916/227 2564/1923/227 2563/1922/227
f 2558/1918/228 2559/1917/228 2566/1924/228 2565/1925/228
f 2559/1917/228 2560/1919/228 2567/1926/228 2566/1924/228
f 2560/1919/228 2561/1920/228 2568/1927/228 2567/1926/228
f 2561/1920/228 2562/1921/228 2569/1928/228 2568/1927/228
f 2562/1921/228 2563/1922/228 2570/1929/228 2569/1928/228
f 2563/1922/228 2564/1923/228 2571/1930/228 2570/1929/228
f 117/1876/229 681/1874/229 2523/1882/229 682/1931/229
f 681/1874/229 680/1873/229 2524/1883/229 2523/1882/229
f 680/1873/229 679/1872/229 2525/1886/229 2524/1883/229
f 679/1872/229 678/1871/229 2526/1888/229 2525/1886/229
f 678/1871/229 677/1870/229 2527/1890/229 2526/1888/229
f 677/1870/229 676/1869/229 2528/1892/229 2527/1890/229
f 676/1869/229 675/1868/229 2529/1894/229 2528/1892/229
f 675/1868/229 118/1867/229 695/1932/229 2529/1894/229
f 2529/1894/223 695/1932/223 694/1933/223 2536/1895/223
f 2536/1895/224 694/1933/224 693/1934/224 2543/1902/224
f 2543/1902/225 693/1934/225 692/1935/225 2550/1909/225
f 2550/1909/226 692/1935/226 691/1936/226 2557/1916/226
f 2557/1916/227 691/1936/227 690/1937/227 2564/1923/227
f 2564/1923/228 690/1937/228 689/1938/228 2571/1930/228
f 2571/1930/230 689/1938/230 120/1939/230 696/1940/230
f 2570/1929/230 2571/1930/230 696/1940/230 697/1941/230
f 2569/1928/230 2570/1929/230 697/1941/230 698/1942/230
f 2568/1927/230 2569/1928/230 698/1942/230 699/1943/230
f 2567/1926/230 2568/1927/230 699/1943/230 700/1944/230
f 2566/1924/230 2567/1926/230 700/1944/230 701/1945/230
f 2565/1925/230 2566/1924/230 701/1945/230 702/1946/230
f 688/1947/230 2565/1925/230 702/1946/230 119/1948/230
f 687/1949/228 2558/1918/228 2565/1925/228 688/1947/228
f 686/1950/227 2551/1911/227 2558/1918/227 687/1949/227
f 685/1951/226 2544/1904/226 2551/1911/226 686/1950/226
f 684/1952/225 2537/1897/225 2544/1904/225 685/1951/225
f 683/1953/224 2530/1885/224 2537/1897/224 684/1952/224
f 682/1931/223 2523/1882/223 2530/1885/223 683/1953/223
f 2572/1954/231 2573/1955/231 2580/1956/231 2579/1957/231
f 2573/1955/231 2574/1958/231 2581/1959/231 2580/1956/231
f 2574/1958/231 2575/1960/231 2582/1961/231 2581/1959/231
f 2575/1960/231 2576/1962/231 2583/1963/231 2582/1961/231
f 2576/1962/231 2577/1964/231 2584/1965/231 2583/1963/231
f 2577/1964/231 2578/1966/231 2585/1967/231 2584/1965/231
f 2579/1957/232 2580/1956/232 2587/1968/232 2586/1969/232
f 2580/1956/233 2581/1959/233 2588/1970/233 2587/1968/233
f 2581/1959/232 2582/1961/232 2589/1971/232 2588/1970/232
f 2582/1961/233 2583/1963/233 2590/1972/233 2589/1971/233
f 2583/1963/232 2584/1965/232 2591/1973/232 2590/1972/232
f 2584/1965/232 2585/1967/232 2592/1974/232 2591/1973/232
f 2586/1969/234 2587/1968/234 2594/1975/234 2593/1976/234
f 2587/1968/234 2588/1970/234 2595/1977/234 2594/1975/234
f 2588/1970/234 2589/1971/234 2596/1978/234 2595/1977/234
f 2589/1971/234 2590/1972/234 2597/1979/234 2596/1978/234
f 2590/1972/234 2591/1973/234 2598/1980/234 2597/1979/234
f 2591/1973/234 2592/1974/234 2599/1981/234 2598/1980/234
f 2593/1976/235 2594/1975/235 2601/1982/235 2600/1983/235
f 2594/1975/235 2595/1977/235 2602/1984/235 2601/1982/235
f 2595/1977/235 2596/1978/235 2603/1985/235 2602/1984/235
f 2596/1978/235 2597/1979/235 2604/1986/235 2603/1985/235
f 2597/1979/235 2598/1980/235 2605/1987/235 2604/1986/235
f 2598/1980/235 2599/1981/235 2606/1988/235 2605/1987/235
f 2600/1983/236 2601/1982/236 2608/1989/236 2607/1990/236
f 2601/1982/236 2602/1984/236 2609/1991/236 2608/1989/236
f 2602/1984/236 2603/1985/236 2610/1992/236 2609/1991/236
f 2603/1985/236 2604/1986/236 2611/1993/236 2610/1992/236
f 2604/1986/236 2605/1987/236 2612/1994/236 2611/1993/236
f 2605/1987/236 2606/1988/236 2613/1995/236 2612/1994/236
f 2607/1990/237 2608/1989/237 2615/1996/237 2614/1997/237
f 2608/1989/237 2609/1991/237 2616/1998/237 2615/1996/237
f 2609/1991/237 2610/1992/237 2617/1999/237 2616/1998/237
f 2610/1992/237 2611/1993/237 2618/2000/237 2617/1999/237
f 2611/1993/237 2612/1994/237 2619/2001/237 2618/2000/237
f 2612/1994/237 2613/1995/237 2620/2002/237 2619/2001/237
f 119/1948/238 702/1946/238 2572/1954/238 703/2003/238
f 702/1946/238 701/1945/238 2573/1955/238 2572/1954/238
f 701/1945/238 700/1944/238 2574/1958/238 2573/1955/238
f 700/1944/238 699/1943/238 2575/1960/238 2574/1958/238
f 699/1943/238 698/1942/238 2576/1962/238 2575/1960/238
f 698/1942/238 697/1941/238 2577/1964/238 2576/1962/238
f 697/1941/238 696/1940/238 2578/1966/238 2577/1964/238
f 696/1940/238 120/1939/238 716/2004/238 2578/1966/238
f 2578/1966/231 716/2004/231 715/2005/231 2585/1967/231
f 2585/1967/232 715/2005/232 714/2006/232 2592/1974/232
f 2592/1974/234 714/2006/234 713/2007/234 2599/1981/234
f 2599/1981/235 713/2007/235 712/2008/235 2606/1988/235
f 2606/1988/236 712/2008/236 711/2009/236 2613/1995/236
f 2613/1995/237 711/2009/237 710/2010/237 2620/2002/237
f 2620/2002/239 710/2010/239 122/2011/239 717/2012/239
f 2619/2001/239 2620/2002/239 717/2012/239 718/2013/239
f 2618/2000/240 2619/2001/240 718/2013/240 719/2014/240
f 2617/1999/240 2618/2000/240 719/2014/240 720/2015/240
f 2616/1998/240 2617/1999/240 720/2015/240 721/2016/240
f 2615/1996/239 2616/1998/239 721/2016/239 722/2017/239
f 2614/1997/239 2615/1996/239 722/2017/239 723/2018/239
f 709/2019/240 2614/1997/240 723/2018/240 121/2020/240
f 708/2021/237 2607/1990/237 2614/1997/237 709/2019/237
f 707/2022/236 2600/1983/236 2607/1990/236 708/2021/236
f 706/2023/235 2593/1976/235 2600/1983/235 707/2022/235
f 705/2024/234 2586/1969/234 2593/1976/234 706/2023/234
f 704/2025/232 2579/1957/232 2586/1969/232 705/2024/232
f 703/2003/231 2572/1954/231 2579/1957/231 704/2025/231
f 2621/2026/241 2622/2027/241 2629/2028/241 2628/2029/241
f 2622/2027/241 2623/2030/241 2630/2031/241 2629/2028/241
f 2623/2030/241 2624/2032/241 2631/2033/241 2630/2031/241
f 2624/2032/241 2625/2034/241 2632/2035/241 2631/2033/241
f 2625/2034/241 2626/2036/241 2633/2037/241 2632/2035/241
f 2626/2036/241 2627/2038/241 2634/2039/241 2633/2037/241
f 2628/2029/242 2629/2028/242 2636/2040/242 2635/2041/242
f 2629/2028/242 2630/2031/242 2637/2042/242 2636/2040/242
f 2630/2031/242 2631/2033/242 2638/2043/242 2637/2042/242
f 2631/2033/242 2632/2035/242 2639/2044/242 2638/2043/242
f 2632/2035/242 2633/2037/242 2640/2045/242 2639/2044/242
f 2633/2037/242 2634/2039/242 2641/2046/242 2640/2045/242
f 2635/2041/243 2636/2040/243 2643/2047/243 2642/2048/243
f 2636/2040/243 2637/2042/243 2644/2049/243 2643/2047/243
f 2637/2042/243 2638/2043/243 2645/2050/243 2644/2049/243
f 2638/2043/243 2639/2044/243 2646/2051/243 2645/2050/243
f 2639/2044/243 2640/2045/243 2647/2052/243 2646/2051/243
f 2640/2045/243 2641/2046/243 2648/2053/243 2647/2052/243
f 2642/2048/244 2643/2047/244 2650/2054/244 2649/2055/244
f 2643/2047/244 2644/2049/244 2651/2056/244 2650/2054/244
f 2644/2049/244 2645/2050/244 2652/2057/244 2651/2056/244
f 2645/2050/244 2646/2051/244 2653/2058/244 2652/2057/244
f 2646/2051/244 2647/2052/244 2654/2059/244 2653/2058/244
f 2647/2052/244 2648/2053/244 2655/2060/244 2654/2059/244
f 2649/2055/245 2650/2054/245 2657/2061/245 2656/2062/245
f 2650/2054/246 2651/2056/246 2658/2063/246 2657/2061/246
f 2651/2056/246 2652/2057/246 2659/2064/246 2658/2063/246
f 2652/2057/246 2653/2058/246 2660/2065/246 2659/2064/246
f 2653/2058/246 2654/2059/246 2661/2066/246 2660/2065/246
f 2654/2059/245 2655/2060/245 2662/2067/245 2661/2066/245
f 2656/2062/247 2657/2061/247 2664/2068/247 2663/2069/247
f 2657/2061/247 2658/2063/247 2665/2070/247 2664/2068/247
f 2658/2063/247 2659/2064/247 2666/2071/247 2665/2070/247
f 2659/2064/247 2660/2065/247 2667/2072/247 2666/2071/247
f 2660/2065/247 2661/2066/247 2668/2073/247 2667/2072/247
f 2661/2066/247 2662/2067/247 2669/2074/247 2668/2073/247
f 121/2020/248 723/2018/248 2621/2026/248 724/2075/248
f 723/2018/249 722/2017/249 2622/2027/249 2621/2026/249
f 722/2017/248 721/2016/248 2623/2030/248 2622/2027/248
f 721/2016/248 720/2015/248 2624/2032/248 2623/2030/248
f 720/2015/248 719/2014/248 2625/2034/248 2624/2032/248
f 719/2014/248 718/2013/248 2626/2036/248 2625/2034/248
f 718/2013/248 717/2012/248 2627/2038/248 2626/2036/248
f 717/2012/248 122/2011/248 737/2076/248 2627/2038/248
f 2627/2038/241 737/2076/241 736/2077/241 2634/2039/241
f 2634/2039/242 736/2077/242 735/2078/242 2641/2046/242
f 2641/2046/243 735/2078/243 734/2079/243 2648/2053/243
f 2648/2053/244 734/2079/244 733/2080/244 2655/2060/244
f 2655/2060/245 733/2080/245 732/2081/245 2662/2067/245
f 2662/2067/247 732/2081/247 731/2082/247 2669/2074/247
f 2669/2074/250 731/2082/250 124/2083/250 738/2084/250
f 2668/2073/250 2669/2074/250 738/2084/250 739/2085/250
f 2667/2072/250 2668/2073/250 739/2085/250 740/2086/250
f 2666/2071/250 2667/2072/250 740/2086/250 741/2087/250
f 2665/2070/250 2666/2071/250 741/2087/250 742/2088/250
f 2664/2068/250 2665/2070/250 742/2088/250 743/2089/250
f 2663/2069/250 2664/2068/250 743/2089/250 744/2090/250
f 730/2091/250 2663/2069/250 744/2090/250 123/2092/250
f 729/2093/247 2656/2062/247 2663/2069/247 730/2091/247
f 728/2094/246 2649/2055/246 2656/2062/246 729/2093/246
f 727/2095/244 2642/2048/244 2649/2055/244 728/2094/244
f 726/2096/243 2635/2041/243 2642/2048/243 727/2095/243
f 725/2097/242 2628/2029/242 2635/2041/242 726/2096/242
f 724/2075/241 2621/2026/241 2628/2029/241 725/2097/241
f 2670/2098/251 2671/2099/251 2678/2100/251 2677/2101/251
f 2671/2099/251 2672/2102/251 2679/2103/251 2678/2100/251
f 2672/2102/251 2673/2104/251 2680/2105/251 2679/2103/251
f 2673/2104/251 2674/2106/251 2681/2107/251 2680/2105/251
f 2674/2106/251 2675/2108/251 2682/2109/251 2681/2107/251
f 2675/2108/251 2676/2110/251 2683/2111/251 2682/2109/251
f 2677/2101/252 2678/2100/252 2685/2112/252 2684/2113/252
f 2678/2100/252 2679/2103/252 2686/2114/252 2685/2112/252
f 2679/2103/252 2680/2105/252 2687/2115/252 2686/2114/252
f 2680/2105/252 2681/2107/252 2688/2116/252 2687/2115/252
f 2681/2107/252 2682/2109/252 2689/2117/252 2688/2116/252
f 2682/2109/252 2683/2111/252 2690/2118/252 2689/2117/252
f 2684/2113/253 2685/2112/253 2692/2119/253 2691/2120/253
f 2685/2112/253 2686/2114/253 2693/2121/253 2692/2119/253
f 2686/2114/253 2687/2115/253 2694/2122/253 2693/2121/253
f 2687/2115/253 2688/2116/253 2695/2123/253 2694/2122/253
f 2688/2116/253 2689/2117/253 2696/2124/253 2695/2123/253
f 2689/2117/253 2690/2118/253 2697/2125/253 2696/2124/253
f 2691/2120/254 2692/2119/254 2699/2126/254 2698/2127/254
f 2692/2119/254 2693/2121/254 2700/2128/254 2699/2126/254
f 2693/2121/254 2694/2122/254 2701/2129/254 2700/2128/254
f 2694/2122/254 2695/2123/254 2702/2130/254 2701/2129/254
f 2695/2123/254 2696/2124/254 2703/2131/254 2702/2130/254
f 2696/2124/254 2697/2125/254 2704/2132/254 2703/2131/254
f 2698/2127/255 2699/2126/255 2706/2133/255 2705/2134/255
f 2699/2126/255 2700/2128/255 2707/2135/255 2706/2133/255
f 2700/2128/255 2701/2129/255 2708/2136/255 2707/2135/255
f 2701/2129/255 2702/2130/255 2709/2137/255 2708/2136/255
f 2702/2130/255 2703/2131/255 2710/2138/255 2709/2137/255
f 2703/2131/255 2704/2132/255 2711/2139/255 2710/2138/255
f 2705/2134/256 2706/2133/256 2713/2140/256 2712/2141/256
f 2706/2133/256 2707/2135/256 2714/2142/256 2713/2140/256
f 2707/2135/256 2708/2136/256 2715/2143/256 2714/2142/256
f 2708/2136/256 2709/2137/256 2716/2144/256 2715/2143/256
f 2709/2137/256 2710/2138/256 2717/2145/256 2716/2144/256
f 2710/2138/256 2711/2139/256 2718/2146/256 2717/2145/256
f 123/2092/257 744/2090/257 2670/2098/257 745/2147/257
f 744/2090/257 743/2089/257 2671/2099/257 2670/2098/257
f 743/2089/257 742/2088/257 2672/2102/257 2671/2099/257
f 742/2088/257 741/2087/257 2673/2104/257 2672/2102/257
f 741/2087/257 740/2086/257 2674/2106/257 2673/2104/257
f 740/2086/257 739/2085/257 2675/2108/257 2674/2106/257
f 739/2085/257 738/2084/257 2676/2110/257 2675/2108/257
f 738/2084/257 124/2083/257 758/2148/257 2676/2110/257
f 2676/2110/251 758/2148/251 757/2149/251 2683/2111/251
f 2683/2111/252 757/2149/252 756/2150/252 2690/2118/252
f 2690/2118/253 756/2150/253 755/2151/253 2697/2125/253
f 2697/2125/254 755/2151/254 754/2152/254 2704/2132/254
f 2704/2132/255 754/2152/255 753/2153/255 2711/2139/255
f 2711/2139/256 753/2153/256 752/2154/256 2718/2146/256
f 2718/2146/258 752/2154/258 126/2155/258 759/2156/258
f 2717/2145/258 2718/2146/258 759/2156/258 760/2157/258
f 2716/2144/258 2717/2145/258 760/2157/258 761/2158/258
f 2715/2143/258 2716/2144/258 761/2158/258 762/2159/258
f 2714/2142/258 2715/2143/258 762/2159/258 763/2160/258
f 2713/2140/258 2714/2142/258 763/2160/258 764/2161/258
f 2712/2141/258 2713/2140/258 764/2161/258 765/2162/258
f 751/2163/258 2712/2141/258 765/2162/258 125/2164/258
f 750/2165/256 2705/2134/256 2712/2141/256 751/2163/256
f 749/2166/255 2698/2127/255 2705/2134/255 750/2165/255
f 748/2167/254 2691/2120/254 2698/2127/254 749/2166/254
f 747/2168/253 2684/2113/253 2691/2120/253 748/2167/253
f 746/2169/252 2677/2101/252 2684/2113/252 747/2168/252
f 745/2147/251 2670/2098/251 2677/2101/251 746/2169/251
f 2720/2170/259 2721/2171/259 2725/2172/259 2724/2173/259
f 2721/2171/259 2722/2174/259 2726/2175/259 2725/2172/259
f 2722/2174/259 2723/2176/259 2727/2177/259 2726/2175/259
f 2724/2173/259 2725/2172/259 2729/2178/259 2728/2179/259
f 2725/2172/259 2726/2175/259 2730/2180/259 2729/2178/259
f 2726/2175/259 2727/2177/259 2731/2181/259 2730/2180/259
f 2732/2182/259 2733/2183/259 2737/2184/259 2736/2185/259
f 2733/2183/259 2734/2186/259 2738/2187/259 2737/2184/259
f 2734/2186/259 2735/2188/259 2739/2189/259 2738/2187/259
f 2736/2185/259 2737/2184/259 2741/2190/259 2740/2191/259
f 2737/2184/259 2738/2187/259 2742/2192/259 2741/2190/259
f 2738/2187/259 2739/2189/259 2743/2193/259 2742/2192/259
f 2744/2194/259 2745/2195/259 2749/2196/259 2748/2197/259
f 2745/2195/259 2746/2198/259 2750/2199/259 2749/2196/259
f 2746/2198/259 2747/2200/259 2751/2201/259 2750/2199/259
f 2748/2197/259 2749/2196/259 2753/2202/259 2752/2203/259
f 2749/2196/259 2750/2199/259 2754/2204/259 2753/2202/259
f 2750/2199/259 2751/2201/259 2755/2205/259 2754/2204/259
f 2756/2206/259 2757/2207/259 2761/2208/259 2760/2209/259
f 2757/2207/259 2758/2210/259 2762/2211/259 2761/2208/259
f 2758/2210/259 2759/2212/259 2763/2213/259 2762/2211/259
f 2760/2209/259 2761/2208/259 2765/2214/259 2764/2215/259
f 2761/2208/259 2762/2211/259 2766/2216/259 2765/2214/259
f 2762/2211/259 2763/2213/259 2767/2217/259 2766/2216/259
f 2768/2218/259 2769/2219/259 2773/2220/259 2772/2221/259
f 2769/2219/259 2770/2222/259 2774/2223/259 2773/2220/259
f 2770/2222/259 2771/2224/259 2775/2225/259 2774/2223/259
f 2772/2221/259 2773/2220/259 2777/2226/259 2776/2227/259
f 2773/2220/259 2774/2223/259 2778/2228/259 2777/2226/259
f 2774/2223/259 2775/2225/259 2779/2229/259 2778/2228/259
f 2780/2230/259 2781/2231/259 2785/2232/259 2784/2233/259
f 2781/2231/259 2782/2234/259 2786/2235/259 2785/2232/259
f 2782/2234/259 2783/2236/259 2787/2237/259 2786/2235/259
f 2784/2233/259 2785/2232/259 2789/2238/259 2788/2239/259
f 2785/2232/259 2786/2235/259 2790/2240/259 2789/2238/259
f 2786/2235/259 2787/2237/259 2791/2241/259 2790/2240/259
f 2792/2242/259 2793/2243/259 2797/2244/259 2796/2245/259
f 2793/2243/259 2794/2246/259 2798/2247/259 2797/2244/259
f 2794/2246/259 2795/2248/259 2799/2249/259 2798/2247/259
f 2796/2245/259 2797/2244/259 2801/2250/259 2800/2251/259
f 2797/2244/259 2798/2247/259 2802/2252/259 2801/2250/259
f 2798/2247/259 2799/2249/259 2803/2253/259 2802/2252/259
f 2804/2254/259 2805/2255/259 2809/2256/259 2808/2257/259
f 2805/2255/259 2806/2258/259 2810/2259/259 2809/2256/259
f 2806/2258/259 2807/2260/259 2811/2261/259 2810/2259/259
f 2808/2257/259 2809/2256/259 2813/2262/259 2812/2263/259
f 2809/2256/259 2810/2259/259 2814/2264/259 2813/2262/259
f 2810/2259/259 2811/2261/259 2815/2265/259 2814/2264/259
f 2816/2266/259 2817/2267/259 2821/2268/259 2820/2269/259
f 2817/2267/259 2818/2270/259 2822/2271/259 2821/2268/259
f 2818/2270/259 2819/2272/259 2823/2273/259 2822/2271/259
f 2820/2269/259 2821/2268/259 2825/2274/259 2824/2275/259
f 2821/2268/259 2822/2271/259 2826/2276/259 2825/2274/259
f 2822/2271/259 2823/2273/259 2827/2277/259 2826/2276/259
f 2828/2278/259 2829/2279/259 2833/2280/259 2832/2281/259
f 2829/2279/259 2830/2282/259 2834/2283/259 2833/2280/259
f 2830/2282/259 2831/2284/259 2835/2285/259 2834/2283/259
f 2832/2281/259 2833/2280/259 2837/2286/259 2836/2287/259
f 2833/2280/259 2834/2283/259 2838/2288/259 2837/2286/259
f 2834/2283/259 2835/2285/259 2839/2289/259 2838/2288/259
f 2840/2290/259 2841/2291/259 2845/2292/259 2844/2293/259
f 2841/2291/259 2842/2294/259 2846/2295/259 2845/2292/259
f 2842/2294/259 2843/2296/259 2847/2297/259 2846/2295/259
f 2844/2293/259 2845/2292/259 2849/2298/259 2848/2299/259
f 2845/2292/259 2846/2295/259 2850/2300/259 2849/2298/259
f 2846/2295/259 2847/2297/259 2851/2301/259 2850/2300/259
f 2852/2302/259 2853/2303/259 2857/2304/259 2856/2305/259
f 2853/2303/259 2854/2306/259 2858/2307/259 2857/2304/259
f 2854/2306/259 2855/2308/259 2859/2309/259 2858/2307/259
f 2856/2305/259 2857/2304/259 2861/2310/259 2860/2311/259
f 2857/2304/259 2858/2307/259 2862/2312/259 2861/2310/259
f 2858/2307/259 2859/2309/259 2863/2313/259 2862/2312/259
f 2864/2314/259 2865/2315/259 2869/2316/259 2868/2317/259
f 2865/2315/259 2866/2318/259 2870/2319/259 2869/2316/259
f 2866/2318/259 2867/2320/259 2871/2321/259 2870/2319/259
f 2868/2317/259 2869/2316/259 2873/2322/259 2872/2323/259
f 2869/2316/259 2870/2319/259 2874/2324/259 2873/2322/259
f 2870/2319/259 2871/2321/259 2875/2325/259 2874/2324/259
f 2876/2326/259 2877/2327/259 2881/2328/259 2880/2329/259
f 2877/2327/259 2878/2330/259 2882/2331/259 2881/2328/259
f 2878/2330/259 2879/2332/259 2883/2333/259 2882/2331/259
f 2880/2329/259 2881/2328/259 2885/2334/259 2884/2335/259
f 2881/2328/259 2882/2331/259 2886/2336/259 2885/2334/259
f 2882/2331/259 2883/2333/259 2887/2337/259 2886/2336/259
f 2888/2338/259 2889/2339/259 2893/2340/259 2892/2341/259
f 2889/2339/259 2890/2342/259 2894/2343/259 2893/2340/259
f 2890/2342/259 2891/2344/259 2895/2345/259 2894/2343/259
f 2892/2341/259 2893/2340/259 2897/2346/259 2896/2347/259
f 2893/2340/259 2894/2343/259 2898/2348/259 2897/2346/259
f 2894/2343/259 2895/2345/259 2899/2349/259 2898/2348/259
f 2900/2350/259 2901/2351/259 2905/2352/259 2904/2353/259
f 2901/2351/259 2902/2354/259 2906/2355/259 2905/2352/259
f 2902/2354/259 2903/2356/259 2907/2357/259 2906/2355/259
f 2904/2353/259 2905/2352/259 2909/2358/259 2908/2359/259
f 2905/2352/259 2906/2355/259 2910/2360/259 2909/2358/259
f 2906/2355/259 2907/2357/259 2911/2361/259 2910/2360/259
f 2912/2362/259 2913/2363/259 2917/2364/259 2916/2365/259
f 2913/2363/259 2914/2366/259 2918/2367/259 2917/2364/259
f 2914/2366/259 2915/2368/259 2919/2369/259 2918/2367/259
f 2916/2365/259 2917/2364/259 2921/2370/259 2920/2371/259
f 2917/2364/259 2918/2367/259 2922/2372/259 2921/2370/259
f 2918/2367/259 2919/2369/259 2923/2373/259 2922/2372/259
f 2924/2374/259 2925/2375/259 2929/2376/259 2928/2377/259
f 2925/2375/259 2926/2378/259 2930/2379/259 2929/2376/259
f 2926/2378/259 2927/2380/259 2931/2381/259 2930/2379/259
f 2928/2377/259 2929/2376/259 2933/2382/259 2932/2383/259
f 2929/2376/259 2930/2379/259 2934/2384/259 2933/2382/259
f 2930/2379/259 2931/2381/259 2935/2385/259 2934/2384/259
f 2936/2386/259 2937/2387/259 2941/2388/259 2940/2389/259
f 2937/2387/259 2938/2390/259 2942/2391/259 2941/2388/259
f 2938/2390/259 2939/2392/259 2943/2393/259 2942/2391/259
f 2940/2389/259 2941/2388/259 2945/2394/259 2944/2395/259
f 2941/2388/259 2942/2391/259 2946/2396/259 2945/2394/259
f 2942/2391/259 2943/2393/259 2947/2397/259 2946/2396/259
f 2948/2398/259 2949/2399/259 2953/2400/259 2952/2401/259
f 2949/2399/259 2950/2402/259 2954/2403/259 2953/2400/259
f 2950/2402/259 2951/2404/259 2955/2405/259 2954/2403/259
f 2952/2401/259 2953/2400/259 2957/2406/259 2956/2407/259
f 2953/2400/259 2954/2403/259 2958/2408/259 2957/2406/259
f 2954/2403/259 2955/2405/259 2959/2409/259 2958/2408/259
f 2960/2410/259 2961/2411/259 2965/2412/259 2964/2413/259
f 2961/2411/259 2962/2414/259 2966/2415/259 2965/2412/259
f 2962/2414/259 2963/2416/259 2967/2417/259 2966/2415/259
f 2964/2413/259 2965/2412/259 2969/2418/259 2968/2419/259
f 2965/2412/259 2966/2415/259 2970/2420/259 2969/2418/259
f 2966/2415/259 2967/2417/259 2971/2421/259 2970/2420/259
f 2972/2422/259 2973/2423/259 2977/2424/259 2976/2425/259
f 2973/2423/259 2974/2426/259 2978/2427/259 2977/2424/259
f 2974/2426/259 2975/2428/259 2979/2429/259 2978/2427/259
f 2976/2425/259 2977/2424/259 2981/2430/259 2980/2431/259
f 2977/2424/259 2978/2427/259 2982/2432/259 2981/2430/259
f 2978/2427/259 2979/2429/259 2983/2433/259 2982/2432/259
f 2984/2434/259 2985/2435/259 2989/2436/259 2988/2437/259
f 2985/2435/259 2986/2438/259 2990/2439/259 2989/2436/259
f 2986/2438/259 2987/2440/259 2991/2441/259 2990/2439/259
f 2988/2437/259 2989/2436/259 2993/2442/259 2992/2443/259
f 2989/2436/259 2990/2439/259 2994/2444/259 2993/2442/259
f 2990/2439/259 2991/2441/259 2995/2445/259 2994/2444/259
f 2996/2446/259 2997/2447/259 3001/2448/259 3000/2449/259
f 2997/2447/259 2998/2450/259 3002/2451/259 3001/2448/259
f 2998/2450/259 2999/2452/259 3003/2453/259 3002/2451/259
f 3000/2449/259 3001/2448/259 3005/2454/259 3004/2455/259
f 3001/2448/259 3002/2451/259 3006/2456/259 3005/2454/259
f 3002/2451/259 3003/2453/259 3007/2457/259 3006/2456/259
f 3008/2458/259 3009/2459/259 3013/2460/259 3012/2461/259
f 3009/2459/259 3010/2462/259 3014/2463/259 3013/2460/259
f 3010/2462/259 3011/2464/259 3015/2465/259 3014/2463/259
f 3012/2461/259 3013/2460/259 3017/2466/259 3016/2467/259
f 3013/2460/259 3014/2463/259 3018/2468/259 3017/2466/259
f 3014/2463/259 3015/2465/259 3019/2469/259 3018/2468/259
f 3020/2470/259 3021/2471/259 3025/2472/259 3024/2473/259
f 3021/2471/259 3022/2474/259 3026/2475/259 3025/2472/259
f 3022/2474/259 3023/2476/259 3027/2477/259 3026/2475/259
f 3024/2473/259 3025/2472/259 3029/2478/259 3028/2479/259
f 3025/2472/259 3026/2475/259 3030/2480/259 3029/2478/259
f 3026/2475/259 3027/2477/259 3031/2481/259 3030/2480/259
f 3032/2482/259 3033/2483/259 3037/2484/259 3036/2485/259
f 3033/2483/259 3034/2486/259 3038/2487/259 3037/2484/259
f 3034/2486/259 3035/2488/259 3039/2489/259 3038/2487/259
f 3036/2485/259 3037/2484/259 3041/2490/259 3040/2491/259
f 3037/2484/259 3038/2487/259 3042/2492/259 3041/2490/259
f 3038/2487/259 3039/2489/259 3043/2493/259 3042/2492/259
f 3044/2494/259 3045/2495/259 3049/2496/259 3048/2497/259
f 3045/2495/259 3046/2498/259 3050/2499/259 3049/2496/259
f 3046/2498/259 3047/2500/259 3051/2501/259 3050/2499/259
f 3048/2497/259 3049/2496/259 3053/2502/259 3052/2503/259
f 3049/2496/259 3050/2499/259 3054/2504/259 3053/2502/259
f 3050/2499/259 3051/2501/259 3055/2505/259 3054/2504/259
f 3056/2506/259 3057/2507/259 3061/2508/259 3060/2509/259
f 3057/2507/259 3058/2510/259 3062/2511/259 3061/2508/259
f 3058/2510/259 3059/2512/259 3063/2513/259 3062/2511/259
f 3060/2509/259 3061/2508/259 3065/2514/259 3064/2515/259
f 3061/2508/259 3062/2511/259 3066/2516/259 3065/2514/259
f 3062/2511/259 3063/2513/259 3067/2517/259 3066/2516/259
f 3068/2518/259 3069/2519/259 3073/2520/259 3072/2521/259
f 3069/2519/259 3070/2522/259 3074/2523/259 3073/2520/259
f 3070/2522/259 3071/2524/259 3075/2525/259 3074/2523/259
f 3072/2521/259 3073/2520/259 3077/2526/259 3076/2527/259
f 3073/2520/259 3074/2523/259 3078/2528/259 3077/2526/259
f 3074/2523/259 3075/2525/259 3079/2529/259 3078/2528/259
f 3080/2530/259 3081/2531/259 3085/2532/259 3084/2533/259
f 3081/2531/259 3082/2534/259 3086/2535/259 3085/2532/259
f 3082/2534/259 3083/2536/259 3087/2537/259 3086/2535/259
f 3084/2533/259 3085/2532/259 3089/2538/259 3088/2539/259
f 3085/2532/259 3086/2535/259 3090/2540/259 3089/2538/259
f 3086/2535/259 3087/2537/259 3091/2541/259 3090/2540/259
f 3092/2542/259 3093/2543/259 3097/2544/259 3096/2545/259
f 3093/2543/259 3094/2546/259 3098/2547/259 3097/2544/259
f 3094/2546/259 3095/2548/259 3099/2549/259 3098/2547/259
f 3096/2545/259 3097/2544/259 3101/2550/259 3100/2551/259
f 3097/2544/259 3098/2547/259 3102/2552/259 3101/2550/259
f 3098/2547/259 3099/2549/259 3103/2553/259 3102/2552/259
f 2740/2191/259 2741/2190/259 2727/2177/259 2723/2554/259
f 2741/2190/259 2742/2192/259 2731/2181/259 2727/2177/259
f 2752/2203/259 2753/2202/259 2739/2555/259 2735/2556/259
f 2753/2202/259 2754/2204/259 2743/2193/259 2739/2555/259
f 2764/2215/259 2765/2214/259 2751/2557/259 2747/2558/259
f 2765/2214/259 2766/2216/259 2755/2205/259 2751/2557/259
f 2776/2227/259 2777/2226/259 2763/2559/259 2759/2560/259
f 2777/2226/259 2778/2228/259 2767/2217/259 2763/2559/259
f 2788/2239/259 2789/2238/259 2775/2561/259 2771/2562/259
f 2789/2238/259 2790/2240/259 2779/2229/259 2775/2561/259
f 2800/2251/259 2801/2250/259 2787/2563/259 2783/2564/259
f 2801/2250/259 2802/2252/259 2791/2241/259 2787/2563/259
f 2812/2263/259 2813/2262/259 2799/2249/259 2795/2248/259
f 2813/2262/259 2814/2264/259 2803/2253/259 2799/2249/259
f 2824/2275/259 2825/2274/259 2811/2565/259 2807/2260/259
f 2825/2274/259 2826/2276/259 2815/2265/259 2811/2565/259
f 2836/2287/259 2837/2286/259 2823/2566/259 2819/2567/259
f 2837/2286/259 2838/2288/259 2827/2277/259 2823/2566/259
f 2848/2299/259 2849/2298/259 2835/2285/259 2831/2568/259
f 2849/2298/259 2850/2300/259 2839/2289/259 2835/2285/259
f 2860/2311/259 2861/2310/259 2847/2569/259 2843/2570/259
f 2861/2310/259 2862/2312/259 2851/2301/259 2847/2569/259
f 2872/2323/259 2873/2322/259 2859/2309/259 2855/2308/259
f 2873/2322/259 2874/2324/259 2863/2313/259 2859/2309/259
f 2884/2335/259 2885/2334/259 2871/2571/259 2867/2572/259
f 2885/2334/259 2886/2336/259 2875/2325/259 2871/2571/259
f 2896/2347/259 2897/2346/259 2883/2573/259 2879/2574/259
f 2897/2346/259 2898/2348/259 2887/2337/259 2883/2573/259
f 2908/2359/259 2909/2358/259 2895/2575/259 2891/2576/259
f 2909/2358/259 2910/2360/259 2899/2349/259 2895/2575/259
f 2920/2371/259 2921/2370/259 2907/2577/259 2903/2356/259
f 2921/2370/259 2922/2372/259 2911/2361/259 2907/2577/259
f 2932/2383/259 2933/2382/259 2919/2578/259 2915/2579/259
f 2933/2382/259 2934/2384/259 2923/2373/259 2919/2578/259
f 2944/2395/259 2945/2394/259 2931/2381/259 2927/2580/259
f 2945/2394/259 2946/2396/259 2935/2385/259 2931/2381/259
f 2956/2407/259 2957/2406/259 2943/2581/259 2939/2582/259
f 2957/2406/259 2958/2408/259 2947/2397/259 2943/2581/259
f 2968/2419/259 2969/2418/259 2955/2583/259 2951/2584/259
f 2969/2418/259 2970/2420/259 2959/2409/259 2955/2583/259
f 2980/2431/259 2981/2430/259 2967/2417/259 2963/2585/259
f 2981/2430/259 2982/2432/259 2971/2421/259 2967/2417/259
f 2992/2443/259 2993/2442/259 2979/2586/259 2975/2587/259
f 2993/2442/259 2994/2444/259 2983/2433/259 2979/2586/259
f 3004/2455/259 3005/2454/259 2991/2441/259 2987/2588/259
f 3005/2454/259 3006/2456/259 2995/2445/259 2991/2441/259
f 3016/2467/259 3017/2466/259 3003/2589/259 2999/2590/259
f 3017/2466/259 3018/2468/259 3007/2457/259 3003/2589/259
f 3028/2479/259 3029/2478/259 3015/2591/259 3011/2592/259
f 3029/2478/259 3030/2480/259 3019/2469/259 3015/2591/259
f 3040/2491/259 3041/2490/259 3027/2593/259 3023/2594/259
f 3041/2490/259 3042/2492/259 3031/2481/259 3027/2593/259
f 3052/2503/259 3053/2502/259 3039/2595/259 3035/2596/259
f 3053/2502/259 3054/2504/259 3043/2493/259 3039/2595/259
f 3064/2515/259 3065/2514/259 3051/2597/259 3047/2598/259
f 3065/2514/259 3066/2516/259 3055/2505/259 3051/2597/259
f 3076/2527/259 3077/2526/259 3063/2513/259 3059/2599/259
f 3077/2526/259 3078/2528/259 3067/2517/259 3063/2513/259
f 3088/2539/259 3089/2538/259 3075/2600/259 3071/2601/259
f 3089/2538/259 3090/2540/259 3079/2529/259 3075/2600/259
f 3100/2551/259 3101/2550/259 3087/2602/259 3083/2603/259
f 3101/2550/259 3102/2552/259 3091/2541/259 3087/2602/259
f 2728/2179/259 2729/2178/259 3099/2549/259 3095/2604/259
f 2729/2178/259 2730/2180/259 3103/2553/259 3099/2549/259
f 2730/2180/259 2731/2181/259 2719/2605/259 3103/2553/259
f 2742/2192/259 2743/2193/259 2719/2605/259 2731/2181/259
f 2754/2204/259 2755/2205/259 2719/2605/259 2743/2193/259
f 2766/2216/259 2767/2217/259 2719/2605/259 2755/2205/259
f 2778/2228/259 2779/2229/259 2719/2605/259 2767/2217/259
f 2790/2240/259 2791/2241/259 2719/2605/259 2779/2229/259
f 2802/2252/259 2803/2253/259 2719/2605/259 2791/2241/259
f 2814/2264/259 2815/2265/259 2719/2605/259 2803/2253/259
f 2826/2276/259 2827/2277/259 2719/2605/259 2815/2265/259
f 2838/2288/259 2839/2289/259 2719/2605/259 2827/2277/259
f 2850/2300/259 2851/2301/259 2719/2605/259 2839/2289/259
f 2862/2312/259 2863/2313/259 2719/2605/259 2851/2301/259
f 2874/2324/259 2875/2325/259 2719/2605/259 2863/2313/259
f 2886/2336/259 2887/2337/259 2719/2605/259 2875/2325/259
f 2898/2348/259 2899/2349/259 2719/2605/259 2887/2337/259
f 2910/2360/259 2911/2361/259 2719/2605/259 2899/2349/259
f 2922/2372/259 2923/2373/259 2719/2605/259 2911/2361/259
f 2934/2384/259 2935/2385/259 2719/2605/259 2923/2373/259
f 2946/2396/259 2947/2397/259 2719/2605/259 2935/2385/259
f 2958/2408/259 2959/2409/259 2719/2605/259 2947/2397/259
f 2970/2420/259 2971/2421/259 2719/2605/259 2959/2409/259
f 2982/2432/259 2983/2433/259 2719/2605/259 2971/2421/259
f 2994/2444/259 2995/2445/259 2719/2605/259 2983/2433/259
f 3006/2456/259 3007/2457/259 2719/2605/259 2995/2445/259
f 3018/2468/259 3019/2469/259 2719/2605/259 3007/2457/259
f 3030/2480/259 3031/2481/259 2719/2605/259 3019/2469/259
f 3042/2492/259 3043/2493/259 2719/2605/259 3031/2481/259
f 3054/2504/259 3055/2505/259 2719/2605/259 3043/2493/259
f 3066/2516/259 3067/2517/259 2719/2605/259 3055/2505/259
f 3078/2528/259 3079/2529/259 2719/2605/259 3067/2517/259
f 3090/2540/259 3091/2541/259 2719/2605/259 3079/2529/259
f 3102/2552/259 3103/2553/259 2719/2605/259 3091/2541/259
f 4/2606/259 822/2607/259 2720/2170/259 835/2608/259
f 822/2607/259 823/2609/259 2721/2171/259 2720/2170/259
f 823/2609/259 824/2610/259 2722/2174/259 2721/2171/259
f 824/2610/259 825/2611/259 2723/2176/259 2722/2174/259
f 835/2608/259 2720/2170/259 2724/2173/259 834/2612/259
f 834/2612/259 2724/2173/259 2728/2179/259 833/2613/259
f 833/2613/259 2728/2179/259 3095/2604/259 832/2614/259
f 2/2615/259 794/2616/259 2732/2182/259 828/2617/259
f 794/2616/259 795/2618/259 2733/2183/259 2732/2182/259
f 795/2618/259 796/2619/259 2734/2186/259 2733/2183/259
f 796/2619/259 797/2620/259 2735/2188/259 2734/2186/259
f 828/2617/259 2732/2182/259 2736/2185/259 827/2621/259
f 827/2621/259 2736/2185/259 2740/2191/259 826/2622/259
f 826/2622/259 2740/2191/259 2723/2554/259 825/2611/259
f 128/2623/259 773/2624/259 2744/2194/259 800/2625/259
f 773/2624/259 774/2626/259 2745/2195/259 2744/2194/259
f 774/2626/259 775/2627/259 2746/2198/259 2745/2195/259
f 775/2627/259 776/2628/259 2747/2200/259 2746/2198/259
f 800/2625/259 2744/2194/259 2748/2197/259 799/2629/259
f 799/2629/259 2748/2197/259 2752/2203/259 798/2630/259
f 798/2630/259 2752/2203/259 2735/2556/259 797/2620/259
f 62/2631/259 1228/2632/259 2756/2206/259 779/2633/259
f 1228/2632/259 1229/2634/259 2757/2207/259 2756/2206/259
f 1229/2634/259 1230/2635/259 2758/2210/259 2757/2207/259
f 1230/2635/259 1231/2636/259 2759/2212/259 2758/2210/259
f 779/2633/259 2756/2206/259 2760/2209/259 778/2637/259
f 778/2637/259 2760/2209/259 2764/2215/259 777/2638/259
f 777/2638/259 2764/2215/259 2747/2558/259 776/2639/259
f 60/2640/259 1214/2641/259 2768/2218/259 1234/2642/259
f 1214/2641/259 1215/2643/259 2769/2219/259 2768/2218/259
f 1215/2643/259 1216/2644/259 2770/2222/259 2769/2219/259
f 1216/2644/259 1217/2645/259 2771/2224/259 2770/2222/259
f 1234/2642/259 2768/2218/259 2772/2221/259 1233/2646/259
f 1233/2646/259 2772/2221/259 2776/2227/259 1232/2647/259
f 1232/2647/259 2776/2227/259 2759/2560/259 1231/2648/259
f 58/2649/259 1200/2650/259 2780/2230/259 1220/2651/259
f 1200/2650/259 1201/2652/259 2781/2231/259 2780/2230/259
f 1201/2652/259 1202/2653/259 2782/2234/259 2781/2231/259
f 1202/2653/259 1203/2654/259 2783/2236/259 2782/2234/259
f 1220/2651/259 2780/2230/259 2784/2233/259 1219/2655/259
f 1219/2655/259 2784/2233/259 2788/2239/259 1218/2656/259
f 1218/2656/259 2788/2239/259 2771/2562/259 1217/2645/259
f 56/2657/259 1186/2658/259 2792/2242/259 1206/2659/259
f 1186/2658/259 1187/2660/259 2793/2243/259 2792/2242/259
f 1187/2660/259 1188/2661/259 2794/2246/259 2793/2243/259
f 1188/2661/259 1189/2662/259 2795/2248/259 2794/2246/259
f 1206/2659/259 2792/2242/259 2796/2245/259 1205/2663/259
f 1205/2663/259 2796/2245/259 2800/2251/259 1204/2664/259
f 1204/2664/259 2800/2251/259 2783/2564/259 1203/2665/259
f 54/2666/259 1172/2667/259 2804/2254/259 1192/2668/259
f 1172/2667/259 1173/2669/259 2805/2255/259 2804/2254/259
f 1173/2669/259 1174/2670/259 2806/2258/259 2805/2255/259
f 1174/2670/259 1175/2671/259 2807/2260/259 2806/2258/259
f 1192/2668/259 2804/2254/259 2808/2257/259 1191/2672/259
f 1191/2672/259 2808/2257/259 2812/2263/259 1190/2673/259
f 1190/2673/259 2812/2263/259 2795/2248/259 1189/2674/259
f 52/2675/259 1158/2676/259 2816/2266/259 1178/2677/259
f 1158/2676/259 1159/2678/259 2817/2267/259 2816/2266/259
f 1159/2678/259 1160/2679/259 2818/2270/259 2817/2267/259
f 1160/2679/259 1161/2680/259 2819/2272/259 2818/2270/259
f 1178/2677/259 2816/2266/259 2820/2269/259 1177/2681/259
f 1177/2681/259 2820/2269/259 2824/2275/259 1176/2682/259
f 1176/2682/259 2824/2275/259 2807/2260/259 1175/2683/259
f 50/2684/259 1144/2685/259 2828/2278/259 1164/2686/259
f 1144/2685/259 1145/2687/259 2829/2279/259 2828/2278/259
f 1145/2687/259 1146/2688/259 2830/2282/259 2829/2279/259
f 1146/2688/259 1147/2689/259 2831/2284/259 2830/2282/259
f 1164/2686/259 2828/2278/259 2832/2281/259 1163/2690/259
f 1163/2690/259 2832/2281/259 2836/2287/259 1162/2691/259
f 1162/2691/259 2836/2287/259 2819/2567/259 1161/2680/259
f 48/2692/259 1130/2693/259 2840/2290/259 1150/2694/259
f 1130/2693/259 1131/2695/259 2841/2291/259 2840/2290/259
f 1131/2695/259 1132/2696/259 2842/2294/259 2841/2291/259
f 1132/2696/259 1133/2697/259 2843/2296/259 2842/2294/259
f 1150/2694/259 2840/2290/259 2844/2293/259 1149/2698/259
f 1149/2698/259 2844/2293/259 2848/2299/259 1148/2699/259
f 1148/2699/259 2848/2299/259 2831/2568/259 1147/2689/259
f 46/2700/259 1116/2701/259 2852/2302/259 1136/2702/259
f 1116/2701/259 1117/2703/259 2853/2303/259 2852/2302/259
f 1117/2703/259 1118/2704/259 2854/2306/259 2853/2303/259
f 1118/2704/259 1119/2705/259 2855/2308/259 2854/2306/259
f 1136/2702/259 2852/2302/259 2856/2305/259 1135/2706/259
f 1135/2706/259 2856/2305/259 2860/2311/259 1134/2707/259
f 1134/2707/259 2860/2311/259 2843/2570/259 1133/2708/259
f 44/2709/259 1102/2710/259 2864/2314/259 1122/2711/259
f 1102/2710/259 1103/2712/259 2865/2315/259 2864/2314/259
f 1103/2712/259 1104/2713/259 2866/2318/259 2865/2315/259
f 1104/2713/259 1105/2714/259 2867/2320/259 2866/2318/259
f 1122/2711/259 2864/2314/259 2868/2317/259 1121/2715/259
f 1121/2715/259 2868/2317/259 2872/2323/259 1120/2716/259
f 1120/2716/259 2872/2323/259 2855/2308/259 1119/2717/259
f 42/2718/259 1088/2719/259 2876/2326/259 1108/2720/259
f 1088/2719/259 1089/2721/259 2877/2327/259 2876/2326/259
f 1089/2721/259 1090/2722/259 2878/2330/259 2877/2327/259
f 1090/2722/259 1091/2723/259 2879/2332/259 2878/2330/259
f 1108/2720/259 2876/2326/259 2880/2329/259 1107/2724/259
f 1107/2724/259 2880/2329/259 2884/2335/259 1106/2725/259
f 1106/2725/259 2884/2335/259 2867/2572/259 1105/2714/259
f 40/2726/259 1074/2727/259 2888/2338/259 1094/2728/259
f 1074/2727/259 1075/2729/259 2889/2339/259 2888/2338/259
f 1075/2729/259 1076/2730/259 2890/2342/259 2889/2339/259
f 1076/2730/259 1077/2731/259 2891/2344/259 2890/2342/259
f 1094/2728/259 2888/2338/259 2892/2341/259 1093/2732/259
f 1093/2732/259 2892/2341/259 2896/2347/259 1092/2733/259
f 1092/2733/259 2896/2347/259 2879/2574/259 1091/2723/259
f 38/2734/259 1060/2735/259 2900/2350/259 1080/2736/259
f 1060/2735/259 1061/2737/259 2901/2351/259 2900/2350/259
f 1061/2737/259 1062/2738/259 2902/2354/259 2901/2351/259
f 1062/2738/259 1063/2739/259 2903/2356/259 2902/2354/259
f 1080/2736/259 2900/2350/259 2904/2353/259 1079/2740/259
f 1079/2740/259 2904/2353/259 2908/2359/259 1078/2741/259
f 1078/2741/259 2908/2359/259 2891/2576/259 1077/2742/259
f 36/2743/259 1046/2744/259 2912/2362/259 1066/2745/259
f 1046/2744/259 1047/2746/259 2913/2363/259 2912/2362/259
f 1047/2746/259 1048/2747/259 2914/2366/259 2913/2363/259
f 1048/2747/259 1049/2748/259 2915/2368/259 2914/2366/259
f 1066/2745/259 2912/2362/259 2916/2365/259 1065/2749/259
f 1065/2749/259 2916/2365/259 2920/2371/259 1064/2750/259
f 1064/2750/259 2920/2371/259 2903/2356/259 1063/2751/259
f 34/2752/259 1032/2753/259 2924/2374/259 1052/2754/259
f 1032/2753/259 1033/2755/259 2925/2375/259 2924/2374/259
f 1033/2755/259 1034/2756/259 2926/2378/259 2925/2375/259
f 1034/2756/259 1035/2757/259 2927/2380/259 2926/2378/259
f 1052/2754/259 2924/2374/259 2928/2377/259 1051/2758/259
f 1051/2758/259 2928/2377/259 2932/2383/259 1050/2759/259
f 1050/2759/259 2932/2383/259 2915/2579/259 1049/2748/259
f 32/2760/259 1018/2761/259 2936/2386/259 1038/2762/259
f 1018/2761/259 1019/2763/259 2937/2387/259 2936/2386/259
f 1019/2763/259 1020/2764/259 2938/2390/259 2937/2387/259
f 1020/2764/259 1021/2765/259 2939/2392/259 2938/2390/259
f 1038/2762/259 2936/2386/259 2940/2389/259 1037/2766/259
f 1037/2766/259 2940/2389/259 2944/2395/259 1036/2767/259
f 1036/2767/259 2944/2395/259 2927/2580/259 1035/2757/259
f 30/2768/259 1004/2769/259 2948/2398/259 1024/2770/259
f 1004/2769/259 1005/2771/259 2949/2399/259 2948/2398/259
f 1005/2771/259 1006/2772/259 2950/2402/259 2949/2399/259
f 1006/2772/259 1007/2773/259 2951/2404/259 2950/2402/259
f 1024/2770/259 2948/2398/259 2952/2401/259 1023/2774/259
f 1023/2774/259 2952/2401/259 2956/2407/259 1022/2775/259
f 1022/2775/259 2956/2407/259 2939/2582/259 1021/2776/259
f 28/2777/259 990/2778/259 2960/2410/259 1010/2779/259
f 990/2778/259 991/2780/259 2961/2411/259 2960/2410/259
f 991/2780/259 992/2781/259 2962/2414/259 2961/2411/259
f 992/2781/259 993/2782/259 2963/2416/259 2962/2414/259
f 1010/2779/259 2960/2410/259 2964/2413/259 1009/2783/259
f 1009/2783/259 2964/2413/259 2968/2419/259 1008/2784/259
f 1008/2784/259 2968/2419/259 2951/2584/259 1007/2785/259
f 26/2786/259 976/2787/259 2972/2422/259 996/2788/259
f 976/2787/259 977/2789/259 2973/2423/259 2972/2422/259
f 977/2789/259 978/2790/259 2974/2426/259 2973/2423/259
f 978/2790/259 979/2791/259 2975/2428/259 2974/2426/259
f 996/2788/259 2972/2422/259 2976/2425/259 995/2792/259
f 995/2792/259 2976/2425/259 2980/2431/259 994/2793/259
f 994/2793/259 2980/2431/259 2963/2585/259 993/2794/259
f 24/2795/259 962/2796/259 2984/2434/259 982/2797/259
f 962/2796/259 963/2798/259 2985/2435/259 2984/2434/259
f 963/2798/259 964/2799/259 2986/2438/259 2985/2435/259
f 964/2799/259 965/2800/259 2987/2440/259 2986/2438/259
f 982/2797/259 2984/2434/259 2988/2437/259 981/2801/259
f 981/2801/259 2988/2437/259 2992/2443/259 980/2802/259
f 980/2802/259 2992/2443/259 2975/2587/259 979/2791/259
f 22/2803/259 948/2804/259 2996/2446/259 968/2805/259
f 948/2804/259 949/2806/259 2997/2447/259 2996/2446/259
f 949/2806/259 950/2807/259 2998/2450/259 2997/2447/259
f 950/2807/259 951/2808/259 2999/2452/259 2998/2450/259
f 968/2805/259 2996/2446/259 3000/2449/259 967/2809/259
f 967/2809/259 3000/2449/259 3004/2455/259 966/2810/259
f 966/2810/259 3004/2455/259 2987/2588/259 965/2811/259
f 20/2812/259 934/2813/259 3008/2458/259 954/2814/259
f 934/2813/259 935/2815/259 3009/2459/259 3008/2458/259
f 935/2815/259 936/2816/259 3010/2462/259 3009/2459/259
f 936/2816/259 937/2817/259 3011/2464/259 3010/2462/259
f 954/2814/259 3008/2458/259 3012/2461/259 953/2818/259
f 953/2818/259 3012/2461/259 3016/2467/259 952/2819/259
f 952/2819/259 3016/2467/259 2999/2590/259 951/2820/259
f 18/2821/259 920/2822/259 3020/2470/259 940/2823/259
f 920/2822/259 921/2824/259 3021/2471/259 3020/2470/259
f 921/2824/259 922/2825/259 3022/2474/259 3021/2471/259
f 922/2825/259 923/2826/259 3023/2476/259 3022/2474/259
f 940/2823/259 3020/2470/259 3024/2473/259 939/2827/259
f 939/2827/259 3024/2473/259 3028/2479/259 938/2828/259
f 938/2828/259 3028/2479/259 3011/2592/259 937/2817/259
f 16/2829/259 906/2830/259 3032/2482/259 926/2831/259
f 906/2830/259 907/2832/259 3033/2483/259 3032/2482/259
f 907/2832/259 908/2833/259 3034/2486/259 3033/2483/259
f 908/2833/259 909/2834/259 3035/2488/259 3034/2486/259
f 926/2831/259 3032/2482/259 3036/2485/259 925/2835/259
f 925/2835/259 3036/2485/259 3040/2491/259 924/2836/259
f 924/2836/259 3040/2491/259 3023/2594/259 923/2826/259
f 14/2837/259 892/2838/259 3044/2494/259 912/2839/259
f 892/2838/259 893/2840/259 3045/2495/259 3044/2494/259
f 893/2840/259 894/2841/259 3046/2498/259 3045/2495/259
f 894/2841/259 895/2842/259 3047/2500/259 3046/2498/259
f 912/2839/259 3044/2494/259 3048/2497/259 911/2843/259
f 911/2843/259 3048/2497/259 3052/2503/259 910/2844/259
f 910/2844/259 3052/2503/259 3035/2596/259 909/2845/259
f 12/2846/259 878/2847/259 3056/2506/259 898/2848/259
f 878/2847/259 879/2849/259 3057/2507/259 3056/2506/259
f 879/2849/259 880/2850/259 3058/2510/259 3057/2507/259
f 880/2850/259 881/2851/259 3059/2512/259 3058/2510/259
f 898/2848/259 3056/2506/259 3060/2509/259 897/2852/259
f 897/2852/259 3060/2509/259 3064/2515/259 896/2853/259
f 896/2853/259 3064/2515/259 3047/2598/259 895/2854/259
f 10/2855/259 864/2856/259 3068/2518/259 884/2857/259
f 864/2856/259 865/2858/259 3069/2519/259 3068/2518/259
f 865/2858/259 866/2859/259 3070/2522/259 3069/2519/259
f 866/2859/259 867/2860/259 3071/2524/259 3070/2522/259
f 884/2857/259 3068/2518/259 3072/2521/259 883/2861/259
f 883/2861/259 3072/2521/259 3076/2527/259 882/2862/259
f 882/2862/259 3076/2527/259 3059/2599/259 881/2863/259
f 8/2864/259 850/2865/259 3080/2530/259 870/2866/259
f 850/2865/259 851/2867/259 3081/2531/259 3080/2530/259
f 851/2867/259 852/2868/259 3082/2534/259 3081/2531/259
f 852/2868/259 853/2869/259 3083/2536/259 3082/2534/259
f 870/2866/259 3080/2530/259 3084/2533/259 869/2870/259
f 869/2870/259 3084/2533/259 3088/2539/259 868/2871/259
f 868/2871/259 3088/2539/259 3071/2601/259 867/2872/259
f 6/2873/259 829/2874/259 3092/2542/259 856/2875/259
f 829/2874/259 830/2876/259 3093/2543/259 3092/2542/259
f 830/2876/259 831/2877/259 3094/2546/259 3093/2543/259
f 831/2877/259 832/2878/259 3095/2548/259 3094/2546/259
f 856/2875/259 3092/2542/259 3096/2545/259 855/2879/259
f 855/2879/259 3096/2545/259 3100/2551/259 854/2880/259
f 854/2880/259 3100/2551/259 3083/2603/259 853/2881/259
f 3104/2882/260 3105/2883/260 3112/2884/260 3111/2885/260
f 3105/2883/260 3106/2886/260 3113/2887/260 3112/2884/260
f 3106/2886/260 3107/2888/260 3114/2889/260 3113/2887/260
f 3107/2888/260 3108/2890/260 3115/2891/260 3114/2889/260
f 3108/2890/260 3109/2892/260 3116/2893/260 3115/2891/260
f 3109/2892/260 3110/2894/260 3117/2895/260 3116/2893/260
f 3111/2885/261 3112/2884/261 3119/2896/261 3118/2897/261
f 3112/2884/261 3113/2887/261 3120/2898/261 3119/2896/261
f 3113/2887/261 3114/2889/261 3121/2899/261 3120/2898/261
f 3114/2889/261 3115/2891/261 3122/2900/261 3121/2899/261
f 3115/2891/261 3116/2893/261 3123/2901/261 3122/2900/261
f 3116/2893/261 3117/2895/261 3124/2902/261 3123/2901/261
f 3118/2897/262 3119/2896/262 3126/2903/262 3125/2904/262
f 3119/2896/262 3120/2898/262 3127/2905/262 3126/2903/262
f 3120/2898/262 3121/2899/262 3128/2906/262 3127/2905/262
f 3121/2899/262 3122/2900/262 3129/2907/262 3128/2906/262
f 3122/2900/262 3123/2901/262 3130/2908/262 3129/2907/262
f 3123/2901/262 3124/2902/262 3131/2909/262 3130/2908/262
f 3125/2904/263 3126/2903/263 3133/2910/263 3132/2911/263
f 3126/2903/263 3127/2905/263 3134/2912/263 3133/2910/263
f 3127/2905/263 3128/2906/263 3135/2913/263 3134/2912/263
f 3128/2906/263 3129/2907/263 3136/2914/263 3135/2913/263
f 3129/2907/263 3130/2908/263 3137/2915/263 3136/2914/263
f 3130/2908/263 3131/2909/263 3138/2916/263 3137/2915/263
f 3132/2911/264 3133/2910/264 3140/2917/264 3139/2918/264
f 3133/2910/264 3134/2912/264 3141/2919/264 3140/2917/264
f 3134/2912/264 3135/2913/264 3142/2920/264 3141/2919/264
f 3135/2913/264 3136/2914/264 3143/2921/264 3142/2920/264
f 3136/2914/264 3137/2915/264 3144/2922/264 3143/2921/264
f 3137/2915/264 3138/2916/264 3145/2923/264 3144/2922/264
f 3139/2918/265 3140/2917/265 3147/2924/265 3146/2925/265
f 3140/2917/265 3141/2919/265 3148/2926/265 3147/2924/265
f 3141/2919/265 3142/2920/265 3149/2927/265 3148/2926/265
f 3142/2920/265 3143/2921/265 3150/2928/265 3149/2927/265
f 3143/2921/265 3144/2922/265 3151/2929/265 3150/2928/265
f 3144/2922/265 3145/2923/265 3152/2930/265 3151/2929/265
f 125/2164/266 765/2162/266 3104/2882/266 766/2931/266
f 765/2162/266 764/2161/266 3105/2883/266 3104/2882/266
f 764/2161/266 763/2160/266 3106/2886/266 3105/2883/266
f 763/2160/266 762/2159/266 3107/2888/266 3106/2886/266
f 762/2159/266 761/2158/266 3108/2890/266 3107/2888/266
f 761/2158/266 760/2157/266 3109/2892/266 3108/2890/266
f 760/2157/266 759/2156/266 3110/2894/266 3109/2892/266
f 759/2156/266 126/2155/266 1248/2932/266 3110/2894/266
f 3110/2894/260 1248/2932/260 1247/2933/260 3117/2895/260
f 3117/2895/261 1247/2933/261 1246/2934/261 3124/2902/261
f 3124/2902/262 1246/2934/262 1245/2935/262 3131/2909/262
f 3131/2909/263 1245/2935/263 1244/2936/263 3138/2916/263
f 3138/2916/264 1244/2936/264 1243/2937/264 3145/2923/264
f 3145/2923/265 1243/2937/265 1242/2938/265 3152/2930/265
f 3152/2930/267 1242/2938/267 64/2939/267 780/2940/267
f 3151/2929/267 3152/2930/267 780/2940/267 781/2941/267
f 3150/2928/267 3151/2929/267 781/2941/267 782/2942/267
f 3149/2927/267 3150/2928/267 782/2942/267 783/2943/267
f 3148/2926/267 3149/2927/267 783/2943/267 784/2944/267
f 3147/2924/267 3148/2926/267 784/2944/267 785/2945/267
f 3146/2925/267 3147/2924/267 785/2945/267 786/2946/267
f 772/2947/267 3146/2925/267 786/2946/267 127/2948/267
f 771/2949/265 3139/2918/265 3146/2925/265 772/2947/265
f 770/2950/264 3132/2911/264 3139/2918/264 771/2949/264
f 769/2951/263 3125/2904/263 3132/2911/263 770/2950/263
f 768/2952/262 3118/2897/262 3125/2904/262 769/2951/262
f 767/2953/261 3111/2885/261 3118/2897/261 768/2952/261
f 766/2931/260 3104/2882/260 3111/2885/260 767/2953/260
f 3153/2954/268 3154/2955/268 3161/2956/268 3160/2957/268
f 3154/2955/268 3155/2958/268 3162/2959/268 3161/2956/268
f 3155/2958/268 3156/2960/268 3163/2961/268 3162/2959/268
f 3156/2960/268 3157/2962/268 3164/2963/268 3163/2961/268
f 3157/2962/268 3158/2964/268 3165/2965/268 3164/2963/268
f 3158/2964/268 3159/2966/268 3166/2967/268 3165/2965/268
f 3160/2957/269 3161/2956/269 3168/2968/269 3167/2969/269
f 3161/2956/269 3162/2959/269 3169/2970/269 3168/2968/269
f 3162/2959/269 3163/2961/269 3170/2971/269 3169/2970/269
f 3163/2961/269 3164/2963/269 3171/2972/269 3170/2971/269
f 3164/2963/269 3165/2965/269 3172/2973/269 3171/2972/269
f 3165/2965/269 3166/2967/269 3173/2974/269 3172/2973/269
f 3167/2969/270 3168/2968/270 3175/2975/270 3174/2976/270
f 3168/2968/270 3169/2970/270 3176/2977/270 3175/2975/270
f 3169/2970/270 3170/2971/270 3177/2978/270 3176/2977/270
f 3170/2971/270 3171/2972/270 3178/2979/270 3177/2978/270
f 3171/2972/270 3172/2973/270 3179/2980/270 3178/2979/270
f 3172/2973/270 3173/2974/270 3180/2981/270 3179/2980/270
f 3174/2976/271 3175/2975/271 3182/2982/271 3181/2983/271
f 3175/2975/271 3176/2977/271 3183/2984/271 3182/2982/271
f 3176/2977/271 3177/2978/271 3184/2985/271 3183/2984/271
f 3177/2978/271 3178/2979/271 3185/2986/271 3184/2985/271
f 3178/2979/271 3179/2980/271 3186/2987/271 3185/2986/271
f 3179/2980/271 3180/2981/271 3187/2988/271 3186/2987/271
f 3181/2983/272 3182/2982/272 3189/2989/272 3188/2990/272
f 3182/2982/272 3183/2984/272 3190/2991/272 3189/2989/272
f 3183/2984/272 3184/2985/272 3191/2992/272 3190/2991/272
f 3184/2985/272 3185/2986/272 3192/2993/272 3191/2992/272
f 3185/2986/272 3186/2987/272 3193/2994/272 3192/2993/272
f 3186/2987/272 3187/2988/272 3194/2995/272 3193/2994/272
f 3188/2990/273 3189/2989/273 3196/2996/273 3195/2997/273
f 3189/2989/273 3190/2991/273 3197/2998/273 3196/2996/273
f 3190/2991/273 3191/2992/273 3198/2999/273 3197/2998/273
f 3191/2992/273 3192/2993/273 3199/3000/273 3198/2999/273
f 3192/2993/273 3193/2994/273 3200/3001/273 3199/3000/273
f 3193/2994/273 3194/2995/273 3201/3002/273 3200/3001/273
f 127/2948/274 786/2946/274 3153/2954/274 787/3003/274
f 786/2946/274 785/2945/274 3154/2955/274 3153/2954/274
f 785/2945/274 784/2944/274 3155/2958/274 3154/2955/274
f 784/2944/274 783/2943/274 3156/2960/274 3155/2958/274
f 783/2943/274 782/2942/274 3157/2962/274 3156/2960/274
f 782/2942/274 781/2941/274 3158/2964/274 3157/2962/274
f 781/2941/274 780/2940/274 3159/2966/274 3158/2964/274
f 780/2940/274 64/2939/274 842/3004/274 3159/2966/274
f 3159/2966/268 842/3004/268 841/3005/268 3166/2967/268
f 3166/2967/269 841/3005/269 840/3006/269 3173/2974/269
f 3173/2974/270 840/3006/270 839/3007/270 3180/2981/270
f 3180/2981/271 839/3007/271 838/3008/271 3187/2988/271
f 3187/2988/272 838/3008/272 837/3009/272 3194/2995/272
f 3194/2995/273 837/3009/273 836/3010/273 3201/3002/273
f 3201/3002/275 836/3010/275 68/3011/275 149/3012/275
f 3200/3001/275 3201/3002/275 149/3012/275 148/3013/275
f 3199/3000/275 3200/3001/275 148/3013/275 147/3014/275
f 3198/2999/275 3199/3000/275 147/3014/275 146/3015/275
f 3197/2998/275 3198/2999/275 146/3015/275 145/3016/275
f 3196/2996/275 3197/2998/275 145/3016/275 144/3017/275
f 3195/2997/275 3196/2996/275 144/3017/275 143/3018/275
f 793/3019/275 3195/2997/275 143/3018/275 65/3020/275
f 792/3021/273 3188/2990/273 3195/2997/273 793/3019/273
f 791/3022/272 3181/2983/272 3188/2990/272 792/3021/272
f 790/3023/271 3174/2976/271 3181/2983/271 791/3022/271
f 789/3024/270 3167/2969/270 3174/2976/270 790/3023/270
f 788/3025/269 3160/2957/269 3167/2969/269 789/3024/269
f 787/3003/268 3153/2954/268 3160/2957/268 788/3025/268
f 3203/3026/276 3204/3027/276 3208/3028/276 3207/3029/276
f 3204/3027/276 3205/3030/276 3209/3031/276 3208/3028/276
f 3205/3030/276 3206/3032/276 3210/3033/276 3209/3031/276
f 3207/3029/276 3208/3028/276 3212/3034/276 3211/3035/276
f 3208/3028/276 3209/3031/276 3213/3036/276 3212/3034/276
f 3209/3031/276 3210/3033/276 3214/3037/276 3213/3036/276
f 3215/3038/276 3216/3039/276 3220/3040/276 3219/3041/276
f 3216/3039/276 3217/3042/276 3221/3043/276 3220/3040/276
f 3217/3042/276 3218/3044/276 3222/3045/276 3221/3043/276
f 3219/3041/276 3220/3040/276 3224/3046/276 3223/3047/276
f 3220/3040/276 3221/3043/276 3225/3048/276 3224/3046/276
f 3221/3043/276 3222/3045/276 3226/3049/276 3225/3048/276
f 3227/3050/276 3228/3051/276 3232/3052/276 3231/3053/276
f 3228/3051/276 3229/3054/276 3233/3055/276 3232/3052/276
f 3229/3054/276 3230/3056/276 3234/3057/276 3233/3055/276
f 3231/3053/276 3232/3052/276 3236/3058/276 3235/3059/276
f 3232/3052/276 3233/3055/276 3237/3060/276 3236/3058/276
f 3233/3055/276 3234/3057/276 3238/3061/276 3237/3060/276
f 3239/3062/276 3240/3063/276 3244/3064/276 3243/3065/276
f 3240/3063/276 3241/3066/276 3245/3067/276 3244/3064/276
f 3241/3066/276 3242/3068/276 3246/3069/276 3245/3067/276
f 3243/3065/276 3244/3064/276 3248/3070/276 3247/3071/276
f 3244/3064/276 3245/3067/276 3249/3072/276 3248/3070/276
f 3245/3067/276 3246/3069/276 3250/3073/276 3249/3072/276
f 3251/3074/276 3252/3075/276 3256/3076/276 3255/3077/276
f 3252/3075/276 3253/3078/276 3257/3079/276 3256/3076/276
f 3253/3078/276 3254/3080/276 3258/3081/276 3257/3079/276
f 3255/3077/276 3256/3076/276 3260/3082/276 3259/3083/276
f 3256/3076/276 3257/3079/276 3261/3084/276 3260/3082/276
f 3257/3079/276 3258/3081/276 3262/3085/276 3261/3084/276
f 3263/3086/276 3264/3087/276 3268/3088/276 3267/3089/276
f 3264/3087/276 3265/3090/276 3269/3091/276 3268/3088/276
f 3265/3090/276 3266/3092/276 3270/3093/276 3269/3091/276
f 3267/3089/276 3268/3088/276 3272/3094/276 3271/3095/276
f 3268/3088/276 3269/3091/276 3273/3096/276 3272/3094/276
f 3269/3091/276 3270/3093/276 3274/3097/276 3273/3096/276
f 3275/3098/276 3276/3099/276 3280/3100/276 3279/3101/276
f 3276/3099/276 3277/3102/276 3281/3103/276 3280/3100/276
f 3277/3102/276 3278/3104/276 3282/3105/276 3281/3103/276
f 3279/3101/276 3280/3100/276 3284/3106/276 3283/3107/276
f 3280/3100/276 3281/3103/276 3285/3108/276 3284/3106/276
f 3281/3103/276 3282/3105/276 3286/3109/276 3285/3108/276
f 3287/3110/276 3288/3111/276 3292/3112/276 3291/3113/276
f 3288/3111/276 3289/3114/276 3293/3115/276 3292/3112/276
f 3289/3114/276 3290/3116/276 3294/3117/276 3293/3115/276
f 3291/3113/276 3292/3112/276 3296/3118/276 3295/3119/276
f 3292/3112/276 3293/3115/276 3297/3120/276 3296/3118/276
f 3293/3115/276 3294/3117/276 3298/3121/276 3297/3120/276
f 3299/3122/276 3300/3123/276 3304/3124/276 3303/3125/276
f 3300/3123/276 3301/3126/276 3305/3127/276 3304/3124/276
f 3301/3126/276 3302/3128/276 3306/3129/276 3305/3127/276
f 3303/3125/276 3304/3124/276 3308/3130/276 3307/3131/276
f 3304/3124/276 3305/3127/276 3309/3132/276 3308/3130/276
f 3305/3127/276 3306/3129/276 3310/3133/276 3309/3132/276
f 3311/3134/276 3312/3135/276 3316/3136/276 3315/3137/276
f 3312/3135/276 3313/3138/276 3317/3139/276 3316/3136/276
f 3313/3138/276 3314/3140/276 3318/3141/276 3317/3139/276
f 3315/3137/276 3316/3136/276 3320/3142/276 3319/3143/276
f 3316/3136/276 3317/3139/276 3321/3144/276 3320/3142/276
f 3317/3139/276 3318/3141/276 3322/3145/276 3321/3144/276
f 3323/3146/276 3324/3147/276 3328/3148/276 3327/3149/276
f 3324/3147/276 3325/3150/276 3329/3151/276 3328/3148/276
f 3325/3150/276 3326/3152/276 3330/3153/276 3329/3151/276
f 3327/3149/276 3328/3148/276 3332/3154/276 3331/3155/276
f 3328/3148/276 3329/3151/276 3333/3156/276 3332/3154/276
f 3329/3151/276 3330/3153/276 3334/3157/276 3333/3156/276
f 3335/3158/276 3336/3159/276 3340/3160/276 3339/3161/276
f 3336/3159/276 3337/3162/276 3341/3163/276 3340/3160/276
f 3337/3162/276 3338/3164/276 3342/3165/276 3341/3163/276
f 3339/3161/276 3340/3160/276 3344/3166/276 3343/3167/276
f 3340/3160/276 3341/3163/276 3345/3168/276 3344/3166/276
f 3341/3163/276 3342/3165/276 3346/3169/276 3345/3168/276
f 3347/3170/276 3348/3171/276 3352/3172/276 3351/3173/276
f 3348/3171/276 3349/3174/276 3353/3175/276 3352/3172/276
f 3349/3174/276 3350/3176/276 3354/3177/276 3353/3175/276
f 3351/3173/276 3352/3172/276 3356/3178/276 3355/3179/276
f 3352/3172/276 3353/3175/276 3357/3180/276 3356/3178/276
f 3353/3175/276 3354/3177/276 3358/3181/276 3357/3180/276
f 3359/3182/276 3360/3183/276 3364/3184/276 3363/3185/276
f 3360/3183/276 3361/3186/276 3365/3187/276 3364/3184/276
f 3361/3186/276 3362/3188/276 3366/3189/276 3365/3187/276
f 3363/3185/276 3364/3184/276 3368/3190/276 3367/3191/276
f 3364/3184/276 3365/3187/276 3369/3192/276 3368/3190/276
f 3365/3187/276 3366/3189/276 3370/3193/276 3369/3192/276
f 3371/3194/276 3372/3195/276 3376/3196/276 3375/3197/276
f 3372/3195/276 3373/3198/276 3377/3199/276 3376/3196/276
f 3373/3198/276 3374/3200/276 3378/3201/276 3377/3199/276
f 3375/3197/276 3376/3196/276 3380/3202/276 3379/3203/276
f 3376/3196/276 3377/3199/276 3381/3204/276 3380/3202/276
f 3377/3199/276 3378/3201/276 3382/3205/276 3381/3204/276
f 3383/3206/276 3384/3207/276 3388/3208/276 3387/3209/276
f 3384/3207/276 3385/3210/276 3389/3211/276 3388/3208/276
f 3385/3210/276 3386/3212/276 3390/3213/276 3389/3211/276
f 3387/3209/276 3388/3208/276 3392/3214/276 3391/3215/276
f 3388/3208/276 3389/3211/276 3393/3216/276 3392/3214/276
f 3389/3211/276 3390/3213/276 3394/3217/276 3393/3216/276
f 3395/3218/276 3396/3219/276 3400/3220/276 3399/3221/276
f 3396/3219/276 3397/3222/276 3401/3223/276 3400/3220/276
f 3397/3222/276 3398/3224/276 3402/3225/276 3401/3223/276
f 3399/3221/276 3400/3220/276 3404/3226/276 3403/3227/276
f 3400/3220/276 3401/3223/276 3405/3228/276 3404/3226/276
f 3401/3223/276 3402/3225/276 3406/3229/276 3405/3228/276
f 3407/3230/276 3408/3231/276 3412/3232/276 3411/3233/276
f 3408/3231/276 3409/3234/276 3413/3235/276 3412/3232/276
f 3409/3234/276 3410/3236/276 3414/3237/276 3413/3235/276
f 3411/3233/276 3412/3232/276 3416/3238/276 3415/3239/276
f 3412/3232/276 3413/3235/276 3417/3240/276 3416/3238/276
f 3413/3235/276 3414/3237/276 3418/3241/276 3417/3240/276
f 3419/3242/276 3420/3243/276 3424/3244/276 3423/3245/276
f 3420/3243/276 3421/3246/276 3425/3247/276 3424/3244/276
f 3421/3246/276 3422/3248/276 3426/3249/276 3425/3247/276
f 3423/3245/276 3424/3244/276 3428/3250/276 3427/3251/276
f 3424/3244/276 3425/3247/276 3429/3252/276 3428/3250/276
f 3425/3247/276 3426/3249/276 3430/3253/276 3429/3252/276
f 3431/3254/276 3432/3255/276 3436/3256/276 3435/3257/276
f 3432/3255/276 3433/3258/276 3437/3259/276 3436/3256/276
f 3433/3258/276 3434/3260/276 3438/3261/276 3437/3259/276
f 3435/3257/276 3436/3256/276 3440/3262/276 3439/3263/276
f 3436/3256/276 3437/3259/276 3441/3264/276 3440/3262/276
f 3437/3259/276 3438/3261/276 3442/3265/276 3441/3264/276
f 3443/3266/276 3444/3267/276 3448/3268/276 3447/3269/276
f 3444/3267/276 3445/3270/276 3449/3271/276 3448/3268/276
f 3445/3270/276 3446/3272/276 3450/3273/276 3449/3271/276
f 3447/3269/276 3448/3268/276 3452/3274/276 3451/3275/276
f 3448/3268/276 3449/3271/276 3453/3276/276 3452/3274/276
f 3449/3271/276 3450/3273/276 3454/3277/276 3453/3276/276
f 3455/3278/276 3456/3279/276 3460/3280/276 3459/3281/276
f 3456/3279/276 3457/3282/276 3461/3283/276 3460/3280/276
f 3457/3282/276 3458/3284/276 3462/3285/276 3461/3283/276
f 3459/3281/276 3460/3280/276 3464/3286/276 3463/3287/276
f 3460/3280/276 3461/3283/276 3465/3288/276 3464/3286/276
f 3461/3283/276 3462/3285/276 3466/3289/276 3465/3288/276
f 3467/3290/276 3468/3291/276 3472/3292/276 3471/3293/276
f 3468/3291/276 3469/3294/276 3473/3295/276 3472/3292/276
f 3469/3294/276 3470/3296/276 3474/3297/276 3473/3295/276
f 3471/3293/276 3472/3292/276 3476/3298/276 3475/3299/276
f 3472/3292/276 3473/3295/276 3477/3300/276 3476/3298/276
f 3473/3295/276 3474/3297/276 3478/3301/276 3477/3300/276
f 3479/3302/276 3480/3303/276 3484/3304/276 3483/3305/276
f 3480/3303/276 3481/3306/276 3485/3307/276 3484/3304/276
f 3481/3306/276 3482/3308/276 3486/3309/276 3485/3307/276
f 3483/3305/276 3484/3304/276 3488/3310/276 3487/3311/276
f 3484/3304/276 3485/3307/276 3489/3312/276 3488/3310/276
f 3485/3307/276 3486/3309/276 3490/3313/276 3489/3312/276
f 3491/3314/276 3492/3315/276 3496/3316/276 3495/3317/276
f 3492/3315/276 3493/3318/276 3497/3319/276 3496/3316/276
f 3493/3318/276 3494/3320/276 3498/3321/276 3497/3319/276
f 3495/3317/276 3496/3316/276 3500/3322/276 3499/3323/276
f 3496/3316/276 3497/3319/276 3501/3324/276 3500/3322/276
f 3497/3319/276 3498/3321/276 3502/3325/276 3501/3324/276
f 3503/3326/276 3504/3327/276 3508/3328/276 3507/3329/276
f 3504/3327/276 3505/3330/276 3509/3331/276 3508/3328/276
f 3505/3330/276 3506/3332/276 3510/3333/276 3509/3331/276
f 3507/3329/276 3508/3328/276 3512/3334/276 3511/3335/276
f 3508/3328/276 3509/3331/276 3513/3336/276 3512/3334/276
f 3509/3331/276 3510/3333/276 3514/3337/276 3513/3336/276
f 3515/3338/276 3516/3339/276 3520/3340/276 3519/3341/276
f 3516/3339/276 3517/3342/276 3521/3343/276 3520/3340/276
f 3517/3342/276 3518/3344/276 3522/3345/276 3521/3343/276
f 3519/3341/276 3520/3340/276 3524/3346/276 3523/3347/276
f 3520/3340/276 3521/3343/276 3525/3348/276 3524/3346/276
f 3521/3343/276 3522/3345/276 3526/3349/276 3525/3348/276
f 3527/3350/276 3528/3351/276 3532/3352/276 3531/3353/276
f 3528/3351/276 3529/3354/276 3533/3355/276 3532/3352/276
f 3529/3354/276 3530/3356/276 3534/3357/276 3533/3355/276
f 3531/3353/276 3532/3352/276 3536/3358/276 3535/3359/276
f 3532/3352/276 3533/3355/276 3537/3360/276 3536/3358/276
f 3533/3355/276 3534/3357/276 3538/3361/276 3537/3360/276
f 3539/3362/276 3540/3363/276 3544/3364/276 3543/3365/276
f 3540/3363/276 3541/3366/276 3545/3367/276 3544/3364/276
f 3541/3366/276 3542/3368/276 3546/3369/276 3545/3367/276
f 3543/3365/276 3544/3364/276 3548/3370/276 3547/3371/276
f 3544/3364/276 3545/3367/276 3549/3372/276 3548/3370/276
f 3545/3367/276 3546/3369/276 3550/3373/276 3549/3372/276
f 3551/3374/276 3552/3375/276 3556/3376/276 3555/3377/276
f 3552/3375/276 3553/3378/276 3557/3379/276 3556/3376/276
f 3553/3378/276 3554/3380/276 3558/3381/276 3557/3379/276
f 3555/3377/276 3556/3376/276 3560/3382/276 3559/3383/276
f 3556/3376/276 3557/3379/276 3561/3384/276 3560/3382/276
f 3557/3379/276 3558/3381/276 3562/3385/276 3561/3384/276
f 3563/3386/276 3564/3387/276 3568/3388/276 3567/3389/276
f 3564/3387/276 3565/3390/276 3569/3391/276 3568/3388/276
f 3565/3390/276 3566/3392/276 3570/3393/276 3569/3391/276
f 3567/3389/276 3568/3388/276 3572/3394/276 3571/3395/276
f 3568/3388/276 3569/3391/276 3573/3396/276 3572/3394/276
f 3569/3391/276 3570/3393/276 3574/3397/276 3573/3396/276
f 3575/3398/276 3576/3399/276 3580/3400/276 3579/3401/276
f 3576/3399/276 3577/3402/276 3581/3403/276 3580/3400/276
f 3577/3402/276 3578/3404/276 3582/3405/276 3581/3403/276
f 3579/3401/276 3580/3400/276 3584/3406/276 3583/3407/276
f 3580/3400/276 3581/3403/276 3585/3408/276 3584/3406/276
f 3581/3403/276 3582/3405/276 3586/3409/276 3585/3408/276
f 3223/3047/276 3224/3046/276 3210/3410/276 3206/3411/276
f 3224/3046/276 3225/3048/276 3214/3037/276 3210/3410/276
f 3235/3059/276 3236/3058/276 3222/3412/276 3218/3413/276
f 3236/3058/276 3237/3060/276 3226/3049/276 3222/3412/276
f 3247/3071/276 3248/3070/276 3234/3414/276 3230/3415/276
f 3248/3070/276 3249/3072/276 3238/3061/276 3234/3414/276
f 3259/3083/276 3260/3082/276 3246/3069/276 3242/3416/276
f 3260/3082/276 3261/3084/276 3250/3073/276 3246/3069/276
f 3271/3095/276 3272/3094/276 3258/3417/276 3254/3418/276
f 3272/3094/276 3273/3096/276 3262/3085/276 3258/3417/276
f 3283/3107/276 3284/3106/276 3270/3093/276 3266/3419/276
f 3284/3106/276 3285/3108/276 3274/3097/276 3270/3093/276
f 3295/3119/276 3296/3118/276 3282/3420/276 3278/3421/276
f 3296/3118/276 3297/3120/276 3286/3109/276 3282/3420/276
f 3307/3131/276 3308/3130/276 3294/3422/276 3290/3423/276
f 3308/3130/276 3309/3132/276 3298/3121/276 3294/3422/276
f 3319/3143/276 3320/3142/276 3306/3424/276 3302/3425/276
f 3320/3142/276 3321/3144/276 3310/3133/276 3306/3424/276
f 3331/3155/276 3332/3154/276 3318/3426/276 3314/3427/276
f 3332/3154/276 3333/3156/276 3322/3145/276 3318/3426/276
f 3343/3167/276 3344/3166/276 3330/3153/276 3326/3428/276
f 3344/3166/276 3345/3168/276 3334/3157/276 3330/3153/276
f 3355/3179/276 3356/3178/276 3342/3165/276 3338/3429/276
f 3356/3178/276 3357/3180/276 3346/3169/276 3342/3165/276
f 3367/3191/276 3368/3190/276 3354/3177/276 3350/3430/276
f 3368/3190/276 3369/3192/276 3358/3181/276 3354/3177/276
f 3379/3203/276 3380/3202/276 3366/3189/276 3362/3431/276
f 3380/3202/276 3381/3204/276 3370/3193/276 3366/3189/276
f 3391/3215/276 3392/3214/276 3378/3432/276 3374/3433/276
f 3392/3214/276 3393/3216/276 3382/3205/276 3378/3432/276
f 3403/3227/276 3404/3226/276 3390/3213/276 3386/3434/276
f 3404/3226/276 3405/3228/276 3394/3217/276 3390/3213/276
f 3415/3239/276 3416/3238/276 3402/3225/276 3398/3435/276
f 3416/3238/276 3417/3240/276 3406/3229/276 3402/3225/276
f 3427/3251/276 3428/3250/276 3414/3436/276 3410/3437/276
f 3428/3250/276 3429/3252/276 3418/3241/276 3414/3436/276
f 3439/3263/276 3440/3262/276 3426/3438/276 3422/3439/276
f 3440/3262/276 3441/3264/276 3430/3253/276 3426/3438/276
f 3451/3275/276 3452/3274/276 3438/3440/276 3434/3441/276
f 3452/3274/276 3453/3276/276 3442/3265/276 3438/3440/276
f 3463/3287/276 3464/3286/276 3450/3442/276 3446/3443/276
f 3464/3286/276 3465/3288/276 3454/3277/276 3450/3442/276
f 3475/3299/276 3476/3298/276 3462/3444/276 3458/3445/276
f 3476/3298/276 3477/3300/276 3466/3289/276 3462/3444/276
f 3487/3311/276 3488/3310/276 3474/3297/276 3470/3446/276
f 3488/3310/276 3489/3312/276 3478/3301/276 3474/3297/276
f 3499/3323/276 3500/3322/276 3486/3309/276 3482/3447/276
f 3500/3322/276 3501/3324/276 3490/3313/276 3486/3309/276
f 3511/3335/276 3512/3334/276 3498/3321/276 3494/3448/276
f 3512/3334/276 3513/3336/276 3502/3325/276 3498/3321/276
f 3523/3347/276 3524/3346/276 3510/3449/276 3506/3450/276
f 3524/3346/276 3525/3348/276 3514/3337/276 3510/3449/276
f 3535/3359/276 3536/3358/276 3522/3451/276 3518/3344/276
f 3536/3358/276 3537/3360/276 3526/3349/276 3522/3451/276
f 3547/3371/276 3548/3370/276 3534/3452/276 3530/3453/276
f 3548/3370/276 3549/3372/276 3538/3361/276 3534/3452/276
f 3559/3383/276 3560/3382/276 3546/3369/276 3542/3368/276
f 3560/3382/276 3561/3384/276 3550/3373/276 3546/3369/276
f 3571/3395/276 3572/3394/276 3558/3454/276 3554/3455/276
f 3572/3394/276 3573/3396/276 3562/3385/276 3558/3454/276
f 3583/3407/276 3584/3406/276 3570/3393/276 3566/3456/276
f 3584/3406/276 3585/3408/276 3574/3397/276 3570/3393/276
f 3211/3035/276 3212/3034/276 3582/3405/276 3578/3457/276
f 3212/3034/276 3213/3036/276 3586/3409/276 3582/3405/276
f 3213/3036/276 3214/3037/276 3202/3458/276 3586/3409/276
f 3225/3048/276 3226/3049/276 3202/3458/276 3214/3037/276
f 3237/3060/276 3238/3061/276 3202/3458/276 3226/3049/276
f 3249/3072/276 3250/3073/276 3202/3458/276 3238/3061/276
f 3261/3084/276 3262/3085/276 3202/3458/276 3250/3073/276
f 3273/3096/276 3274/3097/276 3202/3458/276 3262/3085/276
f 3285/3108/276 3286/3109/276 3202/3458/276 3274/3097/276
f 3297/3120/276 3298/3121/276 3202/3458/276 3286/3109/276
f 3309/3132/276 3310/3133/276 3202/3458/276 3298/3121/276
f 3321/3144/276 3322/3145/276 3202/3458/276 3310/3133/276
f 3333/3156/276 3334/3157/276 3202/3458/276 3322/3145/276
f 3345/3168/276 3346/3169/276 3202/3458/276 3334/3157/276
f 3357/3180/276 3358/3181/276 3202/3458/276 3346/3169/276
f 3369/3192/276 3370/3193/276 3202/3458/276 3358/3181/276
f 3381/3204/276 3382/3205/276 3202/3458/276 3370/3193/276
f 3393/3216/276 3394/3217/276 3202/3458/276 3382/3205/276
f 3405/3228/276 3406/3229/276 3202/3458/276 3394/3217/276
f 3417/3240/276 3418/3241/276 3202/3458/276 3406/3229/276
f 3429/3252/276 3430/3253/276 3202/3458/276 3418/3241/276
f 3441/3264/276 3442/3265/276 3202/3458/276 3430/3253/276
f 3453/3276/276 3454/3277/276 3202/3458/276 3442/3265/276
f 3465/3288/276 3466/3289/276 3202/3458/276 3454/3277/276
f 3477/3300/276 3478/3301/276 3202/3458/276 3466/3289/276
f 3489/3312/276 3490/3313/276 3202/3458/276 3478/3301/276
f 3501/3324/276 3502/3325/276 3202/3458/276 3490/3313/276
f 3513/3336/276 3514/3337/276 3202/3458/276 3502/3325/276
f 3525/3348/276 3526/3349/276 3202/3458/276 3514/3337/276
f 3537/3360/276 3538/3361/276 3202/3458/276 3526/3349/276
f 3549/3372/276 3550/3373/276 3202/3458/276 3538/3361/276
f 3561/3384/276 3562/3385/276 3202/3458/276 3550/3373/276
f 3573/3396/276 3574/3397/276 3202/3458/276 3562/3385/276
f 3585/3408/276 3586/3409/276 3202/3458/276 3574/3397/276
f 1/3459/276 801/3460/276 3203/3026/276 814/3461/276
f 801/3460/276 802/3462/276 3204/3027/276 3203/3026/276
f 802/3462/276 803/3463/276 3205/3030/276 3204/3027/276
f 803/3463/276 804/3464/276 3206/3032/276 3205/3030/276
f 814/3461/276 3203/3026/276 3207/3029/276 813/3465/276
f 813/3465/276 3207/3029/276 3211/3035/276 812/3466/276
f 812/3466/276 3211/3035/276 3578/3457/276 811/3467/276
f 3/3468/276 815/3469/276 3215/3038/276 807/3470/276
f 815/3469/276 816/3471/276 3216/3039/276 3215/3038/276
f 816/3471/276 817/3472/276 3217/3042/276 3216/3039/276
f 817/3472/276 818/3473/276 3218/3044/276 3217/3042/276
f 807/3470/276 3215/3038/276 3219/3041/276 806/3474/276
f 806/3474/276 3219/3041/276 3223/3047/276 805/3475/276
f 805/3475/276 3223/3047/276 3206/3411/276 804/3476/276
f 5/3477/276 843/3478/276 3227/3050/276 821/3479/276
f 843/3478/276 844/3480/276 3228/3051/276 3227/3050/276
f 844/3480/276 845/3481/276 3229/3054/276 3228/3051/276
f 845/3481/276 846/3482/276 3230/3056/276 3229/3054/276
f 821/3479/276 3227/3050/276 3231/3053/276 820/3483/276
f 820/3483/276 3231/3053/276 3235/3059/276 819/3484/276
f 819/3484/276 3235/3059/276 3218/3413/276 818/3473/276
f 7/3485/276 857/3486/276 3239/3062/276 849/3487/276
f 857/3486/276 858/3488/276 3240/3063/276 3239/3062/276
f 858/3488/276 859/3489/276 3241/3066/276 3240/3063/276
f 859/3489/276 860/3490/276 3242/3068/276 3241/3066/276
f 849/3487/276 3239/3062/276 3243/3065/276 848/3491/276
f 848/3491/276 3243/3065/276 3247/3071/276 847/3492/276
f 847/3492/276 3247/3071/276 3230/3415/276 846/3482/276
f 9/3493/276 871/3494/276 3251/3074/276 863/3495/276
f 871/3494/276 872/3496/276 3252/3075/276 3251/3074/276
f 872/3496/276 873/3497/276 3253/3078/276 3252/3075/276
f 873/3497/276 874/3498/276 3254/3080/276 3253/3078/276
f 863/3495/276 3251/3074/276 3255/3077/276 862/3499/276
f 862/3499/276 3255/3077/276 3259/3083/276 861/3500/276
f 861/3500/276 3259/3083/276 3242/3416/276 860/3490/276
f 11/3501/276 885/3502/276 3263/3086/276 877/3503/276
f 885/3502/276 886/3504/276 3264/3087/276 3263/3086/276
f 886/3504/276 887/3505/276 3265/3090/276 3264/3087/276
f 887/3505/276 888/3506/276 3266/3092/276 3265/3090/276
f 877/3503/276 3263/3086/276 3267/3089/276 876/3507/276
f 876/3507/276 3267/3089/276 3271/3095/276 875/3508/276
f 875/3508/276 3271/3095/276 3254/3418/276 874/3509/276
f 13/3510/276 899/3511/276 3275/3098/276 891/3512/276
f 899/3511/276 900/3513/276 3276/3099/276 3275/3098/276
f 900/3513/276 901/3514/276 3277/3102/276 3276/3099/276
f 901/3514/276 902/3515/276 3278/3104/276 3277/3102/276
f 891/3512/276 3275/3098/276 3279/3101/276 890/3516/276
f 890/3516/276 3279/3101/276 3283/3107/276 889/3517/276
f 889/3517/276 3283/3107/276 3266/3419/276 888/3518/276
f 15/3519/276 913/3520/276 3287/3110/276 905/3521/276
f 913/3520/276 914/3522/276 3288/3111/276 3287/3110/276
f 914/3522/276 915/3523/276 3289/3114/276 3288/3111/276
f 915/3523/276 916/3524/276 3290/3116/276 3289/3114/276
f 905/3521/276 3287/3110/276 3291/3113/276 904/3525/276
f 904/3525/276 3291/3113/276 3295/3119/276 903/3526/276
f 903/3526/276 3295/3119/276 3278/3421/276 902/3527/276
f 17/3528/276 927/3529/276 3299/3122/276 919/3530/276
f 927/3529/276 928/3531/276 3300/3123/276 3299/3122/276
f 928/3531/276 929/3532/276 3301/3126/276 3300/3123/276
f 929/3532/276 930/3533/276 3302/3128/276 3301/3126/276
f 919/3530/276 3299/3122/276 3303/3125/276 918/3534/276
f 918/3534/276 3303/3125/276 3307/3131/276 917/3535/276
f 917/3535/276 3307/3131/276 3290/3423/276 916/3524/276
f 19/3536/276 941/3537/276 3311/3134/276 933/3538/276
f 941/3537/276 942/3539/276 3312/3135/276 3311/3134/276
f 942/3539/276 943/3540/276 3313/3138/276 3312/3135/276
f 943/3540/276 944/3541/276 3314/3140/276 3313/3138/276
f 933/3538/276 3311/3134/276 3315/3137/276 932/3542/276
f 932/3542/276 3315/3137/276 3319/3143/276 931/3543/276
f 931/3543/276 3319/3143/276 3302/3425/276 930/3533/276
f 21/3544/276 955/3545/276 3323/3146/276 947/3546/276
f 955/3545/276 956/3547/276 3324/3147/276 3323/3146/276
f 956/3547/276 957/3548/276 3325/3150/276 3324/3147/276
f 957/3548/276 958/3549/276 3326/3152/276 3325/3150/276
f 947/3546/276 3323/3146/276 3327/3149/276 946/3550/276
f 946/3550/276 3327/3149/276 3331/3155/276 945/3551/276
f 945/3551/276 3331/3155/276 3314/3427/276 944/3552/276
f 23/3553/276 969/3554/276 3335/3158/276 961/3555/276
f 969/3554/276 970/3556/276 3336/3159/276 3335/3158/276
f 970/3556/276 971/3557/276 3337/3162/276 3336/3159/276
f 971/3557/276 972/3558/276 3338/3164/276 3337/3162/276
f 961/3555/276 3335/3158/276 3339/3161/276 960/3559/276
f 960/3559/276 3339/3161/276 3343/3167/276 959/3560/276
f 959/3560/276 3343/3167/276 3326/3428/276 958/3561/276
f 25/3562/276 983/3563/276 3347/3170/276 975/3564/276
f 983/3563/276 984/3565/276 3348/3171/276 3347/3170/276
f 984/3565/276 985/3566/276 3349/3174/276 3348/3171/276
f 985/3566/276 986/3567/276 3350/3176/276 3349/3174/276
f 975/3564/276 3347/3170/276 3351/3173/276 974/3568/276
f 974/3568/276 3351/3173/276 3355/3179/276 973/3569/276
f 973/3569/276 3355/3179/276 3338/3429/276 972/3558/276
f 27/3570/276 997/3571/276 3359/3182/276 989/3572/276
f 997/3571/276 998/3573/276 3360/3183/276 3359/3182/276
f 998/3573/276 999/3574/276 3361/3186/276 3360/3183/276
f 999/3574/276 1000/3575/276 3362/3188/276 3361/3186/276
f 989/3572/276 3359/3182/276 3363/3185/276 988/3576/276
f 988/3576/276 3363/3185/276 3367/3191/276 987/3577/276
f 987/3577/276 3367/3191/276 3350/3430/276 986/3567/276
f 29/3578/276 1011/3579/276 3371/3194/276 1003/3580/276
f 1011/3579/276 1012/3581/276 3372/3195/276 3371/3194/276
f 1012/3581/276 1013/3582/276 3373/3198/276 3372/3195/276
f 1013/3582/276 1014/3583/276 3374/3200/276 3373/3198/276
f 1003/3580/276 3371/3194/276 3375/3197/276 1002/3584/276
f 1002/3584/276 3375/3197/276 3379/3203/276 1001/3585/276
f 1001/3585/276 3379/3203/276 3362/3431/276 1000/3575/276
f 31/3586/276 1025/3587/276 3383/3206/276 1017/3588/276
f 1025/3587/276 1026/3589/276 3384/3207/276 3383/3206/276
f 1026/3589/276 1027/3590/276 3385/3210/276 3384/3207/276
f 1027/3590/276 1028/3591/276 3386/3212/276 3385/3210/276
f 1017/3588/276 3383/3206/276 3387/3209/276 1016/3592/276
f 1016/3592/276 3387/3209/276 3391/3215/276 1015/3593/276
f 1015/3593/276 3391/3215/276 3374/3433/276 1014/3583/276
f 33/3594/276 1039/3595/276 3395/3218/276 1031/3596/276
f 1039/3595/276 1040/3597/276 3396/3219/276 3395/3218/276
f 1040/3597/276 1041/3598/276 3397/3222/276 3396/3219/276
f 1041/3598/276 1042/3599/276 3398/3224/276 3397/3222/276
f 1031/3596/276 3395/3218/276 3399/3221/276 1030/3600/276
f 1030/3600/276 3399/3221/276 3403/3227/276 1029/3601/276
f 1029/3601/276 3403/3227/276 3386/3434/276 1028/3602/276
f 35/3603/276 1053/3604/276 3407/3230/276 1045/3605/276
f 1053/3604/276 1054/3606/276 3408/3231/276 3407/3230/276
f 1054/3606/276 1055/3607/276 3409/3234/276 3408/3231/276
f 1055/3607/276 1056/3608/276 3410/3236/276 3409/3234/276
f 1045/3605/276 3407/3230/276 3411/3233/276 1044/3609/276
f 1044/3609/276 3411/3233/276 3415/3239/276 1043/3610/276
f 1043/3610/276 3415/3239/276 3398/3435/276 1042/3611/276
f 37/3612/276 1067/3613/276 3419/3242/276 1059/3614/276
f 1067/3613/276 1068/3615/276 3420/3243/276 3419/3242/276
f 1068/3615/276 1069/3616/276 3421/3246/276 3420/3243/276
f 1069/3616/276 1070/3617/276 3422/3248/276 3421/3246/276
f 1059/3614/276 3419/3242/276 3423/3245/276 1058/3618/276
f 1058/3618/276 3423/3245/276 3427/3251/276 1057/3619/276
f 1057/3619/276 3427/3251/276 3410/3437/276 1056/3608/276
f 39/3620/276 1081/3621/276 3431/3254/276 1073/3622/276
f 1081/3621/276 1082/3623/276 3432/3255/276 3431/3254/276
f 1082/3623/276 1083/3624/276 3433/3258/276 3432/3255/276
f 1083/3624/276 1084/3625/276 3434/3260/276 3433/3258/276
f 1073/3622/276 3431/3254/276 3435/3257/276 1072/3626/276
f 1072/3626/276 3435/3257/276 3439/3263/276 1071/3627/276
f 1071/3627/276 3439/3263/276 3422/3439/276 1070/3617/276
f 41/3628/276 1095/3629/276 3443/3266/276 1087/3630/276
f 1095/3629/276 1096/3631/276 3444/3267/276 3443/3266/276
f 1096/3631/276 1097/3632/276 3445/3270/276 3444/3267/276
f 1097/3632/276 1098/3633/276 3446/3272/276 3445/3270/276
f 1087/3630/276 3443/3266/276 3447/3269/276 1086/3634/276
f 1086/3634/276 3447/3269/276 3451/3275/276 1085/3635/276
f 1085/3635/276 3451/3275/276 3434/3441/276 1084/3636/276
f 43/3637/276 1109/3638/276 3455/3278/276 1101/3639/276
f 1109/3638/276 1110/3640/276 3456/3279/276 3455/3278/276
f 1110/3640/276 1111/3641/276 3457/3282/276 3456/3279/276
f 1111/3641/276 1112/3642/276 3458/3284/276 3457/3282/276
f 1101/3639/276 3455/3278/276 3459/3281/276 1100/3643/276
f 1100/3643/276 3459/3281/276 3463/3287/276 1099/3644/276
f 1099/3644/276 3463/3287/276 3446/3443/276 1098/3633/276
f 45/3645/276 1123/3646/276 3467/3290/276 1115/3647/276
f 1123/3646/276 1124/3648/276 3468/3291/276 3467/3290/276
f 1124/3648/276 1125/3649/276 3469/3294/276 3468/3291/276
f 1125/3649/276 1126/3650/276 3470/3296/276 3469/3294/276
f 1115/3647/276 3467/3290/276 3471/3293/276 1114/3651/276
f 1114/3651/276 3471/3293/276 3475/3299/276 1113/3652/276
f 1113/3652/276 3475/3299/276 3458/3445/276 1112/3653/276
f 47/3654/276 1137/3655/276 3479/3302/276 1129/3656/276
f 1137/3655/276 1138/3657/276 3480/3303/276 3479/3302/276
f 1138/3657/276 1139/3658/276 3481/3306/276 3480/3303/276
f 1139/3658/276 1140/3659/276 3482/3308/276 3481/3306/276
f 1129/3656/276 3479/3302/276 3483/3305/276 1128/3660/276
f 1128/3660/276 3483/3305/276 3487/3311/276 1127/3661/276
f 1127/3661/276 3487/3311/276 3470/3446/276 1126/3662/276
f 49/3663/276 1151/3664/276 3491/3314/276 1143/3665/276
f 1151/3664/276 1152/3666/276 3492/3315/276 3491/3314/276
f 1152/3666/276 1153/3667/276 3493/3318/276 3492/3315/276
f 1153/3667/276 1154/3668/276 3494/3320/276 3493/3318/276
f 1143/3665/276 3491/3314/276 3495/3317/276 1142/3669/276
f 1142/3669/276 3495/3317/276 3499/3323/276 1141/3670/276
f 1141/3670/276 3499/3323/276 3482/3447/276 1140/3659/276
f 51/3671/276 1165/3672/276 3503/3326/276 1157/3673/276
f 1165/3672/276 1166/3674/276 3504/3327/276 3503/3326/276
f 1166/3674/276 1167/3675/276 3505/3330/276 3504/3327/276
f 1167/3675/276 1168/3676/276 3506/3332/276 3505/3330/276
f 1157/3673/276 3503/3326/276 3507/3329/276 1156/3677/276
f 1156/3677/276 3507/3329/276 3511/3335/276 1155/3678/276
f 1155/3678/276 3511/3335/276 3494/3448/276 1154/3668/276
f 53/3679/276 1179/3680/276 3515/3338/276 1171/3681/276
f 1179/3680/276 1180/3682/276 3516/3339/276 3515/3338/276
f 1180/3682/276 1181/3683/276 3517/3342/276 3516/3339/276
f 1181/3683/276 1182/3684/276 3518/3344/276 3517/3342/276
f 1171/3681/276 3515/3338/276 3519/3341/276 1170/3685/276
f 1170/3685/276 3519/3341/276 3523/3347/276 1169/3686/276
f 1169/3686/276 3523/3347/276 3506/3450/276 1168/3687/276
f 55/3688/276 1193/3689/276 3527/3350/276 1185/3690/276
f 1193/3689/276 1194/3691/276 3528/3351/276 3527/3350/276
f 1194/3691/276 1195/3692/276 3529/3354/276 3528/3351/276
f 1195/3692/276 1196/3693/276 3530/3356/276 3529/3354/276
f 1185/3690/276 3527/3350/276 3531/3353/276 1184/3694/276
f 1184/3694/276 3531/3353/276 3535/3359/276 1183/3695/276
f 1183/3695/276 3535/3359/276 3518/3344/276 1182/3696/276
f 57/3697/276 1207/3698/276 3539/3362/276 1199/3699/276
f 1207/3698/276 1208/3700/276 3540/3363/276 3539/3362/276
f 1208/3700/276 1209/3701/276 3541/3366/276 3540/3363/276
f 1209/3701/276 1210/3702/276 3542/3368/276 3541/3366/276
f 1199/3699/276 3539/3362/276 3543/3365/276 1198/3703/276
f 1198/3703/276 3543/3365/276 3547/3371/276 1197/3704/276
f 1197/3704/276 3547/3371/276 3530/3453/276 1196/3705/276
f 59/3706/276 1221/3707/276 3551/3374/276 1213/3708/276
f 1221/3707/276 1222/3709/276 3552/3375/276 3551/3374/276
f 1222/3709/276 1223/3710/276 3553/3378/276 3552/3375/276
f 1223/3710/276 1224/3711/276 3554/3380/276 3553/3378/276
f 1213/3708/276 3551/3374/276 3555/3377/276 1212/3712/276
f 1212/3712/276 3555/3377/276 3559/3383/276 1211/3713/276
f 1211/3713/276 3559/3383/276 3542/3368/276 1210/3714/276
f 61/3715/276 1235/3716/276 3563/3386/276 1227/3717/276
f 1235/3716/276 1236/3718/276 3564/3387/276 3563/3386/276
f 1236/3718/276 1237/3719/276 3565/3390/276 3564/3387/276
f 1237/3719/276 1238/3720/276 3566/3392/276 3565/3390/276
f 1227/3717/276 3563/3386/276 3567/3389/276 1226/3721/276
f 1226/3721/276 3567/3389/276 3571/3395/276 1225/3722/276
f 1225/3722/276 3571/3395/276 3554/3455/276 1224/3711/276
f 63/3723/276 808/3724/276 3575/3398/276 1241/3725/276
f 808/3724/276 809/3726/276 3576/3399/276 3575/3398/276
f 809/3726/276 810/3727/276 3577/3402/276 3576/3399/276
f 810/3727/276 811/3728/276 3578/3404/276 3577/3402/276
f 1241/3725/276 3575/3398/276 3579/3401/276 1240/3729/276
f 1240/3729/276 3579/3401/276 3583/3407/276 1239/3730/276
f 1239/3730/276 3583/3407/276 3566/3456/276 1238/3720/276
